2026-08-02T18:42:17.985617Z  INFO agent: accélération pointeur neutralisée rapport="seuils relus = [0, 0, 0], vitesse relue = 10 (attendu : [0, 0, 0] et 10)"
2026-08-02T18:42:17.999058Z  INFO agent::superviseur::signalisation: superviseur enregistré sur la session de contrôle session="bureau"
2026-08-02T18:42:18.001198Z  INFO agent::capture::enumeration: adaptateur DXGI sans sortie adaptateur=NVIDIA GeForce RTX 4070 index_adaptateur=1
2026-08-02T18:42:18.001231Z  INFO agent::capture::enumeration: adaptateur DXGI sans sortie adaptateur=Microsoft Basic Render Driver index_adaptateur=2
2026-08-02T18:42:18.001247Z  INFO agent::diagnostics::multifenetre::montee: topologie relevée moment="avant purge" nombre=3 attachees=3
2026-08-02T18:42:18.001256Z  INFO agent::diagnostics::multifenetre::montee: sortie moment="avant purge" nom=\\.\DISPLAY1 adaptateur=NVIDIA GeForce RTX 4070 index_adaptateur=0 index_sortie=0 attachee=true x=0 y=0 largeur=2400 hauteur=1080
2026-08-02T18:42:18.001260Z  INFO agent::diagnostics::multifenetre::montee: sortie moment="avant purge" nom=\\.\DISPLAY5 adaptateur=NVIDIA GeForce RTX 4070 index_adaptateur=0 index_sortie=1 attachee=true x=2400 y=0 largeur=1280 hauteur=720
2026-08-02T18:42:18.001264Z  INFO agent::diagnostics::multifenetre::montee: sortie moment="avant purge" nom=\\.\DISPLAY6 adaptateur=NVIDIA GeForce RTX 4070 index_adaptateur=0 index_sortie=2 attachee=true x=3680 y=0 largeur=1280 hauteur=720
2026-08-02T18:42:18.010561Z  INFO agent::moniteurs_virtuels::purge: sortie virtuelle retirée par la purge numero=1 guid=9C4A1F6E-2B73-4D51-9E08-677541430001
2026-08-02T18:42:18.018064Z  INFO agent::moniteurs_virtuels::purge: sortie virtuelle retirée par la purge numero=2 guid=9C4A1F6E-2B73-4D51-9E08-677541430002
2026-08-02T18:42:21.019759Z  INFO agent::capture::enumeration: adaptateur DXGI sans sortie adaptateur=NVIDIA GeForce RTX 4070 index_adaptateur=1
2026-08-02T18:42:21.019794Z  INFO agent::capture::enumeration: adaptateur DXGI sans sortie adaptateur=Microsoft Basic Render Driver index_adaptateur=2
2026-08-02T18:42:21.019803Z  INFO agent::diagnostics::multifenetre::montee: topologie relevée moment="après purge" nombre=1 attachees=1
2026-08-02T18:42:21.019821Z  INFO agent::diagnostics::multifenetre::montee: sortie moment="après purge" nom=\\.\DISPLAY1 adaptateur=NVIDIA GeForce RTX 4070 index_adaptateur=0 index_sortie=0 attachee=true x=0 y=0 largeur=2400 hauteur=1080
2026-08-02T18:42:21.019830Z  INFO agent::moniteurs_virtuels::purge: purge terminée retirees=2 avant=3 apres=1
2026-08-02T18:42:21.023663Z  INFO agent::superviseur::lanceur: capteur lancé pid=29644
2026-08-02T18:42:21.029612Z  INFO agent: accélération pointeur neutralisée rapport="seuils relus = [0, 0, 0], vitesse relue = 10 (attendu : [0, 0, 0] et 10)"
2026-08-02T18:42:21.029649Z  INFO agent::capteur: capteur démarré tube="\\\\.\\pipe\\agent-capteur"
2026-08-02T18:42:25.050710Z  INFO agent::capture::enumeration: adaptateur DXGI sans sortie adaptateur=NVIDIA GeForce RTX 4070 index_adaptateur=1
2026-08-02T18:42:25.050741Z  INFO agent::capture::enumeration: adaptateur DXGI sans sortie adaptateur=Microsoft Basic Render Driver index_adaptateur=2
2026-08-02T18:42:25.050747Z  INFO agent::diagnostics::multifenetre::montee: topologie relevée moment="avant création de sortie" nombre=1 attachees=1
2026-08-02T18:42:25.050750Z  INFO agent::diagnostics::multifenetre::montee: sortie moment="avant création de sortie" nom=\\.\DISPLAY1 adaptateur=NVIDIA GeForce RTX 4070 index_adaptateur=0 index_sortie=0 attachee=true x=0 y=0 largeur=2400 hauteur=1080
2026-08-02T18:42:25.051085Z  INFO agent::moniteurs_virtuels::pilote: sortie virtuelle créée id=257 adaptateur_bas=62534 adaptateur_haut=0 guid=9C4A1F6E-2B73-4D51-9E08-677541430001 largeur=1280 hauteur=720 hertz=60
2026-08-02T18:42:25.177831Z  INFO agent::superviseur::enfants: enfant lancé session=w-2 pid=28616 sortie=\\.\DISPLAY5 audio=false
2026-08-02T18:42:25.185142Z  INFO agent: accélération pointeur neutralisée rapport="seuils relus = [0, 0, 0], vitesse relue = 10 (attendu : [0, 0, 0] et 10)"
2026-08-02T18:42:25.185207Z  INFO agent::demarrage::source: source distante servie par le capteur (mode multi-fenêtres) nom_sortie=\\.\DISPLAY5 bitrate=12000000 fps=90
2026-08-02T18:42:25.185415Z  WARN agent::capteur::serveur: DIAGNOSTIC : fil lecteur de commandes NON lancé
2026-08-02T18:42:25.189968Z  INFO agent::capture::ouverture: sortie retenue pour la duplication adaptateur=NVIDIA GeForce RTX 4070 index_adaptateur=0 index_sortie=1 nom_sortie=\\.\DISPLAY5 attachee=true
2026-08-02T18:42:25.273278Z  INFO agent::capture::ouverture: protection multi-fils activée sur le contexte immédiat D3D11 protection_precedente=false
2026-08-02T18:42:25.273825Z  INFO agent::capture: duplication de sortie établie desktop_width=1280 desktop_height=720
2026-08-02T18:42:25.274813Z  INFO agent::encode: encodeur matériel retenu encodeur=NVIDIA H.264 Encoder MFT
2026-08-02T18:42:25.345458Z  INFO agent::encode::arret: file de travail sérialisée imposée mft="encodeur" file=327681
2026-08-02T18:42:25.350447Z  INFO agent::encode: convertisseur BGRA→NV12 (Video Processor MFT) configuré converter_provides_samples=true
2026-08-02T18:42:25.350820Z  INFO agent::capteur::fenetre: fenêtre attachée au capteur session=w-2 sortie=\\.\DISPLAY5 largeur=1280 hauteur=720
2026-08-02T18:42:25.350844Z  INFO agent::capteur::fenetre: l'enfant a fermé le canal session=w-2 images=0
2026-08-02T18:42:25.350854Z  INFO agent::capteur::tube: attaché au capteur session=w-2 sortie=\\.\DISPLAY5 largeur=1280 hauteur=720
2026-08-02T18:42:25.350933Z  INFO agent::encode::arret: IMFShutdown::Shutdown : avant mft="encodeur"
2026-08-02T18:42:25.351504Z  INFO agent::encode::arret: IMFShutdown::Shutdown : après mft="encodeur"
2026-08-02T18:42:25.354716Z  INFO agent::signaling: agent enregistré auprès du signaling session="w-2"
2026-08-02T18:42:25.354796Z  INFO agent::transport: socket UDP de l'agent addr=192.168.3.2:64729
2026-08-02T18:42:25.355603Z  INFO agent::signaling: configuration TURN reçue serveur=192.168.3.1:3478
2026-08-02T18:42:25.388172Z  INFO agent::demarrage: son désactivé sur cet enfant : une seule fenêtre le porte
2026-08-02T18:42:28.082128Z  INFO agent::demarrage: offre reçue
2026-08-02T18:42:28.087992Z  WARN agent::demarrage: allocation TURN impossible : la session continue sans relais erreur=réception pendant l'allocation TURN
2026-08-02T18:42:28.090080Z  INFO agent::demarrage: réponse envoyée
2026-08-02T18:42:28.090379Z  INFO agent::transport::evenements: état ICE state=Checking écoulé=2.7060763s
2026-08-02T18:42:28.102831Z  INFO agent::transport::evenements: état ICE state=Connected écoulé=2.718526s
2026-08-02T18:42:28.111835Z  INFO agent::transport::evenements: piste négociée mid=Mid(0) kind=Video
2026-08-02T18:42:28.111865Z  INFO agent::transport::evenements: piste négociée mid=Mid(1) kind=Audio
2026-08-02T18:42:28.112220Z  WARN agent::capteur::serveur: DIAGNOSTIC : fil lecteur de commandes NON lancé
2026-08-02T18:42:28.112574Z  INFO agent::capture::ouverture: sortie retenue pour la duplication adaptateur=NVIDIA GeForce RTX 4070 index_adaptateur=0 index_sortie=1 nom_sortie=\\.\DISPLAY5 attachee=true
2026-08-02T18:42:28.181062Z  INFO agent::capture::ouverture: protection multi-fils activée sur le contexte immédiat D3D11 protection_precedente=false
2026-08-02T18:42:28.181322Z  INFO agent::capture: duplication de sortie établie desktop_width=1280 desktop_height=720
2026-08-02T18:42:28.181864Z  INFO agent::encode: encodeur matériel retenu encodeur=NVIDIA H.264 Encoder MFT
2026-08-02T18:42:28.233288Z  INFO agent::encode::arret: file de travail sérialisée imposée mft="encodeur" file=327685
2026-08-02T18:42:28.233506Z  INFO agent::encode: convertisseur BGRA→NV12 (Video Processor MFT) configuré converter_provides_samples=true
2026-08-02T18:42:28.233758Z  INFO agent::capteur::fenetre: fenêtre attachée au capteur session=w-2 sortie=\\.\DISPLAY5 largeur=1280 hauteur=720
2026-08-02T18:42:28.233767Z  INFO agent::capteur::fenetre: l'enfant a fermé le canal session=w-2 images=0
2026-08-02T18:42:28.233775Z  INFO agent::capteur::tube: attaché au capteur session=w-2 sortie=\\.\DISPLAY5 largeur=1280 hauteur=720
2026-08-02T18:42:28.233817Z  INFO agent::encode::arret: IMFShutdown::Shutdown : avant mft="encodeur"
2026-08-02T18:42:28.233827Z  INFO agent::capteur::distante: canal rattaché au capteur largeur=1280 hauteur=720
2026-08-02T18:42:28.234321Z  INFO agent::encode::arret: IMFShutdown::Shutdown : après mft="encodeur"
2026-08-02T18:42:28.237070Z  INFO agent::transport::evenements: canal de données ouvert label=input
2026-08-02T18:42:28.237113Z  INFO agent::transport::evenements: canal de données ouvert label=control
2026-08-02T18:42:28.255059Z  WARN agent::capteur::serveur: DIAGNOSTIC : fil lecteur de commandes NON lancé
2026-08-02T18:42:28.255378Z  INFO agent::capture::ouverture: sortie retenue pour la duplication adaptateur=NVIDIA GeForce RTX 4070 index_adaptateur=0 index_sortie=1 nom_sortie=\\.\DISPLAY5 attachee=true
2026-08-02T18:42:28.318823Z  INFO agent::capture::ouverture: protection multi-fils activée sur le contexte immédiat D3D11 protection_precedente=false
2026-08-02T18:42:28.319091Z  INFO agent::capture: duplication de sortie établie desktop_width=1280 desktop_height=720
2026-08-02T18:42:28.319131Z  INFO agent::encode: encodeur matériel retenu encodeur=NVIDIA H.264 Encoder MFT
2026-08-02T18:42:28.369543Z  INFO agent::encode::arret: file de travail sérialisée imposée mft="encodeur" file=327688
2026-08-02T18:42:28.369768Z  INFO agent::encode: convertisseur BGRA→NV12 (Video Processor MFT) configuré converter_provides_samples=true
2026-08-02T18:42:28.370037Z  INFO agent::capteur::fenetre: fenêtre attachée au capteur session=w-2 sortie=\\.\DISPLAY5 largeur=1280 hauteur=720
2026-08-02T18:42:28.370047Z  INFO agent::capteur::fenetre: l'enfant a fermé le canal session=w-2 images=0
2026-08-02T18:42:28.370052Z  INFO agent::capteur::tube: attaché au capteur session=w-2 sortie=\\.\DISPLAY5 largeur=1280 hauteur=720
2026-08-02T18:42:28.370094Z  INFO agent::encode::arret: IMFShutdown::Shutdown : avant mft="encodeur"
2026-08-02T18:42:28.370109Z  INFO agent::capteur::distante: canal rattaché au capteur largeur=1280 hauteur=720
2026-08-02T18:42:28.370602Z  INFO agent::encode::arret: IMFShutdown::Shutdown : après mft="encodeur"
2026-08-02T18:42:28.373291Z  WARN agent::transport::socket: échec de réception UDP transitoire, ignoré erreur=Une connexion existante a dû être fermée par l’hôte distant. (os error 10054) consecutives=1 backoff_ms=2
2026-08-02T18:42:28.382450Z  WARN agent::transport::socket: échec de réception UDP transitoire, ignoré erreur=Une connexion existante a dû être fermée par l’hôte distant. (os error 10054) consecutives=1 backoff_ms=2
2026-08-02T18:42:28.390453Z  WARN agent::capteur::serveur: DIAGNOSTIC : fil lecteur de commandes NON lancé
2026-08-02T18:42:28.390797Z  INFO agent::capture::ouverture: sortie retenue pour la duplication adaptateur=NVIDIA GeForce RTX 4070 index_adaptateur=0 index_sortie=1 nom_sortie=\\.\DISPLAY5 attachee=true
2026-08-02T18:42:28.453671Z  INFO agent::capture::ouverture: protection multi-fils activée sur le contexte immédiat D3D11 protection_precedente=false
2026-08-02T18:42:28.453910Z  INFO agent::capture: duplication de sortie établie desktop_width=1280 desktop_height=720
2026-08-02T18:42:28.453948Z  INFO agent::encode: encodeur matériel retenu encodeur=NVIDIA H.264 Encoder MFT
2026-08-02T18:42:28.504184Z  INFO agent::encode::arret: file de travail sérialisée imposée mft="encodeur" file=327691
2026-08-02T18:42:28.504394Z  INFO agent::encode: convertisseur BGRA→NV12 (Video Processor MFT) configuré converter_provides_samples=true
2026-08-02T18:42:28.504724Z  INFO agent::capteur::fenetre: fenêtre attachée au capteur session=w-2 sortie=\\.\DISPLAY5 largeur=1280 hauteur=720
2026-08-02T18:42:28.504735Z  INFO agent::capteur::fenetre: l'enfant a fermé le canal session=w-2 images=0
2026-08-02T18:42:28.504738Z  INFO agent::capteur::tube: attaché au capteur session=w-2 sortie=\\.\DISPLAY5 largeur=1280 hauteur=720
2026-08-02T18:42:28.504786Z  INFO agent::encode::arret: IMFShutdown::Shutdown : avant mft="encodeur"
2026-08-02T18:42:28.504796Z  INFO agent::capteur::distante: canal rattaché au capteur largeur=1280 hauteur=720
2026-08-02T18:42:28.504883Z  INFO agent::demarrage: contrôle reçu Resize { version: 3, width: 1280, height: 720 }
2026-08-02T18:42:28.505291Z  INFO agent::encode::arret: IMFShutdown::Shutdown : après mft="encodeur"
2026-08-02T18:42:28.520557Z  WARN agent::transport::redimensionnement: échec du redimensionnement, ignoré erreur=Le canal de communication est sur le point d’être fermé. (os error 232) width=1280 height=720
2026-08-02T18:42:28.520884Z  WARN agent::capteur::serveur: DIAGNOSTIC : fil lecteur de commandes NON lancé
2026-08-02T18:42:28.521186Z  INFO agent::capture::ouverture: sortie retenue pour la duplication adaptateur=NVIDIA GeForce RTX 4070 index_adaptateur=0 index_sortie=1 nom_sortie=\\.\DISPLAY5 attachee=true
2026-08-02T18:42:28.582486Z  INFO agent::capture::ouverture: protection multi-fils activée sur le contexte immédiat D3D11 protection_precedente=false
2026-08-02T18:42:28.582728Z  INFO agent::capture: duplication de sortie établie desktop_width=1280 desktop_height=720
2026-08-02T18:42:28.582767Z  INFO agent::encode: encodeur matériel retenu encodeur=NVIDIA H.264 Encoder MFT
2026-08-02T18:42:28.631366Z  INFO agent::encode::arret: file de travail sérialisée imposée mft="encodeur" file=327694
2026-08-02T18:42:28.631569Z  INFO agent::encode: convertisseur BGRA→NV12 (Video Processor MFT) configuré converter_provides_samples=true
2026-08-02T18:42:28.631861Z  INFO agent::capteur::fenetre: fenêtre attachée au capteur session=w-2 sortie=\\.\DISPLAY5 largeur=1280 hauteur=720
2026-08-02T18:42:28.631870Z  INFO agent::capteur::fenetre: l'enfant a fermé le canal session=w-2 images=0
2026-08-02T18:42:28.631918Z  INFO agent::encode::arret: IMFShutdown::Shutdown : avant mft="encodeur"
2026-08-02T18:42:28.631914Z  INFO agent::capteur::tube: attaché au capteur session=w-2 sortie=\\.\DISPLAY5 largeur=1280 hauteur=720
2026-08-02T18:42:28.631961Z  INFO agent::capteur::distante: canal rattaché au capteur largeur=1280 hauteur=720
2026-08-02T18:42:28.632447Z  INFO agent::encode::arret: IMFShutdown::Shutdown : après mft="encodeur"
2026-08-02T18:42:28.653114Z  WARN agent::capteur::serveur: DIAGNOSTIC : fil lecteur de commandes NON lancé
2026-08-02T18:42:28.653443Z  INFO agent::capture::ouverture: sortie retenue pour la duplication adaptateur=NVIDIA GeForce RTX 4070 index_adaptateur=0 index_sortie=1 nom_sortie=\\.\DISPLAY5 attachee=true
2026-08-02T18:42:28.717201Z  INFO agent::capture::ouverture: protection multi-fils activée sur le contexte immédiat D3D11 protection_precedente=false
2026-08-02T18:42:28.717447Z  INFO agent::capture: duplication de sortie établie desktop_width=1280 desktop_height=720
2026-08-02T18:42:28.717486Z  INFO agent::encode: encodeur matériel retenu encodeur=NVIDIA H.264 Encoder MFT
2026-08-02T18:42:28.765723Z  INFO agent::encode::arret: file de travail sérialisée imposée mft="encodeur" file=327697
2026-08-02T18:42:28.765925Z  INFO agent::encode: convertisseur BGRA→NV12 (Video Processor MFT) configuré converter_provides_samples=true
2026-08-02T18:42:28.766243Z  INFO agent::capteur::fenetre: fenêtre attachée au capteur session=w-2 sortie=\\.\DISPLAY5 largeur=1280 hauteur=720
2026-08-02T18:42:28.766255Z  INFO agent::capteur::fenetre: l'enfant a fermé le canal session=w-2 images=0
2026-08-02T18:42:28.766265Z  INFO agent::capteur::tube: attaché au capteur session=w-2 sortie=\\.\DISPLAY5 largeur=1280 hauteur=720
2026-08-02T18:42:28.766307Z  INFO agent::encode::arret: IMFShutdown::Shutdown : avant mft="encodeur"
2026-08-02T18:42:28.766318Z  INFO agent::capteur::distante: canal rattaché au capteur largeur=1280 hauteur=720
2026-08-02T18:42:28.766812Z  INFO agent::encode::arret: IMFShutdown::Shutdown : après mft="encodeur"
2026-08-02T18:42:28.786586Z  WARN agent::capteur::serveur: DIAGNOSTIC : fil lecteur de commandes NON lancé
2026-08-02T18:42:28.786961Z  INFO agent::capture::ouverture: sortie retenue pour la duplication adaptateur=NVIDIA GeForce RTX 4070 index_adaptateur=0 index_sortie=1 nom_sortie=\\.\DISPLAY5 attachee=true
2026-08-02T18:42:28.853422Z  INFO agent::capture::ouverture: protection multi-fils activée sur le contexte immédiat D3D11 protection_precedente=false
2026-08-02T18:42:28.853647Z  INFO agent::capture: duplication de sortie établie desktop_width=1280 desktop_height=720
2026-08-02T18:42:28.853682Z  INFO agent::encode: encodeur matériel retenu encodeur=NVIDIA H.264 Encoder MFT
2026-08-02T18:42:28.900746Z  INFO agent::encode::arret: file de travail sérialisée imposée mft="encodeur" file=327700
2026-08-02T18:42:28.900947Z  INFO agent::encode: convertisseur BGRA→NV12 (Video Processor MFT) configuré converter_provides_samples=true
2026-08-02T18:42:28.901337Z  INFO agent::capteur::fenetre: fenêtre attachée au capteur session=w-2 sortie=\\.\DISPLAY5 largeur=1280 hauteur=720
2026-08-02T18:42:28.901348Z  INFO agent::capteur::fenetre: l'enfant a fermé le canal session=w-2 images=0
2026-08-02T18:42:28.901348Z  INFO agent::capteur::tube: attaché au capteur session=w-2 sortie=\\.\DISPLAY5 largeur=1280 hauteur=720
2026-08-02T18:42:28.901388Z  INFO agent::encode::arret: IMFShutdown::Shutdown : avant mft="encodeur"
2026-08-02T18:42:28.901397Z  INFO agent::capteur::distante: canal rattaché au capteur largeur=1280 hauteur=720
2026-08-02T18:42:28.901885Z  INFO agent::encode::arret: IMFShutdown::Shutdown : après mft="encodeur"
2026-08-02T18:42:28.904791Z  WARN agent::transport::socket: échec de réception UDP transitoire, ignoré erreur=Une connexion existante a dû être fermée par l’hôte distant. (os error 10054) consecutives=1 backoff_ms=2
2026-08-02T18:42:28.914029Z  WARN agent::transport::socket: échec de réception UDP transitoire, ignoré erreur=Une connexion existante a dû être fermée par l’hôte distant. (os error 10054) consecutives=1 backoff_ms=2
2026-08-02T18:42:28.921818Z  WARN agent::capteur::serveur: DIAGNOSTIC : fil lecteur de commandes NON lancé
2026-08-02T18:42:28.922134Z  INFO agent::capture::ouverture: sortie retenue pour la duplication adaptateur=NVIDIA GeForce RTX 4070 index_adaptateur=0 index_sortie=1 nom_sortie=\\.\DISPLAY5 attachee=true
2026-08-02T18:42:28.983763Z  INFO agent::capture::ouverture: protection multi-fils activée sur le contexte immédiat D3D11 protection_precedente=false
2026-08-02T18:42:28.983999Z  INFO agent::capture: duplication de sortie établie desktop_width=1280 desktop_height=720
2026-08-02T18:42:28.984035Z  INFO agent::encode: encodeur matériel retenu encodeur=NVIDIA H.264 Encoder MFT
2026-08-02T18:42:29.032174Z  INFO agent::encode::arret: file de travail sérialisée imposée mft="encodeur" file=327703
2026-08-02T18:42:29.032385Z  INFO agent::encode: convertisseur BGRA→NV12 (Video Processor MFT) configuré converter_provides_samples=true
2026-08-02T18:42:29.032684Z  INFO agent::capteur::fenetre: fenêtre attachée au capteur session=w-2 sortie=\\.\DISPLAY5 largeur=1280 hauteur=720
2026-08-02T18:42:29.032694Z  INFO agent::capteur::fenetre: l'enfant a fermé le canal session=w-2 images=0
2026-08-02T18:42:29.032699Z  INFO agent::capteur::tube: attaché au capteur session=w-2 sortie=\\.\DISPLAY5 largeur=1280 hauteur=720
2026-08-02T18:42:29.032742Z  INFO agent::encode::arret: IMFShutdown::Shutdown : avant mft="encodeur"
2026-08-02T18:42:29.032754Z  INFO agent::capteur::distante: canal rattaché au capteur largeur=1280 hauteur=720
2026-08-02T18:42:29.033249Z  INFO agent::encode::arret: IMFShutdown::Shutdown : après mft="encodeur"
2026-08-02T18:42:29.053138Z  WARN agent::capteur::serveur: DIAGNOSTIC : fil lecteur de commandes NON lancé
2026-08-02T18:42:29.053460Z  INFO agent::capture::ouverture: sortie retenue pour la duplication adaptateur=NVIDIA GeForce RTX 4070 index_adaptateur=0 index_sortie=1 nom_sortie=\\.\DISPLAY5 attachee=true
2026-08-02T18:42:29.115934Z  INFO agent::capture::ouverture: protection multi-fils activée sur le contexte immédiat D3D11 protection_precedente=false
2026-08-02T18:42:29.116178Z  INFO agent::capture: duplication de sortie établie desktop_width=1280 desktop_height=720
2026-08-02T18:42:29.116221Z  INFO agent::encode: encodeur matériel retenu encodeur=NVIDIA H.264 Encoder MFT
2026-08-02T18:42:29.166512Z  INFO agent::encode::arret: file de travail sérialisée imposée mft="encodeur" file=327706
2026-08-02T18:42:29.166724Z  INFO agent::encode: convertisseur BGRA→NV12 (Video Processor MFT) configuré converter_provides_samples=true
2026-08-02T18:42:29.167054Z  INFO agent::capteur::fenetre: fenêtre attachée au capteur session=w-2 sortie=\\.\DISPLAY5 largeur=1280 hauteur=720
2026-08-02T18:42:29.167066Z  INFO agent::capteur::fenetre: l'enfant a fermé le canal session=w-2 images=0
2026-08-02T18:42:29.167069Z  INFO agent::capteur::tube: attaché au capteur session=w-2 sortie=\\.\DISPLAY5 largeur=1280 hauteur=720
2026-08-02T18:42:29.167117Z  INFO agent::encode::arret: IMFShutdown::Shutdown : avant mft="encodeur"
2026-08-02T18:42:29.167120Z  INFO agent::capteur::distante: canal rattaché au capteur largeur=1280 hauteur=720
2026-08-02T18:42:29.167678Z  INFO agent::encode::arret: IMFShutdown::Shutdown : après mft="encodeur"
2026-08-02T18:42:29.187581Z  WARN agent::capteur::serveur: DIAGNOSTIC : fil lecteur de commandes NON lancé
2026-08-02T18:42:29.187992Z  INFO agent::capture::ouverture: sortie retenue pour la duplication adaptateur=NVIDIA GeForce RTX 4070 index_adaptateur=0 index_sortie=1 nom_sortie=\\.\DISPLAY5 attachee=true
2026-08-02T18:42:29.253769Z  INFO agent::capture::ouverture: protection multi-fils activée sur le contexte immédiat D3D11 protection_precedente=false
2026-08-02T18:42:29.254033Z  INFO agent::capture: duplication de sortie établie desktop_width=1280 desktop_height=720
2026-08-02T18:42:29.254071Z  INFO agent::encode: encodeur matériel retenu encodeur=NVIDIA H.264 Encoder MFT
2026-08-02T18:42:29.301665Z  INFO agent::encode::arret: file de travail sérialisée imposée mft="encodeur" file=327709
2026-08-02T18:42:29.301860Z  INFO agent::encode: convertisseur BGRA→NV12 (Video Processor MFT) configuré converter_provides_samples=true
2026-08-02T18:42:29.302155Z  INFO agent::capteur::fenetre: fenêtre attachée au capteur session=w-2 sortie=\\.\DISPLAY5 largeur=1280 hauteur=720
2026-08-02T18:42:29.302164Z  INFO agent::capteur::fenetre: l'enfant a fermé le canal session=w-2 images=0
2026-08-02T18:42:29.302188Z  INFO agent::capteur::tube: attaché au capteur session=w-2 sortie=\\.\DISPLAY5 largeur=1280 hauteur=720
2026-08-02T18:42:29.302228Z  INFO agent::encode::arret: IMFShutdown::Shutdown : avant mft="encodeur"
2026-08-02T18:42:29.302239Z  INFO agent::capteur::distante: canal rattaché au capteur largeur=1280 hauteur=720
2026-08-02T18:42:29.302713Z  INFO agent::encode::arret: IMFShutdown::Shutdown : après mft="encodeur"
2026-08-02T18:42:29.323409Z  WARN agent::capteur::serveur: DIAGNOSTIC : fil lecteur de commandes NON lancé
2026-08-02T18:42:29.323786Z  INFO agent::capture::ouverture: sortie retenue pour la duplication adaptateur=NVIDIA GeForce RTX 4070 index_adaptateur=0 index_sortie=1 nom_sortie=\\.\DISPLAY5 attachee=true
2026-08-02T18:42:29.385486Z  INFO agent::capture::ouverture: protection multi-fils activée sur le contexte immédiat D3D11 protection_precedente=false
2026-08-02T18:42:29.385731Z  INFO agent::capture: duplication de sortie établie desktop_width=1280 desktop_height=720
2026-08-02T18:42:29.385770Z  INFO agent::encode: encodeur matériel retenu encodeur=NVIDIA H.264 Encoder MFT
2026-08-02T18:42:29.434771Z  INFO agent::encode::arret: file de travail sérialisée imposée mft="encodeur" file=327712
2026-08-02T18:42:29.435002Z  INFO agent::encode: convertisseur BGRA→NV12 (Video Processor MFT) configuré converter_provides_samples=true
2026-08-02T18:42:29.435324Z  INFO agent::capteur::fenetre: fenêtre attachée au capteur session=w-2 sortie=\\.\DISPLAY5 largeur=1280 hauteur=720
2026-08-02T18:42:29.435334Z  INFO agent::capteur::fenetre: l'enfant a fermé le canal session=w-2 images=0
2026-08-02T18:42:29.435338Z  INFO agent::capteur::tube: attaché au capteur session=w-2 sortie=\\.\DISPLAY5 largeur=1280 hauteur=720
2026-08-02T18:42:29.435375Z  INFO agent::encode::arret: IMFShutdown::Shutdown : avant mft="encodeur"
2026-08-02T18:42:29.435395Z  INFO agent::capteur::distante: canal rattaché au capteur largeur=1280 hauteur=720
2026-08-02T18:42:29.435911Z  INFO agent::encode::arret: IMFShutdown::Shutdown : après mft="encodeur"
2026-08-02T18:42:29.455795Z  WARN agent::capteur::serveur: DIAGNOSTIC : fil lecteur de commandes NON lancé
2026-08-02T18:42:29.456165Z  INFO agent::capture::ouverture: sortie retenue pour la duplication adaptateur=NVIDIA GeForce RTX 4070 index_adaptateur=0 index_sortie=1 nom_sortie=\\.\DISPLAY5 attachee=true
2026-08-02T18:42:29.517640Z  INFO agent::capture::ouverture: protection multi-fils activée sur le contexte immédiat D3D11 protection_precedente=false
2026-08-02T18:42:29.517871Z  INFO agent::capture: duplication de sortie établie desktop_width=1280 desktop_height=720
2026-08-02T18:42:29.517915Z  INFO agent::encode: encodeur matériel retenu encodeur=NVIDIA H.264 Encoder MFT
2026-08-02T18:42:29.564211Z  INFO agent::encode::arret: file de travail sérialisée imposée mft="encodeur" file=327715
2026-08-02T18:42:29.564409Z  INFO agent::encode: convertisseur BGRA→NV12 (Video Processor MFT) configuré converter_provides_samples=true
2026-08-02T18:42:29.564697Z  INFO agent::capteur::fenetre: fenêtre attachée au capteur session=w-2 sortie=\\.\DISPLAY5 largeur=1280 hauteur=720
2026-08-02T18:42:29.564707Z  INFO agent::capteur::fenetre: l'enfant a fermé le canal session=w-2 images=0
2026-08-02T18:42:29.564712Z  INFO agent::capteur::tube: attaché au capteur session=w-2 sortie=\\.\DISPLAY5 largeur=1280 hauteur=720
2026-08-02T18:42:29.564754Z  INFO agent::encode::arret: IMFShutdown::Shutdown : avant mft="encodeur"
2026-08-02T18:42:29.564758Z  INFO agent::capteur::distante: canal rattaché au capteur largeur=1280 hauteur=720
2026-08-02T18:42:29.565232Z  INFO agent::encode::arret: IMFShutdown::Shutdown : après mft="encodeur"
2026-08-02T18:42:29.585700Z  WARN agent::capteur::serveur: DIAGNOSTIC : fil lecteur de commandes NON lancé
2026-08-02T18:42:29.586078Z  INFO agent::capture::ouverture: sortie retenue pour la duplication adaptateur=NVIDIA GeForce RTX 4070 index_adaptateur=0 index_sortie=1 nom_sortie=\\.\DISPLAY5 attachee=true
2026-08-02T18:42:29.647399Z  INFO agent::capture::ouverture: protection multi-fils activée sur le contexte immédiat D3D11 protection_precedente=false
2026-08-02T18:42:29.647665Z  INFO agent::capture: duplication de sortie établie desktop_width=1280 desktop_height=720
2026-08-02T18:42:29.647703Z  INFO agent::encode: encodeur matériel retenu encodeur=NVIDIA H.264 Encoder MFT
2026-08-02T18:42:29.695596Z  INFO agent::encode::arret: file de travail sérialisée imposée mft="encodeur" file=327718
2026-08-02T18:42:29.695800Z  INFO agent::encode: convertisseur BGRA→NV12 (Video Processor MFT) configuré converter_provides_samples=true
2026-08-02T18:42:29.696083Z  INFO agent::capteur::fenetre: fenêtre attachée au capteur session=w-2 sortie=\\.\DISPLAY5 largeur=1280 hauteur=720
2026-08-02T18:42:29.696093Z  INFO agent::capteur::fenetre: l'enfant a fermé le canal session=w-2 images=0
2026-08-02T18:42:29.696098Z  INFO agent::capteur::tube: attaché au capteur session=w-2 sortie=\\.\DISPLAY5 largeur=1280 hauteur=720
2026-08-02T18:42:29.696142Z  INFO agent::encode::arret: IMFShutdown::Shutdown : avant mft="encodeur"
2026-08-02T18:42:29.696147Z  INFO agent::capteur::distante: canal rattaché au capteur largeur=1280 hauteur=720
2026-08-02T18:42:29.696657Z  INFO agent::encode::arret: IMFShutdown::Shutdown : après mft="encodeur"
2026-08-02T18:42:29.716817Z  WARN agent::capteur::serveur: DIAGNOSTIC : fil lecteur de commandes NON lancé
2026-08-02T18:42:29.717289Z  INFO agent::capture::ouverture: sortie retenue pour la duplication adaptateur=NVIDIA GeForce RTX 4070 index_adaptateur=0 index_sortie=1 nom_sortie=\\.\DISPLAY5 attachee=true
2026-08-02T18:42:29.778723Z  INFO agent::capture::ouverture: protection multi-fils activée sur le contexte immédiat D3D11 protection_precedente=false
2026-08-02T18:42:29.778987Z  INFO agent::capture: duplication de sortie établie desktop_width=1280 desktop_height=720
2026-08-02T18:42:29.779025Z  INFO agent::encode: encodeur matériel retenu encodeur=NVIDIA H.264 Encoder MFT
2026-08-02T18:42:29.825686Z  INFO agent::encode::arret: file de travail sérialisée imposée mft="encodeur" file=327721
2026-08-02T18:42:29.825890Z  INFO agent::encode: convertisseur BGRA→NV12 (Video Processor MFT) configuré converter_provides_samples=true
2026-08-02T18:42:29.826195Z  INFO agent::capteur::fenetre: fenêtre attachée au capteur session=w-2 sortie=\\.\DISPLAY5 largeur=1280 hauteur=720
2026-08-02T18:42:29.826205Z  INFO agent::capteur::fenetre: l'enfant a fermé le canal session=w-2 images=0
2026-08-02T18:42:29.826209Z  INFO agent::capteur::tube: attaché au capteur session=w-2 sortie=\\.\DISPLAY5 largeur=1280 hauteur=720
2026-08-02T18:42:29.826257Z  INFO agent::encode::arret: IMFShutdown::Shutdown : avant mft="encodeur"
2026-08-02T18:42:29.826259Z  INFO agent::capteur::distante: canal rattaché au capteur largeur=1280 hauteur=720
2026-08-02T18:42:29.826785Z  INFO agent::encode::arret: IMFShutdown::Shutdown : après mft="encodeur"
2026-08-02T18:42:29.846794Z  WARN agent::capteur::serveur: DIAGNOSTIC : fil lecteur de commandes NON lancé
2026-08-02T18:42:29.847133Z  INFO agent::capture::ouverture: sortie retenue pour la duplication adaptateur=NVIDIA GeForce RTX 4070 index_adaptateur=0 index_sortie=1 nom_sortie=\\.\DISPLAY5 attachee=true
2026-08-02T18:42:29.910217Z  INFO agent::capture::ouverture: protection multi-fils activée sur le contexte immédiat D3D11 protection_precedente=false
2026-08-02T18:42:29.910463Z  INFO agent::capture: duplication de sortie établie desktop_width=1280 desktop_height=720
2026-08-02T18:42:29.910508Z  INFO agent::encode: encodeur matériel retenu encodeur=NVIDIA H.264 Encoder MFT
2026-08-02T18:42:29.958308Z  INFO agent::encode::arret: file de travail sérialisée imposée mft="encodeur" file=327724
2026-08-02T18:42:29.958522Z  INFO agent::encode: convertisseur BGRA→NV12 (Video Processor MFT) configuré converter_provides_samples=true
2026-08-02T18:42:29.958799Z  INFO agent::capteur::fenetre: fenêtre attachée au capteur session=w-2 sortie=\\.\DISPLAY5 largeur=1280 hauteur=720
2026-08-02T18:42:29.958810Z  INFO agent::capteur::fenetre: l'enfant a fermé le canal session=w-2 images=0
2026-08-02T18:42:29.958813Z  INFO agent::capteur::tube: attaché au capteur session=w-2 sortie=\\.\DISPLAY5 largeur=1280 hauteur=720
2026-08-02T18:42:29.958860Z  INFO agent::capteur::distante: canal rattaché au capteur largeur=1280 hauteur=720
2026-08-02T18:42:29.958862Z  INFO agent::encode::arret: IMFShutdown::Shutdown : avant mft="encodeur"
2026-08-02T18:42:29.959393Z  INFO agent::encode::arret: IMFShutdown::Shutdown : après mft="encodeur"
2026-08-02T18:42:29.962070Z  WARN agent::transport::socket: échec de réception UDP transitoire, ignoré erreur=Une connexion existante a dû être fermée par l’hôte distant. (os error 10054) consecutives=1 backoff_ms=2
2026-08-02T18:42:29.971257Z  WARN agent::transport::socket: échec de réception UDP transitoire, ignoré erreur=Une connexion existante a dû être fermée par l’hôte distant. (os error 10054) consecutives=1 backoff_ms=2
2026-08-02T18:42:29.980001Z  WARN agent::capteur::serveur: DIAGNOSTIC : fil lecteur de commandes NON lancé
2026-08-02T18:42:29.980334Z  INFO agent::capture::ouverture: sortie retenue pour la duplication adaptateur=NVIDIA GeForce RTX 4070 index_adaptateur=0 index_sortie=1 nom_sortie=\\.\DISPLAY5 attachee=true
2026-08-02T18:42:30.041288Z  INFO agent::capture::ouverture: protection multi-fils activée sur le contexte immédiat D3D11 protection_precedente=false
2026-08-02T18:42:30.041523Z  INFO agent::capture: duplication de sortie établie desktop_width=1280 desktop_height=720
2026-08-02T18:42:30.041559Z  INFO agent::encode: encodeur matériel retenu encodeur=NVIDIA H.264 Encoder MFT
2026-08-02T18:42:30.093532Z  INFO agent::encode::arret: file de travail sérialisée imposée mft="encodeur" file=327727
2026-08-02T18:42:30.093739Z  INFO agent::encode: convertisseur BGRA→NV12 (Video Processor MFT) configuré converter_provides_samples=true
2026-08-02T18:42:30.094065Z  INFO agent::capteur::fenetre: fenêtre attachée au capteur session=w-2 sortie=\\.\DISPLAY5 largeur=1280 hauteur=720
2026-08-02T18:42:30.094077Z  INFO agent::capteur::fenetre: l'enfant a fermé le canal session=w-2 images=0
2026-08-02T18:42:30.094111Z  INFO agent::capteur::tube: attaché au capteur session=w-2 sortie=\\.\DISPLAY5 largeur=1280 hauteur=720
2026-08-02T18:42:30.094124Z  INFO agent::encode::arret: IMFShutdown::Shutdown : avant mft="encodeur"
2026-08-02T18:42:30.094162Z  INFO agent::capteur::distante: canal rattaché au capteur largeur=1280 hauteur=720
2026-08-02T18:42:30.094636Z  INFO agent::encode::arret: IMFShutdown::Shutdown : après mft="encodeur"
2026-08-02T18:42:30.115265Z  WARN agent::capteur::serveur: DIAGNOSTIC : fil lecteur de commandes NON lancé
2026-08-02T18:42:30.115518Z  INFO agent::capture::ouverture: sortie retenue pour la duplication adaptateur=NVIDIA GeForce RTX 4070 index_adaptateur=0 index_sortie=1 nom_sortie=\\.\DISPLAY5 attachee=true
2026-08-02T18:42:30.176129Z  INFO agent::capture::ouverture: protection multi-fils activée sur le contexte immédiat D3D11 protection_precedente=false
2026-08-02T18:42:30.176535Z  INFO agent::capture: duplication de sortie établie desktop_width=1280 desktop_height=720
2026-08-02T18:42:30.176576Z  INFO agent::encode: encodeur matériel retenu encodeur=NVIDIA H.264 Encoder MFT
2026-08-02T18:42:30.225752Z  INFO agent::encode::arret: file de travail sérialisée imposée mft="encodeur" file=327730
2026-08-02T18:42:30.225962Z  INFO agent::encode: convertisseur BGRA→NV12 (Video Processor MFT) configuré converter_provides_samples=true
2026-08-02T18:42:30.226263Z  INFO agent::capteur::fenetre: fenêtre attachée au capteur session=w-2 sortie=\\.\DISPLAY5 largeur=1280 hauteur=720
2026-08-02T18:42:30.226275Z  INFO agent::capteur::fenetre: l'enfant a fermé le canal session=w-2 images=0
2026-08-02T18:42:30.226277Z  INFO agent::capteur::tube: attaché au capteur session=w-2 sortie=\\.\DISPLAY5 largeur=1280 hauteur=720
2026-08-02T18:42:30.226325Z  INFO agent::capteur::distante: canal rattaché au capteur largeur=1280 hauteur=720
2026-08-02T18:42:30.226325Z  INFO agent::encode::arret: IMFShutdown::Shutdown : avant mft="encodeur"
2026-08-02T18:42:30.226837Z  INFO agent::encode::arret: IMFShutdown::Shutdown : après mft="encodeur"
2026-08-02T18:42:30.247005Z  WARN agent::capteur::serveur: DIAGNOSTIC : fil lecteur de commandes NON lancé
2026-08-02T18:42:30.247355Z  INFO agent::capture::ouverture: sortie retenue pour la duplication adaptateur=NVIDIA GeForce RTX 4070 index_adaptateur=0 index_sortie=1 nom_sortie=\\.\DISPLAY5 attachee=true
2026-08-02T18:42:30.307396Z  INFO agent::capture::ouverture: protection multi-fils activée sur le contexte immédiat D3D11 protection_precedente=false
2026-08-02T18:42:30.307619Z  INFO agent::capture: duplication de sortie établie desktop_width=1280 desktop_height=720
2026-08-02T18:42:30.307656Z  INFO agent::encode: encodeur matériel retenu encodeur=NVIDIA H.264 Encoder MFT
2026-08-02T18:42:30.356806Z  INFO agent::encode::arret: file de travail sérialisée imposée mft="encodeur" file=327733
2026-08-02T18:42:30.357009Z  INFO agent::encode: convertisseur BGRA→NV12 (Video Processor MFT) configuré converter_provides_samples=true
2026-08-02T18:42:30.357301Z  INFO agent::capteur::fenetre: fenêtre attachée au capteur session=w-2 sortie=\\.\DISPLAY5 largeur=1280 hauteur=720
2026-08-02T18:42:30.357313Z  INFO agent::capteur::fenetre: l'enfant a fermé le canal session=w-2 images=0
2026-08-02T18:42:30.357315Z  INFO agent::capteur::tube: attaché au capteur session=w-2 sortie=\\.\DISPLAY5 largeur=1280 hauteur=720
2026-08-02T18:42:30.357351Z  INFO agent::encode::arret: IMFShutdown::Shutdown : avant mft="encodeur"
2026-08-02T18:42:30.357363Z  INFO agent::capteur::distante: canal rattaché au capteur largeur=1280 hauteur=720
2026-08-02T18:42:30.357858Z  INFO agent::encode::arret: IMFShutdown::Shutdown : après mft="encodeur"
2026-08-02T18:42:30.377943Z  WARN agent::capteur::serveur: DIAGNOSTIC : fil lecteur de commandes NON lancé
2026-08-02T18:42:30.378263Z  INFO agent::capture::ouverture: sortie retenue pour la duplication adaptateur=NVIDIA GeForce RTX 4070 index_adaptateur=0 index_sortie=1 nom_sortie=\\.\DISPLAY5 attachee=true
2026-08-02T18:42:30.439794Z  INFO agent::capture::ouverture: protection multi-fils activée sur le contexte immédiat D3D11 protection_precedente=false
2026-08-02T18:42:30.440014Z  INFO agent::capture: duplication de sortie établie desktop_width=1280 desktop_height=720
2026-08-02T18:42:30.440050Z  INFO agent::encode: encodeur matériel retenu encodeur=NVIDIA H.264 Encoder MFT
2026-08-02T18:42:30.488714Z  INFO agent::encode::arret: file de travail sérialisée imposée mft="encodeur" file=327736
2026-08-02T18:42:30.488921Z  INFO agent::encode: convertisseur BGRA→NV12 (Video Processor MFT) configuré converter_provides_samples=true
2026-08-02T18:42:30.489226Z  INFO agent::capteur::fenetre: fenêtre attachée au capteur session=w-2 sortie=\\.\DISPLAY5 largeur=1280 hauteur=720
2026-08-02T18:42:30.489236Z  INFO agent::capteur::fenetre: l'enfant a fermé le canal session=w-2 images=0
2026-08-02T18:42:30.489242Z  INFO agent::capteur::tube: attaché au capteur session=w-2 sortie=\\.\DISPLAY5 largeur=1280 hauteur=720
2026-08-02T18:42:30.489288Z  INFO agent::encode::arret: IMFShutdown::Shutdown : avant mft="encodeur"
2026-08-02T18:42:30.489294Z  INFO agent::capteur::distante: canal rattaché au capteur largeur=1280 hauteur=720
2026-08-02T18:42:30.489831Z  INFO agent::encode::arret: IMFShutdown::Shutdown : après mft="encodeur"
2026-08-02T18:42:30.510426Z  WARN agent::capteur::serveur: DIAGNOSTIC : fil lecteur de commandes NON lancé
2026-08-02T18:42:30.510746Z  INFO agent::capture::ouverture: sortie retenue pour la duplication adaptateur=NVIDIA GeForce RTX 4070 index_adaptateur=0 index_sortie=1 nom_sortie=\\.\DISPLAY5 attachee=true
2026-08-02T18:42:30.570565Z  INFO agent::capture::ouverture: protection multi-fils activée sur le contexte immédiat D3D11 protection_precedente=false
2026-08-02T18:42:30.570772Z  INFO agent::capture: duplication de sortie établie desktop_width=1280 desktop_height=720
2026-08-02T18:42:30.570807Z  INFO agent::encode: encodeur matériel retenu encodeur=NVIDIA H.264 Encoder MFT
2026-08-02T18:42:30.619151Z  INFO agent::encode::arret: file de travail sérialisée imposée mft="encodeur" file=327739
2026-08-02T18:42:30.619357Z  INFO agent::encode: convertisseur BGRA→NV12 (Video Processor MFT) configuré converter_provides_samples=true
2026-08-02T18:42:30.619610Z  INFO agent::capteur::fenetre: fenêtre attachée au capteur session=w-2 sortie=\\.\DISPLAY5 largeur=1280 hauteur=720
2026-08-02T18:42:30.619619Z  INFO agent::capteur::fenetre: l'enfant a fermé le canal session=w-2 images=0
2026-08-02T18:42:30.619668Z  INFO agent::encode::arret: IMFShutdown::Shutdown : avant mft="encodeur"
2026-08-02T18:42:30.619665Z  INFO agent::capteur::tube: attaché au capteur session=w-2 sortie=\\.\DISPLAY5 largeur=1280 hauteur=720
2026-08-02T18:42:30.619713Z  INFO agent::capteur::distante: canal rattaché au capteur largeur=1280 hauteur=720
2026-08-02T18:42:30.620161Z  INFO agent::encode::arret: IMFShutdown::Shutdown : après mft="encodeur"
2026-08-02T18:42:30.640255Z  WARN agent::capteur::serveur: DIAGNOSTIC : fil lecteur de commandes NON lancé
2026-08-02T18:42:30.640587Z  INFO agent::capture::ouverture: sortie retenue pour la duplication adaptateur=NVIDIA GeForce RTX 4070 index_adaptateur=0 index_sortie=1 nom_sortie=\\.\DISPLAY5 attachee=true
2026-08-02T18:42:30.707946Z  INFO agent::capture::ouverture: protection multi-fils activée sur le contexte immédiat D3D11 protection_precedente=false
2026-08-02T18:42:30.708187Z  INFO agent::capture: duplication de sortie établie desktop_width=1280 desktop_height=720
2026-08-02T18:42:30.708226Z  INFO agent::encode: encodeur matériel retenu encodeur=NVIDIA H.264 Encoder MFT
2026-08-02T18:42:30.756499Z  INFO agent::encode::arret: file de travail sérialisée imposée mft="encodeur" file=327742
2026-08-02T18:42:30.756714Z  INFO agent::encode: convertisseur BGRA→NV12 (Video Processor MFT) configuré converter_provides_samples=true
2026-08-02T18:42:30.757044Z  INFO agent::capteur::fenetre: fenêtre attachée au capteur session=w-2 sortie=\\.\DISPLAY5 largeur=1280 hauteur=720
2026-08-02T18:42:30.757055Z  INFO agent::capteur::fenetre: l'enfant a fermé le canal session=w-2 images=0
2026-08-02T18:42:30.757061Z  INFO agent::capteur::tube: attaché au capteur session=w-2 sortie=\\.\DISPLAY5 largeur=1280 hauteur=720
2026-08-02T18:42:30.757109Z  INFO agent::encode::arret: IMFShutdown::Shutdown : avant mft="encodeur"
2026-08-02T18:42:30.757118Z  INFO agent::capteur::distante: canal rattaché au capteur largeur=1280 hauteur=720
2026-08-02T18:42:30.757629Z  INFO agent::encode::arret: IMFShutdown::Shutdown : après mft="encodeur"
2026-08-02T18:42:30.778226Z  WARN agent::capteur::serveur: DIAGNOSTIC : fil lecteur de commandes NON lancé
2026-08-02T18:42:30.778601Z  INFO agent::capture::ouverture: sortie retenue pour la duplication adaptateur=NVIDIA GeForce RTX 4070 index_adaptateur=0 index_sortie=1 nom_sortie=\\.\DISPLAY5 attachee=true
2026-08-02T18:42:30.839200Z  INFO agent::capture::ouverture: protection multi-fils activée sur le contexte immédiat D3D11 protection_precedente=false
2026-08-02T18:42:30.839425Z  INFO agent::capture: duplication de sortie établie desktop_width=1280 desktop_height=720
2026-08-02T18:42:30.839469Z  INFO agent::encode: encodeur matériel retenu encodeur=NVIDIA H.264 Encoder MFT
2026-08-02T18:42:30.887283Z  INFO agent::encode::arret: file de travail sérialisée imposée mft="encodeur" file=327745
2026-08-02T18:42:30.887478Z  INFO agent::encode: convertisseur BGRA→NV12 (Video Processor MFT) configuré converter_provides_samples=true
2026-08-02T18:42:30.887749Z  INFO agent::capteur::fenetre: fenêtre attachée au capteur session=w-2 sortie=\\.\DISPLAY5 largeur=1280 hauteur=720
2026-08-02T18:42:30.887758Z  INFO agent::capteur::fenetre: l'enfant a fermé le canal session=w-2 images=0
2026-08-02T18:42:30.887795Z  INFO agent::capteur::tube: attaché au capteur session=w-2 sortie=\\.\DISPLAY5 largeur=1280 hauteur=720
2026-08-02T18:42:30.887825Z  INFO agent::encode::arret: IMFShutdown::Shutdown : avant mft="encodeur"
2026-08-02T18:42:30.887842Z  INFO agent::capteur::distante: canal rattaché au capteur largeur=1280 hauteur=720
2026-08-02T18:42:30.888326Z  INFO agent::encode::arret: IMFShutdown::Shutdown : après mft="encodeur"
2026-08-02T18:42:30.908684Z  WARN agent::capteur::serveur: DIAGNOSTIC : fil lecteur de commandes NON lancé
2026-08-02T18:42:30.909007Z  INFO agent::capture::ouverture: sortie retenue pour la duplication adaptateur=NVIDIA GeForce RTX 4070 index_adaptateur=0 index_sortie=1 nom_sortie=\\.\DISPLAY5 attachee=true
2026-08-02T18:42:30.968766Z  INFO agent::capture::ouverture: protection multi-fils activée sur le contexte immédiat D3D11 protection_precedente=false
2026-08-02T18:42:30.968982Z  INFO agent::capture: duplication de sortie établie desktop_width=1280 desktop_height=720
2026-08-02T18:42:30.969018Z  INFO agent::encode: encodeur matériel retenu encodeur=NVIDIA H.264 Encoder MFT
2026-08-02T18:42:31.018851Z  INFO agent::encode::arret: file de travail sérialisée imposée mft="encodeur" file=327748
2026-08-02T18:42:31.019061Z  INFO agent::encode: convertisseur BGRA→NV12 (Video Processor MFT) configuré converter_provides_samples=true
2026-08-02T18:42:31.019403Z  INFO agent::capteur::fenetre: fenêtre attachée au capteur session=w-2 sortie=\\.\DISPLAY5 largeur=1280 hauteur=720
2026-08-02T18:42:31.019415Z  INFO agent::capteur::fenetre: l'enfant a fermé le canal session=w-2 images=0
2026-08-02T18:42:31.019432Z  INFO agent::capteur::tube: attaché au capteur session=w-2 sortie=\\.\DISPLAY5 largeur=1280 hauteur=720
2026-08-02T18:42:31.019464Z  INFO agent::encode::arret: IMFShutdown::Shutdown : avant mft="encodeur"
2026-08-02T18:42:31.019486Z  INFO agent::capteur::distante: canal rattaché au capteur largeur=1280 hauteur=720
2026-08-02T18:42:31.020014Z  INFO agent::encode::arret: IMFShutdown::Shutdown : après mft="encodeur"
2026-08-02T18:42:31.021389Z  WARN agent::transport::socket: échec de réception UDP transitoire, ignoré erreur=Une connexion existante a dû être fermée par l’hôte distant. (os error 10054) consecutives=1 backoff_ms=2
2026-08-02T18:42:31.040232Z  WARN agent::capteur::serveur: DIAGNOSTIC : fil lecteur de commandes NON lancé
2026-08-02T18:42:31.040553Z  INFO agent::capture::ouverture: sortie retenue pour la duplication adaptateur=NVIDIA GeForce RTX 4070 index_adaptateur=0 index_sortie=1 nom_sortie=\\.\DISPLAY5 attachee=true
2026-08-02T18:42:31.101125Z  INFO agent::capture::ouverture: protection multi-fils activée sur le contexte immédiat D3D11 protection_precedente=false
2026-08-02T18:42:31.101359Z  INFO agent::capture: duplication de sortie établie desktop_width=1280 desktop_height=720
2026-08-02T18:42:31.101398Z  INFO agent::encode: encodeur matériel retenu encodeur=NVIDIA H.264 Encoder MFT
2026-08-02T18:42:31.149544Z  INFO agent::encode::arret: file de travail sérialisée imposée mft="encodeur" file=327751
2026-08-02T18:42:31.149749Z  INFO agent::encode: convertisseur BGRA→NV12 (Video Processor MFT) configuré converter_provides_samples=true
2026-08-02T18:42:31.150057Z  INFO agent::capteur::fenetre: fenêtre attachée au capteur session=w-2 sortie=\\.\DISPLAY5 largeur=1280 hauteur=720
2026-08-02T18:42:31.150067Z  INFO agent::capteur::fenetre: l'enfant a fermé le canal session=w-2 images=0
2026-08-02T18:42:31.150081Z  INFO agent::capteur::tube: attaché au capteur session=w-2 sortie=\\.\DISPLAY5 largeur=1280 hauteur=720
2026-08-02T18:42:31.150110Z  INFO agent::encode::arret: IMFShutdown::Shutdown : avant mft="encodeur"
2026-08-02T18:42:31.150130Z  INFO agent::capteur::distante: canal rattaché au capteur largeur=1280 hauteur=720
2026-08-02T18:42:31.150623Z  INFO agent::encode::arret: IMFShutdown::Shutdown : après mft="encodeur"
2026-08-02T18:42:31.171226Z  WARN agent::capteur::serveur: DIAGNOSTIC : fil lecteur de commandes NON lancé
2026-08-02T18:42:31.171564Z  INFO agent::capture::ouverture: sortie retenue pour la duplication adaptateur=NVIDIA GeForce RTX 4070 index_adaptateur=0 index_sortie=1 nom_sortie=\\.\DISPLAY5 attachee=true
2026-08-02T18:42:31.233681Z  INFO agent::capture::ouverture: protection multi-fils activée sur le contexte immédiat D3D11 protection_precedente=false
2026-08-02T18:42:31.233916Z  INFO agent::capture: duplication de sortie établie desktop_width=1280 desktop_height=720
2026-08-02T18:42:31.233956Z  INFO agent::encode: encodeur matériel retenu encodeur=NVIDIA H.264 Encoder MFT
2026-08-02T18:42:31.281255Z  INFO agent::encode::arret: file de travail sérialisée imposée mft="encodeur" file=327754
2026-08-02T18:42:31.281451Z  INFO agent::encode: convertisseur BGRA→NV12 (Video Processor MFT) configuré converter_provides_samples=true
2026-08-02T18:42:31.281714Z  INFO agent::capteur::fenetre: fenêtre attachée au capteur session=w-2 sortie=\\.\DISPLAY5 largeur=1280 hauteur=720
2026-08-02T18:42:31.281723Z  INFO agent::capteur::fenetre: l'enfant a fermé le canal session=w-2 images=0
2026-08-02T18:42:31.281764Z  INFO agent::capteur::tube: attaché au capteur session=w-2 sortie=\\.\DISPLAY5 largeur=1280 hauteur=720
2026-08-02T18:42:31.281772Z  INFO agent::encode::arret: IMFShutdown::Shutdown : avant mft="encodeur"
2026-08-02T18:42:31.281813Z  INFO agent::capteur::distante: canal rattaché au capteur largeur=1280 hauteur=720
2026-08-02T18:42:31.282303Z  INFO agent::encode::arret: IMFShutdown::Shutdown : après mft="encodeur"
2026-08-02T18:42:31.302662Z  WARN agent::capteur::serveur: DIAGNOSTIC : fil lecteur de commandes NON lancé
2026-08-02T18:42:31.303020Z  INFO agent::capture::ouverture: sortie retenue pour la duplication adaptateur=NVIDIA GeForce RTX 4070 index_adaptateur=0 index_sortie=1 nom_sortie=\\.\DISPLAY5 attachee=true
2026-08-02T18:42:31.362460Z  INFO agent::capture::ouverture: protection multi-fils activée sur le contexte immédiat D3D11 protection_precedente=false
2026-08-02T18:42:31.362724Z  INFO agent::capture: duplication de sortie établie desktop_width=1280 desktop_height=720
2026-08-02T18:42:31.362761Z  INFO agent::encode: encodeur matériel retenu encodeur=NVIDIA H.264 Encoder MFT
2026-08-02T18:42:31.408713Z  INFO agent::encode::arret: file de travail sérialisée imposée mft="encodeur" file=327757
2026-08-02T18:42:31.408905Z  INFO agent::encode: convertisseur BGRA→NV12 (Video Processor MFT) configuré converter_provides_samples=true
2026-08-02T18:42:31.409207Z  INFO agent::capteur::fenetre: fenêtre attachée au capteur session=w-2 sortie=\\.\DISPLAY5 largeur=1280 hauteur=720
2026-08-02T18:42:31.409216Z  INFO agent::capteur::fenetre: l'enfant a fermé le canal session=w-2 images=0
2026-08-02T18:42:31.409261Z  INFO agent::encode::arret: IMFShutdown::Shutdown : avant mft="encodeur"
2026-08-02T18:42:31.409256Z  INFO agent::capteur::tube: attaché au capteur session=w-2 sortie=\\.\DISPLAY5 largeur=1280 hauteur=720
2026-08-02T18:42:31.409307Z  INFO agent::capteur::distante: canal rattaché au capteur largeur=1280 hauteur=720
2026-08-02T18:42:31.409760Z  INFO agent::encode::arret: IMFShutdown::Shutdown : après mft="encodeur"
2026-08-02T18:42:31.429787Z  WARN agent::capteur::serveur: DIAGNOSTIC : fil lecteur de commandes NON lancé
2026-08-02T18:42:31.430105Z  INFO agent::capture::ouverture: sortie retenue pour la duplication adaptateur=NVIDIA GeForce RTX 4070 index_adaptateur=0 index_sortie=1 nom_sortie=\\.\DISPLAY5 attachee=true
2026-08-02T18:42:31.492089Z  INFO agent::capture::ouverture: protection multi-fils activée sur le contexte immédiat D3D11 protection_precedente=false
2026-08-02T18:42:31.492315Z  INFO agent::capture: duplication de sortie établie desktop_width=1280 desktop_height=720
2026-08-02T18:42:31.492351Z  INFO agent::encode: encodeur matériel retenu encodeur=NVIDIA H.264 Encoder MFT
2026-08-02T18:42:31.541317Z  INFO agent::encode::arret: file de travail sérialisée imposée mft="encodeur" file=327760
2026-08-02T18:42:31.541536Z  INFO agent::encode: convertisseur BGRA→NV12 (Video Processor MFT) configuré converter_provides_samples=true
2026-08-02T18:42:31.541821Z  INFO agent::capteur::fenetre: fenêtre attachée au capteur session=w-2 sortie=\\.\DISPLAY5 largeur=1280 hauteur=720
2026-08-02T18:42:31.541832Z  INFO agent::capteur::fenetre: l'enfant a fermé le canal session=w-2 images=0
2026-08-02T18:42:31.541870Z  INFO agent::capteur::tube: attaché au capteur session=w-2 sortie=\\.\DISPLAY5 largeur=1280 hauteur=720
2026-08-02T18:42:31.541884Z  INFO agent::encode::arret: IMFShutdown::Shutdown : avant mft="encodeur"
2026-08-02T18:42:31.541918Z  INFO agent::capteur::distante: canal rattaché au capteur largeur=1280 hauteur=720
2026-08-02T18:42:31.542393Z  INFO agent::encode::arret: IMFShutdown::Shutdown : après mft="encodeur"
2026-08-02T18:42:31.562653Z  WARN agent::capteur::serveur: DIAGNOSTIC : fil lecteur de commandes NON lancé
2026-08-02T18:42:31.563011Z  INFO agent::capture::ouverture: sortie retenue pour la duplication adaptateur=NVIDIA GeForce RTX 4070 index_adaptateur=0 index_sortie=1 nom_sortie=\\.\DISPLAY5 attachee=true
2026-08-02T18:42:31.623261Z  INFO agent::capture::ouverture: protection multi-fils activée sur le contexte immédiat D3D11 protection_precedente=false
2026-08-02T18:42:31.623503Z  INFO agent::capture: duplication de sortie établie desktop_width=1280 desktop_height=720
2026-08-02T18:42:31.623541Z  INFO agent::encode: encodeur matériel retenu encodeur=NVIDIA H.264 Encoder MFT
2026-08-02T18:42:31.679689Z  INFO agent::encode::arret: file de travail sérialisée imposée mft="encodeur" file=327763
2026-08-02T18:42:31.679887Z  INFO agent::encode: convertisseur BGRA→NV12 (Video Processor MFT) configuré converter_provides_samples=true
2026-08-02T18:42:31.680160Z  INFO agent::capteur::fenetre: fenêtre attachée au capteur session=w-2 sortie=\\.\DISPLAY5 largeur=1280 hauteur=720
2026-08-02T18:42:31.680169Z  INFO agent::capteur::fenetre: l'enfant a fermé le canal session=w-2 images=0
2026-08-02T18:42:31.680175Z  INFO agent::capteur::tube: attaché au capteur session=w-2 sortie=\\.\DISPLAY5 largeur=1280 hauteur=720
2026-08-02T18:42:31.680215Z  INFO agent::encode::arret: IMFShutdown::Shutdown : avant mft="encodeur"
2026-08-02T18:42:31.680228Z  INFO agent::capteur::distante: canal rattaché au capteur largeur=1280 hauteur=720
2026-08-02T18:42:31.680729Z  INFO agent::encode::arret: IMFShutdown::Shutdown : après mft="encodeur"
2026-08-02T18:42:31.701337Z  WARN agent::capteur::serveur: DIAGNOSTIC : fil lecteur de commandes NON lancé
2026-08-02T18:42:31.701657Z  INFO agent::capture::ouverture: sortie retenue pour la duplication adaptateur=NVIDIA GeForce RTX 4070 index_adaptateur=0 index_sortie=1 nom_sortie=\\.\DISPLAY5 attachee=true
2026-08-02T18:42:31.762126Z  INFO agent::capture::ouverture: protection multi-fils activée sur le contexte immédiat D3D11 protection_precedente=false
2026-08-02T18:42:31.762342Z  INFO agent::capture: duplication de sortie établie desktop_width=1280 desktop_height=720
2026-08-02T18:42:31.762378Z  INFO agent::encode: encodeur matériel retenu encodeur=NVIDIA H.264 Encoder MFT
2026-08-02T18:42:31.810668Z  INFO agent::encode::arret: file de travail sérialisée imposée mft="encodeur" file=327766
2026-08-02T18:42:31.810877Z  INFO agent::encode: convertisseur BGRA→NV12 (Video Processor MFT) configuré converter_provides_samples=true
2026-08-02T18:42:31.811169Z  INFO agent::capteur::fenetre: fenêtre attachée au capteur session=w-2 sortie=\\.\DISPLAY5 largeur=1280 hauteur=720
2026-08-02T18:42:31.811178Z  INFO agent::capteur::fenetre: l'enfant a fermé le canal session=w-2 images=0
2026-08-02T18:42:31.811183Z  INFO agent::capteur::tube: attaché au capteur session=w-2 sortie=\\.\DISPLAY5 largeur=1280 hauteur=720
2026-08-02T18:42:31.811228Z  INFO agent::encode::arret: IMFShutdown::Shutdown : avant mft="encodeur"
2026-08-02T18:42:31.811230Z  INFO agent::capteur::distante: canal rattaché au capteur largeur=1280 hauteur=720
2026-08-02T18:42:31.811786Z  INFO agent::encode::arret: IMFShutdown::Shutdown : après mft="encodeur"
2026-08-02T18:42:31.832185Z  WARN agent::capteur::serveur: DIAGNOSTIC : fil lecteur de commandes NON lancé
2026-08-02T18:42:31.832539Z  INFO agent::capture::ouverture: sortie retenue pour la duplication adaptateur=NVIDIA GeForce RTX 4070 index_adaptateur=0 index_sortie=1 nom_sortie=\\.\DISPLAY5 attachee=true
2026-08-02T18:42:31.893238Z  INFO agent::capture::ouverture: protection multi-fils activée sur le contexte immédiat D3D11 protection_precedente=false
2026-08-02T18:42:31.893477Z  INFO agent::capture: duplication de sortie établie desktop_width=1280 desktop_height=720
2026-08-02T18:42:31.893515Z  INFO agent::encode: encodeur matériel retenu encodeur=NVIDIA H.264 Encoder MFT
2026-08-02T18:42:31.941521Z  INFO agent::encode::arret: file de travail sérialisée imposée mft="encodeur" file=327769
2026-08-02T18:42:31.941729Z  INFO agent::encode: convertisseur BGRA→NV12 (Video Processor MFT) configuré converter_provides_samples=true
2026-08-02T18:42:31.942045Z  INFO agent::capteur::fenetre: fenêtre attachée au capteur session=w-2 sortie=\\.\DISPLAY5 largeur=1280 hauteur=720
2026-08-02T18:42:31.942057Z  INFO agent::capteur::fenetre: l'enfant a fermé le canal session=w-2 images=0
2026-08-02T18:42:31.942059Z  INFO agent::capteur::tube: attaché au capteur session=w-2 sortie=\\.\DISPLAY5 largeur=1280 hauteur=720
2026-08-02T18:42:31.942101Z  INFO agent::encode::arret: IMFShutdown::Shutdown : avant mft="encodeur"
2026-08-02T18:42:31.942111Z  INFO agent::capteur::distante: canal rattaché au capteur largeur=1280 hauteur=720
2026-08-02T18:42:31.942612Z  INFO agent::encode::arret: IMFShutdown::Shutdown : après mft="encodeur"
2026-08-02T18:42:31.963007Z  WARN agent::capteur::serveur: DIAGNOSTIC : fil lecteur de commandes NON lancé
2026-08-02T18:42:31.963423Z  INFO agent::capture::ouverture: sortie retenue pour la duplication adaptateur=NVIDIA GeForce RTX 4070 index_adaptateur=0 index_sortie=1 nom_sortie=\\.\DISPLAY5 attachee=true
2026-08-02T18:42:32.034010Z  INFO agent::capture::ouverture: protection multi-fils activée sur le contexte immédiat D3D11 protection_precedente=false
2026-08-02T18:42:32.034236Z  INFO agent::capture: duplication de sortie établie desktop_width=1280 desktop_height=720
2026-08-02T18:42:32.034275Z  INFO agent::encode: encodeur matériel retenu encodeur=NVIDIA H.264 Encoder MFT
2026-08-02T18:42:32.081040Z  INFO agent::encode::arret: file de travail sérialisée imposée mft="encodeur" file=327772
2026-08-02T18:42:32.081241Z  INFO agent::encode: convertisseur BGRA→NV12 (Video Processor MFT) configuré converter_provides_samples=true
2026-08-02T18:42:32.081531Z  INFO agent::capteur::fenetre: fenêtre attachée au capteur session=w-2 sortie=\\.\DISPLAY5 largeur=1280 hauteur=720
2026-08-02T18:42:32.081541Z  INFO agent::capteur::fenetre: l'enfant a fermé le canal session=w-2 images=0
2026-08-02T18:42:32.081589Z  INFO agent::encode::arret: IMFShutdown::Shutdown : avant mft="encodeur"
2026-08-02T18:42:32.081584Z  INFO agent::capteur::tube: attaché au capteur session=w-2 sortie=\\.\DISPLAY5 largeur=1280 hauteur=720
2026-08-02T18:42:32.081641Z  INFO agent::capteur::distante: canal rattaché au capteur largeur=1280 hauteur=720
2026-08-02T18:42:32.082128Z  INFO agent::encode::arret: IMFShutdown::Shutdown : après mft="encodeur"
2026-08-02T18:42:32.102912Z  WARN agent::capteur::serveur: DIAGNOSTIC : fil lecteur de commandes NON lancé
2026-08-02T18:42:32.103290Z  INFO agent::capture::ouverture: sortie retenue pour la duplication adaptateur=NVIDIA GeForce RTX 4070 index_adaptateur=0 index_sortie=1 nom_sortie=\\.\DISPLAY5 attachee=true
2026-08-02T18:42:32.165774Z  INFO agent::capture::ouverture: protection multi-fils activée sur le contexte immédiat D3D11 protection_precedente=false
2026-08-02T18:42:32.165996Z  INFO agent::capture: duplication de sortie établie desktop_width=1280 desktop_height=720
2026-08-02T18:42:32.166032Z  INFO agent::encode: encodeur matériel retenu encodeur=NVIDIA H.264 Encoder MFT
2026-08-02T18:42:32.212776Z  INFO agent::encode::arret: file de travail sérialisée imposée mft="encodeur" file=327775
2026-08-02T18:42:32.212989Z  INFO agent::encode: convertisseur BGRA→NV12 (Video Processor MFT) configuré converter_provides_samples=true
2026-08-02T18:42:32.213274Z  INFO agent::capteur::fenetre: fenêtre attachée au capteur session=w-2 sortie=\\.\DISPLAY5 largeur=1280 hauteur=720
2026-08-02T18:42:32.213284Z  INFO agent::capteur::fenetre: l'enfant a fermé le canal session=w-2 images=0
2026-08-02T18:42:32.213298Z  INFO agent::capteur::tube: attaché au capteur session=w-2 sortie=\\.\DISPLAY5 largeur=1280 hauteur=720
2026-08-02T18:42:32.213333Z  INFO agent::encode::arret: IMFShutdown::Shutdown : avant mft="encodeur"
2026-08-02T18:42:32.213351Z  INFO agent::capteur::distante: canal rattaché au capteur largeur=1280 hauteur=720
2026-08-02T18:42:32.213849Z  INFO agent::encode::arret: IMFShutdown::Shutdown : après mft="encodeur"
2026-08-02T18:42:32.233997Z  WARN agent::capteur::serveur: DIAGNOSTIC : fil lecteur de commandes NON lancé
2026-08-02T18:42:32.234331Z  INFO agent::capture::ouverture: sortie retenue pour la duplication adaptateur=NVIDIA GeForce RTX 4070 index_adaptateur=0 index_sortie=1 nom_sortie=\\.\DISPLAY5 attachee=true
2026-08-02T18:42:32.296187Z  INFO agent::capture::ouverture: protection multi-fils activée sur le contexte immédiat D3D11 protection_precedente=false
2026-08-02T18:42:32.296412Z  INFO agent::capture: duplication de sortie établie desktop_width=1280 desktop_height=720
2026-08-02T18:42:32.296450Z  INFO agent::encode: encodeur matériel retenu encodeur=NVIDIA H.264 Encoder MFT
2026-08-02T18:42:32.343485Z  INFO agent::encode::arret: file de travail sérialisée imposée mft="encodeur" file=327778
2026-08-02T18:42:32.343699Z  INFO agent::encode: convertisseur BGRA→NV12 (Video Processor MFT) configuré converter_provides_samples=true
2026-08-02T18:42:32.344007Z  INFO agent::capteur::fenetre: fenêtre attachée au capteur session=w-2 sortie=\\.\DISPLAY5 largeur=1280 hauteur=720
2026-08-02T18:42:32.344017Z  INFO agent::capteur::fenetre: l'enfant a fermé le canal session=w-2 images=0
2026-08-02T18:42:32.344023Z  INFO agent::capteur::tube: attaché au capteur session=w-2 sortie=\\.\DISPLAY5 largeur=1280 hauteur=720
2026-08-02T18:42:32.344059Z  INFO agent::encode::arret: IMFShutdown::Shutdown : avant mft="encodeur"
2026-08-02T18:42:32.344080Z  INFO agent::capteur::distante: canal rattaché au capteur largeur=1280 hauteur=720
2026-08-02T18:42:32.344589Z  INFO agent::encode::arret: IMFShutdown::Shutdown : après mft="encodeur"
2026-08-02T18:42:32.364795Z  WARN agent::capteur::serveur: DIAGNOSTIC : fil lecteur de commandes NON lancé
2026-08-02T18:42:32.365143Z  INFO agent::capture::ouverture: sortie retenue pour la duplication adaptateur=NVIDIA GeForce RTX 4070 index_adaptateur=0 index_sortie=1 nom_sortie=\\.\DISPLAY5 attachee=true
2026-08-02T18:42:32.434336Z  INFO agent::capture::ouverture: protection multi-fils activée sur le contexte immédiat D3D11 protection_precedente=false
2026-08-02T18:42:32.434588Z  INFO agent::capture: duplication de sortie établie desktop_width=1280 desktop_height=720
2026-08-02T18:42:32.434626Z  INFO agent::encode: encodeur matériel retenu encodeur=NVIDIA H.264 Encoder MFT
2026-08-02T18:42:32.482052Z  INFO agent::encode::arret: file de travail sérialisée imposée mft="encodeur" file=327781
2026-08-02T18:42:32.482262Z  INFO agent::encode: convertisseur BGRA→NV12 (Video Processor MFT) configuré converter_provides_samples=true
2026-08-02T18:42:32.482589Z  INFO agent::capteur::fenetre: fenêtre attachée au capteur session=w-2 sortie=\\.\DISPLAY5 largeur=1280 hauteur=720
2026-08-02T18:42:32.482601Z  INFO agent::capteur::fenetre: l'enfant a fermé le canal session=w-2 images=0
2026-08-02T18:42:32.482616Z  INFO agent::capteur::tube: attaché au capteur session=w-2 sortie=\\.\DISPLAY5 largeur=1280 hauteur=720
2026-08-02T18:42:32.482650Z  INFO agent::encode::arret: IMFShutdown::Shutdown : avant mft="encodeur"
2026-08-02T18:42:32.482670Z  INFO agent::capteur::distante: canal rattaché au capteur largeur=1280 hauteur=720
2026-08-02T18:42:32.483187Z  INFO agent::encode::arret: IMFShutdown::Shutdown : après mft="encodeur"
2026-08-02T18:42:32.503263Z  WARN agent::capteur::serveur: DIAGNOSTIC : fil lecteur de commandes NON lancé
2026-08-02T18:42:32.503590Z  INFO agent::capture::ouverture: sortie retenue pour la duplication adaptateur=NVIDIA GeForce RTX 4070 index_adaptateur=0 index_sortie=1 nom_sortie=\\.\DISPLAY5 attachee=true
2026-08-02T18:42:32.565311Z  INFO agent::capture::ouverture: protection multi-fils activée sur le contexte immédiat D3D11 protection_precedente=false
2026-08-02T18:42:32.565529Z  INFO agent::capture: duplication de sortie établie desktop_width=1280 desktop_height=720
2026-08-02T18:42:32.565565Z  INFO agent::encode: encodeur matériel retenu encodeur=NVIDIA H.264 Encoder MFT
2026-08-02T18:42:32.613243Z  INFO agent::encode::arret: file de travail sérialisée imposée mft="encodeur" file=327784
2026-08-02T18:42:32.613447Z  INFO agent::encode: convertisseur BGRA→NV12 (Video Processor MFT) configuré converter_provides_samples=true
2026-08-02T18:42:32.613742Z  INFO agent::capteur::fenetre: fenêtre attachée au capteur session=w-2 sortie=\\.\DISPLAY5 largeur=1280 hauteur=720
2026-08-02T18:42:32.613753Z  INFO agent::capteur::fenetre: l'enfant a fermé le canal session=w-2 images=0
2026-08-02T18:42:32.613752Z  INFO agent::capteur::tube: attaché au capteur session=w-2 sortie=\\.\DISPLAY5 largeur=1280 hauteur=720
2026-08-02T18:42:32.613793Z  INFO agent::encode::arret: IMFShutdown::Shutdown : avant mft="encodeur"
2026-08-02T18:42:32.613796Z  INFO agent::capteur::distante: canal rattaché au capteur largeur=1280 hauteur=720
2026-08-02T18:42:32.614319Z  INFO agent::encode::arret: IMFShutdown::Shutdown : après mft="encodeur"
2026-08-02T18:42:32.634721Z  WARN agent::capteur::serveur: DIAGNOSTIC : fil lecteur de commandes NON lancé
2026-08-02T18:42:32.635036Z  INFO agent::capture::ouverture: sortie retenue pour la duplication adaptateur=NVIDIA GeForce RTX 4070 index_adaptateur=0 index_sortie=1 nom_sortie=\\.\DISPLAY5 attachee=true
2026-08-02T18:42:32.695627Z  INFO agent::capture::ouverture: protection multi-fils activée sur le contexte immédiat D3D11 protection_precedente=false
2026-08-02T18:42:32.695845Z  INFO agent::capture: duplication de sortie établie desktop_width=1280 desktop_height=720
2026-08-02T18:42:32.695882Z  INFO agent::encode: encodeur matériel retenu encodeur=NVIDIA H.264 Encoder MFT
2026-08-02T18:42:32.741840Z  INFO agent::encode::arret: file de travail sérialisée imposée mft="encodeur" file=327787
2026-08-02T18:42:32.742045Z  INFO agent::encode: convertisseur BGRA→NV12 (Video Processor MFT) configuré converter_provides_samples=true
2026-08-02T18:42:32.742355Z  INFO agent::capteur::fenetre: fenêtre attachée au capteur session=w-2 sortie=\\.\DISPLAY5 largeur=1280 hauteur=720
2026-08-02T18:42:32.742366Z  INFO agent::capteur::fenetre: l'enfant a fermé le canal session=w-2 images=0
2026-08-02T18:42:32.742373Z  INFO agent::capteur::tube: attaché au capteur session=w-2 sortie=\\.\DISPLAY5 largeur=1280 hauteur=720
2026-08-02T18:42:32.742423Z  INFO agent::encode::arret: IMFShutdown::Shutdown : avant mft="encodeur"
2026-08-02T18:42:32.742434Z  INFO agent::capteur::distante: canal rattaché au capteur largeur=1280 hauteur=720
2026-08-02T18:42:32.742943Z  INFO agent::encode::arret: IMFShutdown::Shutdown : après mft="encodeur"
2026-08-02T18:42:32.763105Z  WARN agent::capteur::serveur: DIAGNOSTIC : fil lecteur de commandes NON lancé
2026-08-02T18:42:32.763426Z  INFO agent::capture::ouverture: sortie retenue pour la duplication adaptateur=NVIDIA GeForce RTX 4070 index_adaptateur=0 index_sortie=1 nom_sortie=\\.\DISPLAY5 attachee=true
2026-08-02T18:42:32.832795Z  INFO agent::capture::ouverture: protection multi-fils activée sur le contexte immédiat D3D11 protection_precedente=false
2026-08-02T18:42:32.833099Z  INFO agent::capture: duplication de sortie établie desktop_width=1280 desktop_height=720
2026-08-02T18:42:32.833138Z  INFO agent::encode: encodeur matériel retenu encodeur=NVIDIA H.264 Encoder MFT
2026-08-02T18:42:32.878894Z  INFO agent::encode::arret: file de travail sérialisée imposée mft="encodeur" file=327790
2026-08-02T18:42:32.879104Z  INFO agent::encode: convertisseur BGRA→NV12 (Video Processor MFT) configuré converter_provides_samples=true
2026-08-02T18:42:32.879360Z  INFO agent::capteur::fenetre: fenêtre attachée au capteur session=w-2 sortie=\\.\DISPLAY5 largeur=1280 hauteur=720
2026-08-02T18:42:32.879370Z  INFO agent::capteur::fenetre: l'enfant a fermé le canal session=w-2 images=0
2026-08-02T18:42:32.879375Z  INFO agent::capteur::tube: attaché au capteur session=w-2 sortie=\\.\DISPLAY5 largeur=1280 hauteur=720
2026-08-02T18:42:32.879417Z  INFO agent::encode::arret: IMFShutdown::Shutdown : avant mft="encodeur"
2026-08-02T18:42:32.879429Z  INFO agent::capteur::distante: canal rattaché au capteur largeur=1280 hauteur=720
2026-08-02T18:42:32.879971Z  INFO agent::encode::arret: IMFShutdown::Shutdown : après mft="encodeur"
2026-08-02T18:42:32.899921Z  WARN agent::capteur::serveur: DIAGNOSTIC : fil lecteur de commandes NON lancé
2026-08-02T18:42:32.900258Z  INFO agent::capture::ouverture: sortie retenue pour la duplication adaptateur=NVIDIA GeForce RTX 4070 index_adaptateur=0 index_sortie=1 nom_sortie=\\.\DISPLAY5 attachee=true
2026-08-02T18:42:32.959544Z  INFO agent::capture::ouverture: protection multi-fils activée sur le contexte immédiat D3D11 protection_precedente=false
2026-08-02T18:42:32.959768Z  INFO agent::capture: duplication de sortie établie desktop_width=1280 desktop_height=720
2026-08-02T18:42:32.959807Z  INFO agent::encode: encodeur matériel retenu encodeur=NVIDIA H.264 Encoder MFT
2026-08-02T18:42:33.006474Z  INFO agent::encode::arret: file de travail sérialisée imposée mft="encodeur" file=327793
2026-08-02T18:42:33.006684Z  INFO agent::encode: convertisseur BGRA→NV12 (Video Processor MFT) configuré converter_provides_samples=true
2026-08-02T18:42:33.006989Z  INFO agent::capteur::fenetre: fenêtre attachée au capteur session=w-2 sortie=\\.\DISPLAY5 largeur=1280 hauteur=720
2026-08-02T18:42:33.006999Z  INFO agent::capteur::fenetre: l'enfant a fermé le canal session=w-2 images=0
2026-08-02T18:42:33.007006Z  INFO agent::capteur::tube: attaché au capteur session=w-2 sortie=\\.\DISPLAY5 largeur=1280 hauteur=720
2026-08-02T18:42:33.007054Z  INFO agent::encode::arret: IMFShutdown::Shutdown : avant mft="encodeur"
2026-08-02T18:42:33.007063Z  INFO agent::capteur::distante: canal rattaché au capteur largeur=1280 hauteur=720
2026-08-02T18:42:33.007565Z  INFO agent::encode::arret: IMFShutdown::Shutdown : après mft="encodeur"
2026-08-02T18:42:33.028381Z  WARN agent::capteur::serveur: DIAGNOSTIC : fil lecteur de commandes NON lancé
2026-08-02T18:42:33.028719Z  INFO agent::capture::ouverture: sortie retenue pour la duplication adaptateur=NVIDIA GeForce RTX 4070 index_adaptateur=0 index_sortie=1 nom_sortie=\\.\DISPLAY5 attachee=true
2026-08-02T18:42:33.091691Z  INFO agent::capture::ouverture: protection multi-fils activée sur le contexte immédiat D3D11 protection_precedente=false
2026-08-02T18:42:33.091924Z  INFO agent::capture: duplication de sortie établie desktop_width=1280 desktop_height=720
2026-08-02T18:42:33.091962Z  INFO agent::encode: encodeur matériel retenu encodeur=NVIDIA H.264 Encoder MFT
2026-08-02T18:42:33.141335Z  INFO agent::encode::arret: file de travail sérialisée imposée mft="encodeur" file=327796
2026-08-02T18:42:33.141545Z  INFO agent::encode: convertisseur BGRA→NV12 (Video Processor MFT) configuré converter_provides_samples=true
2026-08-02T18:42:33.141860Z  INFO agent::capteur::fenetre: fenêtre attachée au capteur session=w-2 sortie=\\.\DISPLAY5 largeur=1280 hauteur=720
2026-08-02T18:42:33.141872Z  INFO agent::capteur::fenetre: l'enfant a fermé le canal session=w-2 images=0
2026-08-02T18:42:33.141885Z  INFO agent::capteur::tube: attaché au capteur session=w-2 sortie=\\.\DISPLAY5 largeur=1280 hauteur=720
2026-08-02T18:42:33.141916Z  INFO agent::encode::arret: IMFShutdown::Shutdown : avant mft="encodeur"
2026-08-02T18:42:33.141938Z  INFO agent::capteur::distante: canal rattaché au capteur largeur=1280 hauteur=720
2026-08-02T18:42:33.142041Z  WARN agent::transport::socket: échec de réception UDP transitoire, ignoré erreur=Une connexion existante a dû être fermée par l’hôte distant. (os error 10054) consecutives=1 backoff_ms=2
2026-08-02T18:42:33.142485Z  INFO agent::encode::arret: IMFShutdown::Shutdown : après mft="encodeur"
2026-08-02T18:42:33.145125Z  WARN agent::transport::socket: échec de réception UDP transitoire, ignoré erreur=Une connexion existante a dû être fermée par l’hôte distant. (os error 10054) consecutives=1 backoff_ms=2
2026-08-02T18:42:33.163029Z  WARN agent::capteur::serveur: DIAGNOSTIC : fil lecteur de commandes NON lancé
2026-08-02T18:42:33.163360Z  INFO agent::capture::ouverture: sortie retenue pour la duplication adaptateur=NVIDIA GeForce RTX 4070 index_adaptateur=0 index_sortie=1 nom_sortie=\\.\DISPLAY5 attachee=true
2026-08-02T18:42:33.232825Z  INFO agent::capture::ouverture: protection multi-fils activée sur le contexte immédiat D3D11 protection_precedente=false
2026-08-02T18:42:33.233048Z  INFO agent::capture: duplication de sortie établie desktop_width=1280 desktop_height=720
2026-08-02T18:42:33.233088Z  INFO agent::encode: encodeur matériel retenu encodeur=NVIDIA H.264 Encoder MFT
2026-08-02T18:42:33.278044Z  INFO agent::encode::arret: file de travail sérialisée imposée mft="encodeur" file=327799
2026-08-02T18:42:33.278242Z  INFO agent::encode: convertisseur BGRA→NV12 (Video Processor MFT) configuré converter_provides_samples=true
2026-08-02T18:42:33.278537Z  INFO agent::capteur::fenetre: fenêtre attachée au capteur session=w-2 sortie=\\.\DISPLAY5 largeur=1280 hauteur=720
2026-08-02T18:42:33.278548Z  INFO agent::capteur::fenetre: l'enfant a fermé le canal session=w-2 images=0
2026-08-02T18:42:33.278585Z  INFO agent::capteur::tube: attaché au capteur session=w-2 sortie=\\.\DISPLAY5 largeur=1280 hauteur=720
2026-08-02T18:42:33.278596Z  INFO agent::encode::arret: IMFShutdown::Shutdown : avant mft="encodeur"
2026-08-02T18:42:33.278633Z  INFO agent::capteur::distante: canal rattaché au capteur largeur=1280 hauteur=720
2026-08-02T18:42:33.279110Z  INFO agent::encode::arret: IMFShutdown::Shutdown : après mft="encodeur"
2026-08-02T18:42:33.299502Z  WARN agent::capteur::serveur: DIAGNOSTIC : fil lecteur de commandes NON lancé
2026-08-02T18:42:33.299888Z  INFO agent::capture::ouverture: sortie retenue pour la duplication adaptateur=NVIDIA GeForce RTX 4070 index_adaptateur=0 index_sortie=1 nom_sortie=\\.\DISPLAY5 attachee=true
2026-08-02T18:42:33.359031Z  INFO agent::capture::ouverture: protection multi-fils activée sur le contexte immédiat D3D11 protection_precedente=false
2026-08-02T18:42:33.359269Z  INFO agent::capture: duplication de sortie établie desktop_width=1280 desktop_height=720
2026-08-02T18:42:33.359306Z  INFO agent::encode: encodeur matériel retenu encodeur=NVIDIA H.264 Encoder MFT
2026-08-02T18:42:33.405216Z  INFO agent::encode::arret: file de travail sérialisée imposée mft="encodeur" file=327802
2026-08-02T18:42:33.405408Z  INFO agent::encode: convertisseur BGRA→NV12 (Video Processor MFT) configuré converter_provides_samples=true
2026-08-02T18:42:33.405657Z  INFO agent::capteur::fenetre: fenêtre attachée au capteur session=w-2 sortie=\\.\DISPLAY5 largeur=1280 hauteur=720
2026-08-02T18:42:33.405669Z  INFO agent::capteur::fenetre: l'enfant a fermé le canal session=w-2 images=0
2026-08-02T18:42:33.405672Z  INFO agent::capteur::tube: attaché au capteur session=w-2 sortie=\\.\DISPLAY5 largeur=1280 hauteur=720
2026-08-02T18:42:33.405717Z  INFO agent::capteur::distante: canal rattaché au capteur largeur=1280 hauteur=720
2026-08-02T18:42:33.405755Z  INFO agent::encode::arret: IMFShutdown::Shutdown : avant mft="encodeur"
2026-08-02T18:42:33.406268Z  INFO agent::encode::arret: IMFShutdown::Shutdown : après mft="encodeur"
2026-08-02T18:42:33.426239Z  WARN agent::capteur::serveur: DIAGNOSTIC : fil lecteur de commandes NON lancé
2026-08-02T18:42:33.426549Z  INFO agent::capture::ouverture: sortie retenue pour la duplication adaptateur=NVIDIA GeForce RTX 4070 index_adaptateur=0 index_sortie=1 nom_sortie=\\.\DISPLAY5 attachee=true
2026-08-02T18:42:33.487359Z  INFO agent::capture::ouverture: protection multi-fils activée sur le contexte immédiat D3D11 protection_precedente=false
2026-08-02T18:42:33.487573Z  INFO agent::capture: duplication de sortie établie desktop_width=1280 desktop_height=720
2026-08-02T18:42:33.487608Z  INFO agent::encode: encodeur matériel retenu encodeur=NVIDIA H.264 Encoder MFT
2026-08-02T18:42:33.532933Z  INFO agent::encode::arret: file de travail sérialisée imposée mft="encodeur" file=327805
2026-08-02T18:42:33.533153Z  INFO agent::encode: convertisseur BGRA→NV12 (Video Processor MFT) configuré converter_provides_samples=true
2026-08-02T18:42:33.533404Z  INFO agent::capteur::fenetre: fenêtre attachée au capteur session=w-2 sortie=\\.\DISPLAY5 largeur=1280 hauteur=720
2026-08-02T18:42:33.533416Z  INFO agent::capteur::fenetre: l'enfant a fermé le canal session=w-2 images=0
2026-08-02T18:42:33.533415Z  INFO agent::capteur::tube: attaché au capteur session=w-2 sortie=\\.\DISPLAY5 largeur=1280 hauteur=720
2026-08-02T18:42:33.533464Z  INFO agent::capteur::distante: canal rattaché au capteur largeur=1280 hauteur=720
2026-08-02T18:42:33.533466Z  INFO agent::encode::arret: IMFShutdown::Shutdown : avant mft="encodeur"
2026-08-02T18:42:33.533961Z  INFO agent::encode::arret: IMFShutdown::Shutdown : après mft="encodeur"
2026-08-02T18:42:33.554208Z  WARN agent::capteur::serveur: DIAGNOSTIC : fil lecteur de commandes NON lancé
2026-08-02T18:42:33.554524Z  INFO agent::capture::ouverture: sortie retenue pour la duplication adaptateur=NVIDIA GeForce RTX 4070 index_adaptateur=0 index_sortie=1 nom_sortie=\\.\DISPLAY5 attachee=true
2026-08-02T18:42:33.613697Z  INFO agent::capture::ouverture: protection multi-fils activée sur le contexte immédiat D3D11 protection_precedente=false
2026-08-02T18:42:33.613916Z  INFO agent::capture: duplication de sortie établie desktop_width=1280 desktop_height=720
2026-08-02T18:42:33.613952Z  INFO agent::encode: encodeur matériel retenu encodeur=NVIDIA H.264 Encoder MFT
2026-08-02T18:42:33.661954Z  INFO agent::encode::arret: file de travail sérialisée imposée mft="encodeur" file=327808
2026-08-02T18:42:33.662151Z  INFO agent::encode: convertisseur BGRA→NV12 (Video Processor MFT) configuré converter_provides_samples=true
2026-08-02T18:42:33.662427Z  INFO agent::capteur::fenetre: fenêtre attachée au capteur session=w-2 sortie=\\.\DISPLAY5 largeur=1280 hauteur=720
2026-08-02T18:42:33.662439Z  INFO agent::capteur::fenetre: l'enfant a fermé le canal session=w-2 images=0
2026-08-02T18:42:33.662474Z  INFO agent::capteur::tube: attaché au capteur session=w-2 sortie=\\.\DISPLAY5 largeur=1280 hauteur=720
2026-08-02T18:42:33.662487Z  INFO agent::encode::arret: IMFShutdown::Shutdown : avant mft="encodeur"
2026-08-02T18:42:33.662522Z  INFO agent::capteur::distante: canal rattaché au capteur largeur=1280 hauteur=720
2026-08-02T18:42:33.663000Z  INFO agent::encode::arret: IMFShutdown::Shutdown : après mft="encodeur"
2026-08-02T18:42:33.683035Z  WARN agent::capteur::serveur: DIAGNOSTIC : fil lecteur de commandes NON lancé
2026-08-02T18:42:33.683339Z  INFO agent::capture::ouverture: sortie retenue pour la duplication adaptateur=NVIDIA GeForce RTX 4070 index_adaptateur=0 index_sortie=1 nom_sortie=\\.\DISPLAY5 attachee=true
2026-08-02T18:42:33.742547Z  INFO agent::capture::ouverture: protection multi-fils activée sur le contexte immédiat D3D11 protection_precedente=false
2026-08-02T18:42:33.742789Z  INFO agent::capture: duplication de sortie établie desktop_width=1280 desktop_height=720
2026-08-02T18:42:33.742825Z  INFO agent::encode: encodeur matériel retenu encodeur=NVIDIA H.264 Encoder MFT
2026-08-02T18:42:33.789724Z  INFO agent::encode::arret: file de travail sérialisée imposée mft="encodeur" file=327811
2026-08-02T18:42:33.789956Z  INFO agent::encode: convertisseur BGRA→NV12 (Video Processor MFT) configuré converter_provides_samples=true
2026-08-02T18:42:33.790277Z  INFO agent::capteur::fenetre: fenêtre attachée au capteur session=w-2 sortie=\\.\DISPLAY5 largeur=1280 hauteur=720
2026-08-02T18:42:33.790293Z  INFO agent::capteur::fenetre: l'enfant a fermé le canal session=w-2 images=0
2026-08-02T18:42:33.790291Z  INFO agent::capteur::tube: attaché au capteur session=w-2 sortie=\\.\DISPLAY5 largeur=1280 hauteur=720
2026-08-02T18:42:33.790352Z  INFO agent::encode::arret: IMFShutdown::Shutdown : avant mft="encodeur"
2026-08-02T18:42:33.790360Z  INFO agent::capteur::distante: canal rattaché au capteur largeur=1280 hauteur=720
2026-08-02T18:42:33.790926Z  INFO agent::encode::arret: IMFShutdown::Shutdown : après mft="encodeur"
2026-08-02T18:42:33.811517Z  WARN agent::capteur::serveur: DIAGNOSTIC : fil lecteur de commandes NON lancé
2026-08-02T18:42:33.811899Z  INFO agent::capture::ouverture: sortie retenue pour la duplication adaptateur=NVIDIA GeForce RTX 4070 index_adaptateur=0 index_sortie=1 nom_sortie=\\.\DISPLAY5 attachee=true
2026-08-02T18:42:33.873050Z  INFO agent::capture::ouverture: protection multi-fils activée sur le contexte immédiat D3D11 protection_precedente=false
2026-08-02T18:42:33.873284Z  INFO agent::capture: duplication de sortie établie desktop_width=1280 desktop_height=720
2026-08-02T18:42:33.873321Z  INFO agent::encode: encodeur matériel retenu encodeur=NVIDIA H.264 Encoder MFT
2026-08-02T18:42:33.920271Z  INFO agent::encode::arret: file de travail sérialisée imposée mft="encodeur" file=327814
2026-08-02T18:42:33.920496Z  INFO agent::encode: convertisseur BGRA→NV12 (Video Processor MFT) configuré converter_provides_samples=true
2026-08-02T18:42:33.920788Z  INFO agent::capteur::fenetre: fenêtre attachée au capteur session=w-2 sortie=\\.\DISPLAY5 largeur=1280 hauteur=720
2026-08-02T18:42:33.920800Z  INFO agent::capteur::fenetre: l'enfant a fermé le canal session=w-2 images=0
2026-08-02T18:42:33.920803Z  INFO agent::capteur::tube: attaché au capteur session=w-2 sortie=\\.\DISPLAY5 largeur=1280 hauteur=720
2026-08-02T18:42:33.920850Z  INFO agent::capteur::distante: canal rattaché au capteur largeur=1280 hauteur=720
2026-08-02T18:42:33.920852Z  INFO agent::encode::arret: IMFShutdown::Shutdown : avant mft="encodeur"
2026-08-02T18:42:33.921344Z  INFO agent::encode::arret: IMFShutdown::Shutdown : après mft="encodeur"
2026-08-02T18:42:33.941509Z  WARN agent::capteur::serveur: DIAGNOSTIC : fil lecteur de commandes NON lancé
2026-08-02T18:42:33.941896Z  INFO agent::capture::ouverture: sortie retenue pour la duplication adaptateur=NVIDIA GeForce RTX 4070 index_adaptateur=0 index_sortie=1 nom_sortie=\\.\DISPLAY5 attachee=true
2026-08-02T18:42:34.004347Z  INFO agent::capture::ouverture: protection multi-fils activée sur le contexte immédiat D3D11 protection_precedente=false
2026-08-02T18:42:34.004571Z  INFO agent::capture: duplication de sortie établie desktop_width=1280 desktop_height=720
2026-08-02T18:42:34.004607Z  INFO agent::encode: encodeur matériel retenu encodeur=NVIDIA H.264 Encoder MFT
2026-08-02T18:42:34.049656Z  INFO agent::encode::arret: file de travail sérialisée imposée mft="encodeur" file=327817
2026-08-02T18:42:34.049887Z  INFO agent::encode: convertisseur BGRA→NV12 (Video Processor MFT) configuré converter_provides_samples=true
2026-08-02T18:42:34.050164Z  INFO agent::capteur::fenetre: fenêtre attachée au capteur session=w-2 sortie=\\.\DISPLAY5 largeur=1280 hauteur=720
2026-08-02T18:42:34.050173Z  INFO agent::capteur::fenetre: l'enfant a fermé le canal session=w-2 images=0
2026-08-02T18:42:34.050217Z  INFO agent::capteur::tube: attaché au capteur session=w-2 sortie=\\.\DISPLAY5 largeur=1280 hauteur=720
2026-08-02T18:42:34.050232Z  INFO agent::encode::arret: IMFShutdown::Shutdown : avant mft="encodeur"
2026-08-02T18:42:34.050274Z  INFO agent::capteur::distante: canal rattaché au capteur largeur=1280 hauteur=720
2026-08-02T18:42:34.050726Z  INFO agent::encode::arret: IMFShutdown::Shutdown : après mft="encodeur"
2026-08-02T18:42:34.071058Z  WARN agent::capteur::serveur: DIAGNOSTIC : fil lecteur de commandes NON lancé
2026-08-02T18:42:34.071423Z  INFO agent::capture::ouverture: sortie retenue pour la duplication adaptateur=NVIDIA GeForce RTX 4070 index_adaptateur=0 index_sortie=1 nom_sortie=\\.\DISPLAY5 attachee=true
2026-08-02T18:42:34.132134Z  INFO agent::capture::ouverture: protection multi-fils activée sur le contexte immédiat D3D11 protection_precedente=false
2026-08-02T18:42:34.132360Z  INFO agent::capture: duplication de sortie établie desktop_width=1280 desktop_height=720
2026-08-02T18:42:34.132395Z  INFO agent::encode: encodeur matériel retenu encodeur=NVIDIA H.264 Encoder MFT
2026-08-02T18:42:34.179384Z  INFO agent::encode::arret: file de travail sérialisée imposée mft="encodeur" file=327820
2026-08-02T18:42:34.179587Z  INFO agent::encode: convertisseur BGRA→NV12 (Video Processor MFT) configuré converter_provides_samples=true
2026-08-02T18:42:34.179877Z  INFO agent::capteur::fenetre: fenêtre attachée au capteur session=w-2 sortie=\\.\DISPLAY5 largeur=1280 hauteur=720
2026-08-02T18:42:34.179887Z  INFO agent::capteur::fenetre: l'enfant a fermé le canal session=w-2 images=0
2026-08-02T18:42:34.179891Z  INFO agent::capteur::tube: attaché au capteur session=w-2 sortie=\\.\DISPLAY5 largeur=1280 hauteur=720
2026-08-02T18:42:34.179940Z  INFO agent::capteur::distante: canal rattaché au capteur largeur=1280 hauteur=720
2026-08-02T18:42:34.179943Z  INFO agent::encode::arret: IMFShutdown::Shutdown : avant mft="encodeur"
2026-08-02T18:42:34.180444Z  INFO agent::encode::arret: IMFShutdown::Shutdown : après mft="encodeur"
2026-08-02T18:42:34.200916Z  WARN agent::capteur::serveur: DIAGNOSTIC : fil lecteur de commandes NON lancé
2026-08-02T18:42:34.201253Z  INFO agent::capture::ouverture: sortie retenue pour la duplication adaptateur=NVIDIA GeForce RTX 4070 index_adaptateur=0 index_sortie=1 nom_sortie=\\.\DISPLAY5 attachee=true
2026-08-02T18:42:34.265078Z  INFO agent::capture::ouverture: protection multi-fils activée sur le contexte immédiat D3D11 protection_precedente=false
2026-08-02T18:42:34.265296Z  INFO agent::capture: duplication de sortie établie desktop_width=1280 desktop_height=720
2026-08-02T18:42:34.265333Z  INFO agent::encode: encodeur matériel retenu encodeur=NVIDIA H.264 Encoder MFT
2026-08-02T18:42:34.311594Z  INFO agent::encode::arret: file de travail sérialisée imposée mft="encodeur" file=327823
2026-08-02T18:42:34.311813Z  INFO agent::encode: convertisseur BGRA→NV12 (Video Processor MFT) configuré converter_provides_samples=true
2026-08-02T18:42:34.312076Z  INFO agent::capteur::fenetre: fenêtre attachée au capteur session=w-2 sortie=\\.\DISPLAY5 largeur=1280 hauteur=720
2026-08-02T18:42:34.312088Z  INFO agent::capteur::fenetre: l'enfant a fermé le canal session=w-2 images=0
2026-08-02T18:42:34.312091Z  INFO agent::capteur::tube: attaché au capteur session=w-2 sortie=\\.\DISPLAY5 largeur=1280 hauteur=720
2026-08-02T18:42:34.312138Z  INFO agent::capteur::distante: canal rattaché au capteur largeur=1280 hauteur=720
2026-08-02T18:42:34.312142Z  INFO agent::encode::arret: IMFShutdown::Shutdown : avant mft="encodeur"
2026-08-02T18:42:34.312635Z  INFO agent::encode::arret: IMFShutdown::Shutdown : après mft="encodeur"
2026-08-02T18:42:34.333167Z  WARN agent::capteur::serveur: DIAGNOSTIC : fil lecteur de commandes NON lancé
2026-08-02T18:42:34.333538Z  INFO agent::capture::ouverture: sortie retenue pour la duplication adaptateur=NVIDIA GeForce RTX 4070 index_adaptateur=0 index_sortie=1 nom_sortie=\\.\DISPLAY5 attachee=true
2026-08-02T18:42:34.391750Z  INFO agent::capture::ouverture: protection multi-fils activée sur le contexte immédiat D3D11 protection_precedente=false
2026-08-02T18:42:34.391979Z  INFO agent::capture: duplication de sortie établie desktop_width=1280 desktop_height=720
2026-08-02T18:42:34.392017Z  INFO agent::encode: encodeur matériel retenu encodeur=NVIDIA H.264 Encoder MFT
2026-08-02T18:42:34.440311Z  INFO agent::encode::arret: file de travail sérialisée imposée mft="encodeur" file=327826
2026-08-02T18:42:34.440521Z  INFO agent::encode: convertisseur BGRA→NV12 (Video Processor MFT) configuré converter_provides_samples=true
2026-08-02T18:42:34.440831Z  INFO agent::capteur::fenetre: fenêtre attachée au capteur session=w-2 sortie=\\.\DISPLAY5 largeur=1280 hauteur=720
2026-08-02T18:42:34.440845Z  INFO agent::capteur::fenetre: l'enfant a fermé le canal session=w-2 images=0
2026-08-02T18:42:34.440876Z  INFO agent::capteur::tube: attaché au capteur session=w-2 sortie=\\.\DISPLAY5 largeur=1280 hauteur=720
2026-08-02T18:42:34.440899Z  INFO agent::encode::arret: IMFShutdown::Shutdown : avant mft="encodeur"
2026-08-02T18:42:34.440931Z  INFO agent::capteur::distante: canal rattaché au capteur largeur=1280 hauteur=720
2026-08-02T18:42:34.441432Z  INFO agent::encode::arret: IMFShutdown::Shutdown : après mft="encodeur"
2026-08-02T18:42:34.461588Z  WARN agent::capteur::serveur: DIAGNOSTIC : fil lecteur de commandes NON lancé
2026-08-02T18:42:34.461945Z  INFO agent::capture::ouverture: sortie retenue pour la duplication adaptateur=NVIDIA GeForce RTX 4070 index_adaptateur=0 index_sortie=1 nom_sortie=\\.\DISPLAY5 attachee=true
2026-08-02T18:42:34.521169Z  INFO agent::capture::ouverture: protection multi-fils activée sur le contexte immédiat D3D11 protection_precedente=false
2026-08-02T18:42:34.521387Z  INFO agent::capture: duplication de sortie établie desktop_width=1280 desktop_height=720
2026-08-02T18:42:34.521423Z  INFO agent::encode: encodeur matériel retenu encodeur=NVIDIA H.264 Encoder MFT
2026-08-02T18:42:34.568613Z  INFO agent::encode::arret: file de travail sérialisée imposée mft="encodeur" file=327829
2026-08-02T18:42:34.568810Z  INFO agent::encode: convertisseur BGRA→NV12 (Video Processor MFT) configuré converter_provides_samples=true
2026-08-02T18:42:34.569083Z  INFO agent::capteur::fenetre: fenêtre attachée au capteur session=w-2 sortie=\\.\DISPLAY5 largeur=1280 hauteur=720
2026-08-02T18:42:34.569093Z  INFO agent::capteur::fenetre: l'enfant a fermé le canal session=w-2 images=0
2026-08-02T18:42:34.569097Z  INFO agent::capteur::tube: attaché au capteur session=w-2 sortie=\\.\DISPLAY5 largeur=1280 hauteur=720
2026-08-02T18:42:34.569141Z  INFO agent::encode::arret: IMFShutdown::Shutdown : avant mft="encodeur"
2026-08-02T18:42:34.569146Z  INFO agent::capteur::distante: canal rattaché au capteur largeur=1280 hauteur=720
2026-08-02T18:42:34.569625Z  INFO agent::encode::arret: IMFShutdown::Shutdown : après mft="encodeur"
2026-08-02T18:42:34.590047Z  WARN agent::capteur::serveur: DIAGNOSTIC : fil lecteur de commandes NON lancé
2026-08-02T18:42:34.590367Z  INFO agent::capture::ouverture: sortie retenue pour la duplication adaptateur=NVIDIA GeForce RTX 4070 index_adaptateur=0 index_sortie=1 nom_sortie=\\.\DISPLAY5 attachee=true
2026-08-02T18:42:34.651151Z  INFO agent::capture::ouverture: protection multi-fils activée sur le contexte immédiat D3D11 protection_precedente=false
2026-08-02T18:42:34.651382Z  INFO agent::capture: duplication de sortie établie desktop_width=1280 desktop_height=720
2026-08-02T18:42:34.651418Z  INFO agent::encode: encodeur matériel retenu encodeur=NVIDIA H.264 Encoder MFT
2026-08-02T18:42:34.700037Z  INFO agent::encode::arret: file de travail sérialisée imposée mft="encodeur" file=327832
2026-08-02T18:42:34.700246Z  INFO agent::encode: convertisseur BGRA→NV12 (Video Processor MFT) configuré converter_provides_samples=true
2026-08-02T18:42:34.700537Z  INFO agent::capteur::fenetre: fenêtre attachée au capteur session=w-2 sortie=\\.\DISPLAY5 largeur=1280 hauteur=720
2026-08-02T18:42:34.700546Z  INFO agent::capteur::fenetre: l'enfant a fermé le canal session=w-2 images=0
2026-08-02T18:42:34.700599Z  INFO agent::encode::arret: IMFShutdown::Shutdown : avant mft="encodeur"
2026-08-02T18:42:34.700593Z  INFO agent::capteur::tube: attaché au capteur session=w-2 sortie=\\.\DISPLAY5 largeur=1280 hauteur=720
2026-08-02T18:42:34.700648Z  INFO agent::capteur::distante: canal rattaché au capteur largeur=1280 hauteur=720
2026-08-02T18:42:34.701129Z  INFO agent::encode::arret: IMFShutdown::Shutdown : après mft="encodeur"
2026-08-02T18:42:34.721551Z  WARN agent::capteur::serveur: DIAGNOSTIC : fil lecteur de commandes NON lancé
2026-08-02T18:42:34.721889Z  INFO agent::capture::ouverture: sortie retenue pour la duplication adaptateur=NVIDIA GeForce RTX 4070 index_adaptateur=0 index_sortie=1 nom_sortie=\\.\DISPLAY5 attachee=true
2026-08-02T18:42:34.780347Z  INFO agent::capture::ouverture: protection multi-fils activée sur le contexte immédiat D3D11 protection_precedente=false
2026-08-02T18:42:34.780575Z  INFO agent::capture: duplication de sortie établie desktop_width=1280 desktop_height=720
2026-08-02T18:42:34.780612Z  INFO agent::encode: encodeur matériel retenu encodeur=NVIDIA H.264 Encoder MFT
2026-08-02T18:42:34.829197Z  INFO agent::encode::arret: file de travail sérialisée imposée mft="encodeur" file=327835
2026-08-02T18:42:34.829409Z  INFO agent::encode: convertisseur BGRA→NV12 (Video Processor MFT) configuré converter_provides_samples=true
2026-08-02T18:42:34.829669Z  INFO agent::capteur::fenetre: fenêtre attachée au capteur session=w-2 sortie=\\.\DISPLAY5 largeur=1280 hauteur=720
2026-08-02T18:42:34.829681Z  INFO agent::capteur::fenetre: l'enfant a fermé le canal session=w-2 images=0
2026-08-02T18:42:34.829717Z  INFO agent::capteur::tube: attaché au capteur session=w-2 sortie=\\.\DISPLAY5 largeur=1280 hauteur=720
2026-08-02T18:42:34.829731Z  INFO agent::encode::arret: IMFShutdown::Shutdown : avant mft="encodeur"
2026-08-02T18:42:34.829766Z  INFO agent::capteur::distante: canal rattaché au capteur largeur=1280 hauteur=720
2026-08-02T18:42:34.830262Z  INFO agent::encode::arret: IMFShutdown::Shutdown : après mft="encodeur"
2026-08-02T18:42:34.850361Z  WARN agent::capteur::serveur: DIAGNOSTIC : fil lecteur de commandes NON lancé
2026-08-02T18:42:34.850692Z  INFO agent::capture::ouverture: sortie retenue pour la duplication adaptateur=NVIDIA GeForce RTX 4070 index_adaptateur=0 index_sortie=1 nom_sortie=\\.\DISPLAY5 attachee=true
2026-08-02T18:42:34.909834Z  INFO agent::capture::ouverture: protection multi-fils activée sur le contexte immédiat D3D11 protection_precedente=false
2026-08-02T18:42:34.910055Z  INFO agent::capture: duplication de sortie établie desktop_width=1280 desktop_height=720
2026-08-02T18:42:34.910095Z  INFO agent::encode: encodeur matériel retenu encodeur=NVIDIA H.264 Encoder MFT
2026-08-02T18:42:34.956210Z  INFO agent::encode::arret: file de travail sérialisée imposée mft="encodeur" file=327838
2026-08-02T18:42:34.956409Z  INFO agent::encode: convertisseur BGRA→NV12 (Video Processor MFT) configuré converter_provides_samples=true
2026-08-02T18:42:34.956720Z  INFO agent::capteur::fenetre: fenêtre attachée au capteur session=w-2 sortie=\\.\DISPLAY5 largeur=1280 hauteur=720
2026-08-02T18:42:34.956731Z  INFO agent::capteur::fenetre: l'enfant a fermé le canal session=w-2 images=0
2026-08-02T18:42:34.956733Z  INFO agent::capteur::tube: attaché au capteur session=w-2 sortie=\\.\DISPLAY5 largeur=1280 hauteur=720
2026-08-02T18:42:34.956769Z  INFO agent::encode::arret: IMFShutdown::Shutdown : avant mft="encodeur"
2026-08-02T18:42:34.956776Z  INFO agent::capteur::distante: canal rattaché au capteur largeur=1280 hauteur=720
2026-08-02T18:42:34.957278Z  INFO agent::encode::arret: IMFShutdown::Shutdown : après mft="encodeur"
2026-08-02T18:42:34.977837Z  WARN agent::capteur::serveur: DIAGNOSTIC : fil lecteur de commandes NON lancé
2026-08-02T18:42:34.978175Z  INFO agent::capture::ouverture: sortie retenue pour la duplication adaptateur=NVIDIA GeForce RTX 4070 index_adaptateur=0 index_sortie=1 nom_sortie=\\.\DISPLAY5 attachee=true
2026-08-02T18:42:35.038254Z  INFO agent::capture::ouverture: protection multi-fils activée sur le contexte immédiat D3D11 protection_precedente=false
2026-08-02T18:42:35.038479Z  INFO agent::capture: duplication de sortie établie desktop_width=1280 desktop_height=720
2026-08-02T18:42:35.038518Z  INFO agent::encode: encodeur matériel retenu encodeur=NVIDIA H.264 Encoder MFT
2026-08-02T18:42:35.084695Z  INFO agent::encode::arret: file de travail sérialisée imposée mft="encodeur" file=327841
2026-08-02T18:42:35.084897Z  INFO agent::encode: convertisseur BGRA→NV12 (Video Processor MFT) configuré converter_provides_samples=true
2026-08-02T18:42:35.085209Z  INFO agent::capteur::fenetre: fenêtre attachée au capteur session=w-2 sortie=\\.\DISPLAY5 largeur=1280 hauteur=720
2026-08-02T18:42:35.085220Z  INFO agent::capteur::fenetre: l'enfant a fermé le canal session=w-2 images=0
2026-08-02T18:42:35.085221Z  INFO agent::capteur::tube: attaché au capteur session=w-2 sortie=\\.\DISPLAY5 largeur=1280 hauteur=720
2026-08-02T18:42:35.085269Z  INFO agent::capteur::distante: canal rattaché au capteur largeur=1280 hauteur=720
2026-08-02T18:42:35.085270Z  INFO agent::encode::arret: IMFShutdown::Shutdown : avant mft="encodeur"
2026-08-02T18:42:35.085773Z  INFO agent::encode::arret: IMFShutdown::Shutdown : après mft="encodeur"
2026-08-02T18:42:35.106321Z  WARN agent::capteur::serveur: DIAGNOSTIC : fil lecteur de commandes NON lancé
2026-08-02T18:42:35.106645Z  INFO agent::capture::ouverture: sortie retenue pour la duplication adaptateur=NVIDIA GeForce RTX 4070 index_adaptateur=0 index_sortie=1 nom_sortie=\\.\DISPLAY5 attachee=true
2026-08-02T18:42:35.165196Z  INFO agent::capture::ouverture: protection multi-fils activée sur le contexte immédiat D3D11 protection_precedente=false
2026-08-02T18:42:35.165409Z  INFO agent::capture: duplication de sortie établie desktop_width=1280 desktop_height=720
2026-08-02T18:42:35.165446Z  INFO agent::encode: encodeur matériel retenu encodeur=NVIDIA H.264 Encoder MFT
2026-08-02T18:42:35.212139Z  INFO agent::encode::arret: file de travail sérialisée imposée mft="encodeur" file=327844
2026-08-02T18:42:35.212349Z  INFO agent::encode: convertisseur BGRA→NV12 (Video Processor MFT) configuré converter_provides_samples=true
2026-08-02T18:42:35.212633Z  INFO agent::capteur::fenetre: fenêtre attachée au capteur session=w-2 sortie=\\.\DISPLAY5 largeur=1280 hauteur=720
2026-08-02T18:42:35.212643Z  INFO agent::capteur::fenetre: l'enfant a fermé le canal session=w-2 images=0
2026-08-02T18:42:35.212682Z  INFO agent::capteur::tube: attaché au capteur session=w-2 sortie=\\.\DISPLAY5 largeur=1280 hauteur=720
2026-08-02T18:42:35.212694Z  INFO agent::encode::arret: IMFShutdown::Shutdown : avant mft="encodeur"
2026-08-02T18:42:35.212734Z  INFO agent::capteur::distante: canal rattaché au capteur largeur=1280 hauteur=720
2026-08-02T18:42:35.213258Z  INFO agent::encode::arret: IMFShutdown::Shutdown : après mft="encodeur"
2026-08-02T18:42:35.233307Z  WARN agent::capteur::serveur: DIAGNOSTIC : fil lecteur de commandes NON lancé
2026-08-02T18:42:35.233629Z  INFO agent::capture::ouverture: sortie retenue pour la duplication adaptateur=NVIDIA GeForce RTX 4070 index_adaptateur=0 index_sortie=1 nom_sortie=\\.\DISPLAY5 attachee=true
2026-08-02T18:42:35.292756Z  INFO agent::capture::ouverture: protection multi-fils activée sur le contexte immédiat D3D11 protection_precedente=false
2026-08-02T18:42:35.292972Z  INFO agent::capture: duplication de sortie établie desktop_width=1280 desktop_height=720
2026-08-02T18:42:35.293014Z  INFO agent::encode: encodeur matériel retenu encodeur=NVIDIA H.264 Encoder MFT
2026-08-02T18:42:35.339600Z  INFO agent::encode::arret: file de travail sérialisée imposée mft="encodeur" file=327847
2026-08-02T18:42:35.339813Z  INFO agent::encode: convertisseur BGRA→NV12 (Video Processor MFT) configuré converter_provides_samples=true
2026-08-02T18:42:35.340141Z  INFO agent::capteur::fenetre: fenêtre attachée au capteur session=w-2 sortie=\\.\DISPLAY5 largeur=1280 hauteur=720
2026-08-02T18:42:35.340152Z  INFO agent::capteur::fenetre: l'enfant a fermé le canal session=w-2 images=0
2026-08-02T18:42:35.340157Z  INFO agent::capteur::tube: attaché au capteur session=w-2 sortie=\\.\DISPLAY5 largeur=1280 hauteur=720
2026-08-02T18:42:35.340205Z  INFO agent::encode::arret: IMFShutdown::Shutdown : avant mft="encodeur"
2026-08-02T18:42:35.340210Z  INFO agent::capteur::distante: canal rattaché au capteur largeur=1280 hauteur=720
2026-08-02T18:42:35.340723Z  INFO agent::encode::arret: IMFShutdown::Shutdown : après mft="encodeur"
2026-08-02T18:42:35.360685Z  WARN agent::capteur::serveur: DIAGNOSTIC : fil lecteur de commandes NON lancé
2026-08-02T18:42:35.361005Z  INFO agent::capture::ouverture: sortie retenue pour la duplication adaptateur=NVIDIA GeForce RTX 4070 index_adaptateur=0 index_sortie=1 nom_sortie=\\.\DISPLAY5 attachee=true
2026-08-02T18:42:35.420345Z  INFO agent::capture::ouverture: protection multi-fils activée sur le contexte immédiat D3D11 protection_precedente=false
2026-08-02T18:42:35.420579Z  INFO agent::capture: duplication de sortie établie desktop_width=1280 desktop_height=720
2026-08-02T18:42:35.420618Z  INFO agent::encode: encodeur matériel retenu encodeur=NVIDIA H.264 Encoder MFT
2026-08-02T18:42:35.475109Z  INFO agent::encode::arret: file de travail sérialisée imposée mft="encodeur" file=327850
2026-08-02T18:42:35.475319Z  INFO agent::encode: convertisseur BGRA→NV12 (Video Processor MFT) configuré converter_provides_samples=true
2026-08-02T18:42:35.475611Z  INFO agent::capteur::fenetre: fenêtre attachée au capteur session=w-2 sortie=\\.\DISPLAY5 largeur=1280 hauteur=720
2026-08-02T18:42:35.475621Z  INFO agent::capteur::fenetre: l'enfant a fermé le canal session=w-2 images=0
2026-08-02T18:42:35.475627Z  INFO agent::capteur::tube: attaché au capteur session=w-2 sortie=\\.\DISPLAY5 largeur=1280 hauteur=720
2026-08-02T18:42:35.475672Z  INFO agent::encode::arret: IMFShutdown::Shutdown : avant mft="encodeur"
2026-08-02T18:42:35.475683Z  INFO agent::capteur::distante: canal rattaché au capteur largeur=1280 hauteur=720
2026-08-02T18:42:35.475701Z  INFO agent::transport::cadence_video: cadence de la piste vidéo (côté enfant) session=w-2 unites=0 cadence="0.0"
2026-08-02T18:42:35.476196Z  INFO agent::encode::arret: IMFShutdown::Shutdown : après mft="encodeur"
2026-08-02T18:42:35.496606Z  WARN agent::capteur::serveur: DIAGNOSTIC : fil lecteur de commandes NON lancé
2026-08-02T18:42:35.496958Z  INFO agent::capture::ouverture: sortie retenue pour la duplication adaptateur=NVIDIA GeForce RTX 4070 index_adaptateur=0 index_sortie=1 nom_sortie=\\.\DISPLAY5 attachee=true
2026-08-02T18:42:35.557226Z  INFO agent::capture::ouverture: protection multi-fils activée sur le contexte immédiat D3D11 protection_precedente=false
2026-08-02T18:42:35.557524Z  INFO agent::capture: duplication de sortie établie desktop_width=1280 desktop_height=720
2026-08-02T18:42:35.557564Z  INFO agent::encode: encodeur matériel retenu encodeur=NVIDIA H.264 Encoder MFT
2026-08-02T18:42:35.603238Z  INFO agent::encode::arret: file de travail sérialisée imposée mft="encodeur" file=327853
2026-08-02T18:42:35.603452Z  INFO agent::encode: convertisseur BGRA→NV12 (Video Processor MFT) configuré converter_provides_samples=true
2026-08-02T18:42:35.603685Z  INFO agent::capteur::fenetre: fenêtre attachée au capteur session=w-2 sortie=\\.\DISPLAY5 largeur=1280 hauteur=720
2026-08-02T18:42:35.603695Z  INFO agent::capteur::fenetre: l'enfant a fermé le canal session=w-2 images=0
2026-08-02T18:42:35.603698Z  INFO agent::capteur::tube: attaché au capteur session=w-2 sortie=\\.\DISPLAY5 largeur=1280 hauteur=720
2026-08-02T18:42:35.603743Z  INFO agent::encode::arret: IMFShutdown::Shutdown : avant mft="encodeur"
2026-08-02T18:42:35.603749Z  INFO agent::capteur::distante: canal rattaché au capteur largeur=1280 hauteur=720
2026-08-02T18:42:35.604225Z  INFO agent::encode::arret: IMFShutdown::Shutdown : après mft="encodeur"
2026-08-02T18:42:35.624615Z  WARN agent::capteur::serveur: DIAGNOSTIC : fil lecteur de commandes NON lancé
2026-08-02T18:42:35.625011Z  INFO agent::capture::ouverture: sortie retenue pour la duplication adaptateur=NVIDIA GeForce RTX 4070 index_adaptateur=0 index_sortie=1 nom_sortie=\\.\DISPLAY5 attachee=true
2026-08-02T18:42:35.686777Z  INFO agent::capture::ouverture: protection multi-fils activée sur le contexte immédiat D3D11 protection_precedente=false
2026-08-02T18:42:35.687022Z  INFO agent::capture: duplication de sortie établie desktop_width=1280 desktop_height=720
2026-08-02T18:42:35.687069Z  INFO agent::encode: encodeur matériel retenu encodeur=NVIDIA H.264 Encoder MFT
2026-08-02T18:42:35.733922Z  INFO agent::encode::arret: file de travail sérialisée imposée mft="encodeur" file=327856
2026-08-02T18:42:35.734121Z  INFO agent::encode: convertisseur BGRA→NV12 (Video Processor MFT) configuré converter_provides_samples=true
2026-08-02T18:42:35.734370Z  INFO agent::capteur::fenetre: fenêtre attachée au capteur session=w-2 sortie=\\.\DISPLAY5 largeur=1280 hauteur=720
2026-08-02T18:42:35.734381Z  INFO agent::capteur::fenetre: l'enfant a fermé le canal session=w-2 images=0
2026-08-02T18:42:35.734384Z  INFO agent::capteur::tube: attaché au capteur session=w-2 sortie=\\.\DISPLAY5 largeur=1280 hauteur=720
2026-08-02T18:42:35.734432Z  INFO agent::capteur::distante: canal rattaché au capteur largeur=1280 hauteur=720
2026-08-02T18:42:35.734471Z  INFO agent::encode::arret: IMFShutdown::Shutdown : avant mft="encodeur"
2026-08-02T18:42:35.734984Z  INFO agent::encode::arret: IMFShutdown::Shutdown : après mft="encodeur"
2026-08-02T18:42:35.755160Z  WARN agent::capteur::serveur: DIAGNOSTIC : fil lecteur de commandes NON lancé
2026-08-02T18:42:35.755486Z  INFO agent::capture::ouverture: sortie retenue pour la duplication adaptateur=NVIDIA GeForce RTX 4070 index_adaptateur=0 index_sortie=1 nom_sortie=\\.\DISPLAY5 attachee=true
2026-08-02T18:42:35.815295Z  INFO agent::capture::ouverture: protection multi-fils activée sur le contexte immédiat D3D11 protection_precedente=false
2026-08-02T18:42:35.815516Z  INFO agent::capture: duplication de sortie établie desktop_width=1280 desktop_height=720
2026-08-02T18:42:35.815553Z  INFO agent::encode: encodeur matériel retenu encodeur=NVIDIA H.264 Encoder MFT
2026-08-02T18:42:35.863218Z  INFO agent::encode::arret: file de travail sérialisée imposée mft="encodeur" file=327859
2026-08-02T18:42:35.863417Z  INFO agent::encode: convertisseur BGRA→NV12 (Video Processor MFT) configuré converter_provides_samples=true
2026-08-02T18:42:35.863734Z  INFO agent::capteur::fenetre: fenêtre attachée au capteur session=w-2 sortie=\\.\DISPLAY5 largeur=1280 hauteur=720
2026-08-02T18:42:35.863745Z  INFO agent::capteur::fenetre: l'enfant a fermé le canal session=w-2 images=0
2026-08-02T18:42:35.863748Z  INFO agent::capteur::tube: attaché au capteur session=w-2 sortie=\\.\DISPLAY5 largeur=1280 hauteur=720
2026-08-02T18:42:35.863784Z  INFO agent::encode::arret: IMFShutdown::Shutdown : avant mft="encodeur"
2026-08-02T18:42:35.863795Z  INFO agent::capteur::distante: canal rattaché au capteur largeur=1280 hauteur=720
2026-08-02T18:42:35.864268Z  INFO agent::encode::arret: IMFShutdown::Shutdown : après mft="encodeur"
2026-08-02T18:42:35.884637Z  WARN agent::capteur::serveur: DIAGNOSTIC : fil lecteur de commandes NON lancé
2026-08-02T18:42:35.884955Z  INFO agent::capture::ouverture: sortie retenue pour la duplication adaptateur=NVIDIA GeForce RTX 4070 index_adaptateur=0 index_sortie=1 nom_sortie=\\.\DISPLAY5 attachee=true
2026-08-02T18:42:35.944531Z  INFO agent::capture::ouverture: protection multi-fils activée sur le contexte immédiat D3D11 protection_precedente=false
2026-08-02T18:42:35.944759Z  INFO agent::capture: duplication de sortie établie desktop_width=1280 desktop_height=720
2026-08-02T18:42:35.944795Z  INFO agent::encode: encodeur matériel retenu encodeur=NVIDIA H.264 Encoder MFT
2026-08-02T18:42:35.991350Z  INFO agent::encode::arret: file de travail sérialisée imposée mft="encodeur" file=327862
2026-08-02T18:42:35.991559Z  INFO agent::encode: convertisseur BGRA→NV12 (Video Processor MFT) configuré converter_provides_samples=true
2026-08-02T18:42:35.991836Z  INFO agent::capteur::fenetre: fenêtre attachée au capteur session=w-2 sortie=\\.\DISPLAY5 largeur=1280 hauteur=720
2026-08-02T18:42:35.991848Z  INFO agent::capteur::fenetre: l'enfant a fermé le canal session=w-2 images=0
2026-08-02T18:42:35.991886Z  INFO agent::encode::arret: IMFShutdown::Shutdown : avant mft="encodeur"
2026-08-02T18:42:35.991883Z  INFO agent::capteur::tube: attaché au capteur session=w-2 sortie=\\.\DISPLAY5 largeur=1280 hauteur=720
2026-08-02T18:42:35.991930Z  INFO agent::capteur::distante: canal rattaché au capteur largeur=1280 hauteur=720
2026-08-02T18:42:35.992418Z  INFO agent::encode::arret: IMFShutdown::Shutdown : après mft="encodeur"
2026-08-02T18:42:36.013147Z  WARN agent::capteur::serveur: DIAGNOSTIC : fil lecteur de commandes NON lancé
2026-08-02T18:42:36.013478Z  INFO agent::capture::ouverture: sortie retenue pour la duplication adaptateur=NVIDIA GeForce RTX 4070 index_adaptateur=0 index_sortie=1 nom_sortie=\\.\DISPLAY5 attachee=true
2026-08-02T18:42:36.073134Z  INFO agent::capture::ouverture: protection multi-fils activée sur le contexte immédiat D3D11 protection_precedente=false
2026-08-02T18:42:36.073360Z  INFO agent::capture: duplication de sortie établie desktop_width=1280 desktop_height=720
2026-08-02T18:42:36.073405Z  INFO agent::encode: encodeur matériel retenu encodeur=NVIDIA H.264 Encoder MFT
2026-08-02T18:42:36.120180Z  INFO agent::encode::arret: file de travail sérialisée imposée mft="encodeur" file=327865
2026-08-02T18:42:36.120391Z  INFO agent::encode: convertisseur BGRA→NV12 (Video Processor MFT) configuré converter_provides_samples=true
2026-08-02T18:42:36.120698Z  INFO agent::capteur::fenetre: fenêtre attachée au capteur session=w-2 sortie=\\.\DISPLAY5 largeur=1280 hauteur=720
2026-08-02T18:42:36.120707Z  INFO agent::capteur::fenetre: l'enfant a fermé le canal session=w-2 images=0
2026-08-02T18:42:36.120713Z  INFO agent::capteur::tube: attaché au capteur session=w-2 sortie=\\.\DISPLAY5 largeur=1280 hauteur=720
2026-08-02T18:42:36.120759Z  INFO agent::encode::arret: IMFShutdown::Shutdown : avant mft="encodeur"
2026-08-02T18:42:36.120767Z  INFO agent::capteur::distante: canal rattaché au capteur largeur=1280 hauteur=720
2026-08-02T18:42:36.121300Z  INFO agent::encode::arret: IMFShutdown::Shutdown : après mft="encodeur"
2026-08-02T18:42:36.122837Z  WARN agent::transport::socket: échec de réception UDP transitoire, ignoré erreur=Une connexion existante a dû être fermée par l’hôte distant. (os error 10054) consecutives=1 backoff_ms=2
2026-08-02T18:42:36.141464Z  WARN agent::capteur::serveur: DIAGNOSTIC : fil lecteur de commandes NON lancé
2026-08-02T18:42:36.141778Z  INFO agent::capture::ouverture: sortie retenue pour la duplication adaptateur=NVIDIA GeForce RTX 4070 index_adaptateur=0 index_sortie=1 nom_sortie=\\.\DISPLAY5 attachee=true
2026-08-02T18:42:36.200926Z  INFO agent::capture::ouverture: protection multi-fils activée sur le contexte immédiat D3D11 protection_precedente=false
2026-08-02T18:42:36.201149Z  INFO agent::capture: duplication de sortie établie desktop_width=1280 desktop_height=720
2026-08-02T18:42:36.201196Z  INFO agent::encode: encodeur matériel retenu encodeur=NVIDIA H.264 Encoder MFT
2026-08-02T18:42:36.249806Z  INFO agent::encode::arret: file de travail sérialisée imposée mft="encodeur" file=327868
2026-08-02T18:42:36.250014Z  INFO agent::encode: convertisseur BGRA→NV12 (Video Processor MFT) configuré converter_provides_samples=true
2026-08-02T18:42:36.250316Z  INFO agent::capteur::fenetre: fenêtre attachée au capteur session=w-2 sortie=\\.\DISPLAY5 largeur=1280 hauteur=720
2026-08-02T18:42:36.250325Z  INFO agent::capteur::fenetre: l'enfant a fermé le canal session=w-2 images=0
2026-08-02T18:42:36.250331Z  INFO agent::capteur::tube: attaché au capteur session=w-2 sortie=\\.\DISPLAY5 largeur=1280 hauteur=720
2026-08-02T18:42:36.250376Z  INFO agent::encode::arret: IMFShutdown::Shutdown : avant mft="encodeur"
2026-08-02T18:42:36.250381Z  INFO agent::capteur::distante: canal rattaché au capteur largeur=1280 hauteur=720
2026-08-02T18:42:36.250897Z  INFO agent::encode::arret: IMFShutdown::Shutdown : après mft="encodeur"
2026-08-02T18:42:36.252175Z  WARN agent::transport::socket: échec de réception UDP transitoire, ignoré erreur=Une connexion existante a dû être fermée par l’hôte distant. (os error 10054) consecutives=1 backoff_ms=2
2026-08-02T18:42:36.270928Z  WARN agent::capteur::serveur: DIAGNOSTIC : fil lecteur de commandes NON lancé
2026-08-02T18:42:36.271275Z  INFO agent::capture::ouverture: sortie retenue pour la duplication adaptateur=NVIDIA GeForce RTX 4070 index_adaptateur=0 index_sortie=1 nom_sortie=\\.\DISPLAY5 attachee=true
2026-08-02T18:42:36.329637Z  INFO agent::capture::ouverture: protection multi-fils activée sur le contexte immédiat D3D11 protection_precedente=false
2026-08-02T18:42:36.329846Z  INFO agent::capture: duplication de sortie établie desktop_width=1280 desktop_height=720
2026-08-02T18:42:36.329881Z  INFO agent::encode: encodeur matériel retenu encodeur=NVIDIA H.264 Encoder MFT
2026-08-02T18:42:36.377817Z  INFO agent::encode::arret: file de travail sérialisée imposée mft="encodeur" file=327871
2026-08-02T18:42:36.378029Z  INFO agent::encode: convertisseur BGRA→NV12 (Video Processor MFT) configuré converter_provides_samples=true
2026-08-02T18:42:36.378316Z  INFO agent::capteur::fenetre: fenêtre attachée au capteur session=w-2 sortie=\\.\DISPLAY5 largeur=1280 hauteur=720
2026-08-02T18:42:36.378326Z  INFO agent::capteur::fenetre: l'enfant a fermé le canal session=w-2 images=0
2026-08-02T18:42:36.378334Z  INFO agent::capteur::tube: attaché au capteur session=w-2 sortie=\\.\DISPLAY5 largeur=1280 hauteur=720
2026-08-02T18:42:36.378377Z  INFO agent::encode::arret: IMFShutdown::Shutdown : avant mft="encodeur"
2026-08-02T18:42:36.378389Z  INFO agent::capteur::distante: canal rattaché au capteur largeur=1280 hauteur=720
2026-08-02T18:42:36.378951Z  INFO agent::encode::arret: IMFShutdown::Shutdown : après mft="encodeur"
2026-08-02T18:42:36.399378Z  WARN agent::capteur::serveur: DIAGNOSTIC : fil lecteur de commandes NON lancé
2026-08-02T18:42:36.399702Z  INFO agent::capture::ouverture: sortie retenue pour la duplication adaptateur=NVIDIA GeForce RTX 4070 index_adaptateur=0 index_sortie=1 nom_sortie=\\.\DISPLAY5 attachee=true
2026-08-02T18:42:36.459435Z  INFO agent::capture::ouverture: protection multi-fils activée sur le contexte immédiat D3D11 protection_precedente=false
2026-08-02T18:42:36.459652Z  INFO agent::capture: duplication de sortie établie desktop_width=1280 desktop_height=720
2026-08-02T18:42:36.459691Z  INFO agent::encode: encodeur matériel retenu encodeur=NVIDIA H.264 Encoder MFT
2026-08-02T18:42:36.508068Z  INFO agent::encode::arret: file de travail sérialisée imposée mft="encodeur" file=327874
2026-08-02T18:42:36.508283Z  INFO agent::encode: convertisseur BGRA→NV12 (Video Processor MFT) configuré converter_provides_samples=true
2026-08-02T18:42:36.508544Z  INFO agent::capteur::fenetre: fenêtre attachée au capteur session=w-2 sortie=\\.\DISPLAY5 largeur=1280 hauteur=720
2026-08-02T18:42:36.508556Z  INFO agent::capteur::fenetre: l'enfant a fermé le canal session=w-2 images=0
2026-08-02T18:42:36.508559Z  INFO agent::capteur::tube: attaché au capteur session=w-2 sortie=\\.\DISPLAY5 largeur=1280 hauteur=720
2026-08-02T18:42:36.508604Z  INFO agent::encode::arret: IMFShutdown::Shutdown : avant mft="encodeur"
2026-08-02T18:42:36.508609Z  INFO agent::capteur::distante: canal rattaché au capteur largeur=1280 hauteur=720
2026-08-02T18:42:36.509110Z  INFO agent::encode::arret: IMFShutdown::Shutdown : après mft="encodeur"
2026-08-02T18:42:36.529308Z  WARN agent::capteur::serveur: DIAGNOSTIC : fil lecteur de commandes NON lancé
2026-08-02T18:42:36.529647Z  INFO agent::capture::ouverture: sortie retenue pour la duplication adaptateur=NVIDIA GeForce RTX 4070 index_adaptateur=0 index_sortie=1 nom_sortie=\\.\DISPLAY5 attachee=true
2026-08-02T18:42:36.589121Z  INFO agent::capture::ouverture: protection multi-fils activée sur le contexte immédiat D3D11 protection_precedente=false
2026-08-02T18:42:36.589366Z  INFO agent::capture: duplication de sortie établie desktop_width=1280 desktop_height=720
2026-08-02T18:42:36.589403Z  INFO agent::encode: encodeur matériel retenu encodeur=NVIDIA H.264 Encoder MFT
2026-08-02T18:42:36.634439Z  INFO agent::encode::arret: file de travail sérialisée imposée mft="encodeur" file=327877
2026-08-02T18:42:36.634647Z  INFO agent::encode: convertisseur BGRA→NV12 (Video Processor MFT) configuré converter_provides_samples=true
2026-08-02T18:42:36.634955Z  INFO agent::capteur::fenetre: fenêtre attachée au capteur session=w-2 sortie=\\.\DISPLAY5 largeur=1280 hauteur=720
2026-08-02T18:42:36.634966Z  INFO agent::capteur::fenetre: l'enfant a fermé le canal session=w-2 images=0
2026-08-02T18:42:36.634975Z  INFO agent::capteur::tube: attaché au capteur session=w-2 sortie=\\.\DISPLAY5 largeur=1280 hauteur=720
2026-08-02T18:42:36.635024Z  INFO agent::encode::arret: IMFShutdown::Shutdown : avant mft="encodeur"
2026-08-02T18:42:36.635030Z  INFO agent::capteur::distante: canal rattaché au capteur largeur=1280 hauteur=720
2026-08-02T18:42:36.635549Z  INFO agent::encode::arret: IMFShutdown::Shutdown : après mft="encodeur"
2026-08-02T18:42:36.656212Z  WARN agent::capteur::serveur: DIAGNOSTIC : fil lecteur de commandes NON lancé
2026-08-02T18:42:36.656555Z  INFO agent::capture::ouverture: sortie retenue pour la duplication adaptateur=NVIDIA GeForce RTX 4070 index_adaptateur=0 index_sortie=1 nom_sortie=\\.\DISPLAY5 attachee=true
2026-08-02T18:42:36.714867Z  INFO agent::capture::ouverture: protection multi-fils activée sur le contexte immédiat D3D11 protection_precedente=false
2026-08-02T18:42:36.715096Z  INFO agent::capture: duplication de sortie établie desktop_width=1280 desktop_height=720
2026-08-02T18:42:36.715134Z  INFO agent::encode: encodeur matériel retenu encodeur=NVIDIA H.264 Encoder MFT
2026-08-02T18:42:36.761486Z  INFO agent::encode::arret: file de travail sérialisée imposée mft="encodeur" file=327880
2026-08-02T18:42:36.761688Z  INFO agent::encode: convertisseur BGRA→NV12 (Video Processor MFT) configuré converter_provides_samples=true
2026-08-02T18:42:36.761974Z  INFO agent::capteur::fenetre: fenêtre attachée au capteur session=w-2 sortie=\\.\DISPLAY5 largeur=1280 hauteur=720
2026-08-02T18:42:36.761984Z  INFO agent::capteur::fenetre: l'enfant a fermé le canal session=w-2 images=0
2026-08-02T18:42:36.761988Z  INFO agent::capteur::tube: attaché au capteur session=w-2 sortie=\\.\DISPLAY5 largeur=1280 hauteur=720
2026-08-02T18:42:36.762032Z  INFO agent::encode::arret: IMFShutdown::Shutdown : avant mft="encodeur"
2026-08-02T18:42:36.762036Z  INFO agent::capteur::distante: canal rattaché au capteur largeur=1280 hauteur=720
2026-08-02T18:42:36.762546Z  INFO agent::encode::arret: IMFShutdown::Shutdown : après mft="encodeur"
2026-08-02T18:42:36.782568Z  WARN agent::capteur::serveur: DIAGNOSTIC : fil lecteur de commandes NON lancé
2026-08-02T18:42:36.782950Z  INFO agent::capture::ouverture: sortie retenue pour la duplication adaptateur=NVIDIA GeForce RTX 4070 index_adaptateur=0 index_sortie=1 nom_sortie=\\.\DISPLAY5 attachee=true
2026-08-02T18:42:36.842098Z  INFO agent::capture::ouverture: protection multi-fils activée sur le contexte immédiat D3D11 protection_precedente=false
2026-08-02T18:42:36.842334Z  INFO agent::capture: duplication de sortie établie desktop_width=1280 desktop_height=720
2026-08-02T18:42:36.842372Z  INFO agent::encode: encodeur matériel retenu encodeur=NVIDIA H.264 Encoder MFT
2026-08-02T18:42:36.888942Z  INFO agent::encode::arret: file de travail sérialisée imposée mft="encodeur" file=327883
2026-08-02T18:42:36.889149Z  INFO agent::encode: convertisseur BGRA→NV12 (Video Processor MFT) configuré converter_provides_samples=true
2026-08-02T18:42:36.889428Z  INFO agent::capteur::fenetre: fenêtre attachée au capteur session=w-2 sortie=\\.\DISPLAY5 largeur=1280 hauteur=720
2026-08-02T18:42:36.889438Z  INFO agent::capteur::fenetre: l'enfant a fermé le canal session=w-2 images=0
2026-08-02T18:42:36.889444Z  INFO agent::capteur::tube: attaché au capteur session=w-2 sortie=\\.\DISPLAY5 largeur=1280 hauteur=720
2026-08-02T18:42:36.889486Z  INFO agent::encode::arret: IMFShutdown::Shutdown : avant mft="encodeur"
2026-08-02T18:42:36.889499Z  INFO agent::capteur::distante: canal rattaché au capteur largeur=1280 hauteur=720
2026-08-02T18:42:36.890018Z  INFO agent::encode::arret: IMFShutdown::Shutdown : après mft="encodeur"
2026-08-02T18:42:36.910506Z  WARN agent::capteur::serveur: DIAGNOSTIC : fil lecteur de commandes NON lancé
2026-08-02T18:42:36.910897Z  INFO agent::capture::ouverture: sortie retenue pour la duplication adaptateur=NVIDIA GeForce RTX 4070 index_adaptateur=0 index_sortie=1 nom_sortie=\\.\DISPLAY5 attachee=true
2026-08-02T18:42:36.970210Z  INFO agent::capture::ouverture: protection multi-fils activée sur le contexte immédiat D3D11 protection_precedente=false
2026-08-02T18:42:36.970422Z  INFO agent::capture: duplication de sortie établie desktop_width=1280 desktop_height=720
2026-08-02T18:42:36.970458Z  INFO agent::encode: encodeur matériel retenu encodeur=NVIDIA H.264 Encoder MFT
2026-08-02T18:42:37.018250Z  INFO agent::encode::arret: file de travail sérialisée imposée mft="encodeur" file=327886
2026-08-02T18:42:37.018462Z  INFO agent::encode: convertisseur BGRA→NV12 (Video Processor MFT) configuré converter_provides_samples=true
2026-08-02T18:42:37.018745Z  INFO agent::capteur::fenetre: fenêtre attachée au capteur session=w-2 sortie=\\.\DISPLAY5 largeur=1280 hauteur=720
2026-08-02T18:42:37.018755Z  INFO agent::capteur::fenetre: l'enfant a fermé le canal session=w-2 images=0
2026-08-02T18:42:37.018790Z  INFO agent::capteur::tube: attaché au capteur session=w-2 sortie=\\.\DISPLAY5 largeur=1280 hauteur=720
2026-08-02T18:42:37.018808Z  INFO agent::encode::arret: IMFShutdown::Shutdown : avant mft="encodeur"
2026-08-02T18:42:37.018842Z  INFO agent::capteur::distante: canal rattaché au capteur largeur=1280 hauteur=720
2026-08-02T18:42:37.019350Z  INFO agent::encode::arret: IMFShutdown::Shutdown : après mft="encodeur"
2026-08-02T18:42:37.039836Z  WARN agent::capteur::serveur: DIAGNOSTIC : fil lecteur de commandes NON lancé
2026-08-02T18:42:37.040165Z  INFO agent::capture::ouverture: sortie retenue pour la duplication adaptateur=NVIDIA GeForce RTX 4070 index_adaptateur=0 index_sortie=1 nom_sortie=\\.\DISPLAY5 attachee=true
2026-08-02T18:42:37.099828Z  INFO agent::capture::ouverture: protection multi-fils activée sur le contexte immédiat D3D11 protection_precedente=false
2026-08-02T18:42:37.100066Z  INFO agent::capture: duplication de sortie établie desktop_width=1280 desktop_height=720
2026-08-02T18:42:37.100105Z  INFO agent::encode: encodeur matériel retenu encodeur=NVIDIA H.264 Encoder MFT
2026-08-02T18:42:37.148503Z  INFO agent::encode::arret: file de travail sérialisée imposée mft="encodeur" file=327889
2026-08-02T18:42:37.148719Z  INFO agent::encode: convertisseur BGRA→NV12 (Video Processor MFT) configuré converter_provides_samples=true
2026-08-02T18:42:37.148982Z  INFO agent::capteur::fenetre: fenêtre attachée au capteur session=w-2 sortie=\\.\DISPLAY5 largeur=1280 hauteur=720
2026-08-02T18:42:37.148994Z  INFO agent::capteur::fenetre: l'enfant a fermé le canal session=w-2 images=0
2026-08-02T18:42:37.149012Z  INFO agent::capteur::tube: attaché au capteur session=w-2 sortie=\\.\DISPLAY5 largeur=1280 hauteur=720
2026-08-02T18:42:37.149045Z  INFO agent::encode::arret: IMFShutdown::Shutdown : avant mft="encodeur"
2026-08-02T18:42:37.149062Z  INFO agent::capteur::distante: canal rattaché au capteur largeur=1280 hauteur=720
2026-08-02T18:42:37.149575Z  INFO agent::encode::arret: IMFShutdown::Shutdown : après mft="encodeur"
2026-08-02T18:42:37.169929Z  WARN agent::capteur::serveur: DIAGNOSTIC : fil lecteur de commandes NON lancé
2026-08-02T18:42:37.170252Z  INFO agent::capture::ouverture: sortie retenue pour la duplication adaptateur=NVIDIA GeForce RTX 4070 index_adaptateur=0 index_sortie=1 nom_sortie=\\.\DISPLAY5 attachee=true
2026-08-02T18:42:37.229789Z  INFO agent::capture::ouverture: protection multi-fils activée sur le contexte immédiat D3D11 protection_precedente=false
2026-08-02T18:42:37.230038Z  INFO agent::capture: duplication de sortie établie desktop_width=1280 desktop_height=720
2026-08-02T18:42:37.230076Z  INFO agent::encode: encodeur matériel retenu encodeur=NVIDIA H.264 Encoder MFT
2026-08-02T18:42:37.277473Z  INFO agent::encode::arret: file de travail sérialisée imposée mft="encodeur" file=327892
2026-08-02T18:42:37.277698Z  INFO agent::encode: convertisseur BGRA→NV12 (Video Processor MFT) configuré converter_provides_samples=true
2026-08-02T18:42:37.277976Z  INFO agent::capteur::fenetre: fenêtre attachée au capteur session=w-2 sortie=\\.\DISPLAY5 largeur=1280 hauteur=720
2026-08-02T18:42:37.277988Z  INFO agent::capteur::fenetre: l'enfant a fermé le canal session=w-2 images=0
2026-08-02T18:42:37.277988Z  INFO agent::capteur::tube: attaché au capteur session=w-2 sortie=\\.\DISPLAY5 largeur=1280 hauteur=720
2026-08-02T18:42:37.278038Z  INFO agent::capteur::distante: canal rattaché au capteur largeur=1280 hauteur=720
2026-08-02T18:42:37.278042Z  INFO agent::encode::arret: IMFShutdown::Shutdown : avant mft="encodeur"
2026-08-02T18:42:37.278563Z  INFO agent::encode::arret: IMFShutdown::Shutdown : après mft="encodeur"
2026-08-02T18:42:37.298863Z  WARN agent::capteur::serveur: DIAGNOSTIC : fil lecteur de commandes NON lancé
2026-08-02T18:42:37.299250Z  INFO agent::capture::ouverture: sortie retenue pour la duplication adaptateur=NVIDIA GeForce RTX 4070 index_adaptateur=0 index_sortie=1 nom_sortie=\\.\DISPLAY5 attachee=true
2026-08-02T18:42:37.359657Z  INFO agent::capture::ouverture: protection multi-fils activée sur le contexte immédiat D3D11 protection_precedente=false
2026-08-02T18:42:37.359887Z  INFO agent::capture: duplication de sortie établie desktop_width=1280 desktop_height=720
2026-08-02T18:42:37.359927Z  INFO agent::encode: encodeur matériel retenu encodeur=NVIDIA H.264 Encoder MFT
2026-08-02T18:42:37.407480Z  INFO agent::encode::arret: file de travail sérialisée imposée mft="encodeur" file=327895
2026-08-02T18:42:37.407692Z  INFO agent::encode: convertisseur BGRA→NV12 (Video Processor MFT) configuré converter_provides_samples=true
2026-08-02T18:42:37.407932Z  INFO agent::capteur::fenetre: fenêtre attachée au capteur session=w-2 sortie=\\.\DISPLAY5 largeur=1280 hauteur=720
2026-08-02T18:42:37.407941Z  INFO agent::capteur::fenetre: l'enfant a fermé le canal session=w-2 images=0
2026-08-02T18:42:37.407981Z  INFO agent::capteur::tube: attaché au capteur session=w-2 sortie=\\.\DISPLAY5 largeur=1280 hauteur=720
2026-08-02T18:42:37.407990Z  INFO agent::encode::arret: IMFShutdown::Shutdown : avant mft="encodeur"
2026-08-02T18:42:37.408031Z  INFO agent::capteur::distante: canal rattaché au capteur largeur=1280 hauteur=720
2026-08-02T18:42:37.408496Z  INFO agent::encode::arret: IMFShutdown::Shutdown : après mft="encodeur"
2026-08-02T18:42:37.428777Z  WARN agent::capteur::serveur: DIAGNOSTIC : fil lecteur de commandes NON lancé
2026-08-02T18:42:37.429126Z  INFO agent::capture::ouverture: sortie retenue pour la duplication adaptateur=NVIDIA GeForce RTX 4070 index_adaptateur=0 index_sortie=1 nom_sortie=\\.\DISPLAY5 attachee=true
2026-08-02T18:42:37.488125Z  INFO agent::capture::ouverture: protection multi-fils activée sur le contexte immédiat D3D11 protection_precedente=false
2026-08-02T18:42:37.488344Z  INFO agent::capture: duplication de sortie établie desktop_width=1280 desktop_height=720
2026-08-02T18:42:37.488381Z  INFO agent::encode: encodeur matériel retenu encodeur=NVIDIA H.264 Encoder MFT
2026-08-02T18:42:37.534593Z  INFO agent::encode::arret: file de travail sérialisée imposée mft="encodeur" file=327898
2026-08-02T18:42:37.534794Z  INFO agent::encode: convertisseur BGRA→NV12 (Video Processor MFT) configuré converter_provides_samples=true
2026-08-02T18:42:37.535194Z  INFO agent::capteur::fenetre: fenêtre attachée au capteur session=w-2 sortie=\\.\DISPLAY5 largeur=1280 hauteur=720
2026-08-02T18:42:37.535207Z  INFO agent::capteur::fenetre: l'enfant a fermé le canal session=w-2 images=0
2026-08-02T18:42:37.535244Z  INFO agent::capteur::tube: attaché au capteur session=w-2 sortie=\\.\DISPLAY5 largeur=1280 hauteur=720
2026-08-02T18:42:37.535260Z  INFO agent::encode::arret: IMFShutdown::Shutdown : avant mft="encodeur"
2026-08-02T18:42:37.535291Z  INFO agent::capteur::distante: canal rattaché au capteur largeur=1280 hauteur=720
2026-08-02T18:42:37.535803Z  INFO agent::encode::arret: IMFShutdown::Shutdown : après mft="encodeur"
2026-08-02T18:42:37.556204Z  WARN agent::capteur::serveur: DIAGNOSTIC : fil lecteur de commandes NON lancé
2026-08-02T18:42:37.556528Z  INFO agent::capture::ouverture: sortie retenue pour la duplication adaptateur=NVIDIA GeForce RTX 4070 index_adaptateur=0 index_sortie=1 nom_sortie=\\.\DISPLAY5 attachee=true
2026-08-02T18:42:37.614792Z  INFO agent::capture::ouverture: protection multi-fils activée sur le contexte immédiat D3D11 protection_precedente=false
2026-08-02T18:42:37.615017Z  INFO agent::capture: duplication de sortie établie desktop_width=1280 desktop_height=720
2026-08-02T18:42:37.615055Z  INFO agent::encode: encodeur matériel retenu encodeur=NVIDIA H.264 Encoder MFT
2026-08-02T18:42:37.663056Z  INFO agent::encode::arret: file de travail sérialisée imposée mft="encodeur" file=327901
2026-08-02T18:42:37.663277Z  INFO agent::encode: convertisseur BGRA→NV12 (Video Processor MFT) configuré converter_provides_samples=true
2026-08-02T18:42:37.663567Z  INFO agent::capteur::fenetre: fenêtre attachée au capteur session=w-2 sortie=\\.\DISPLAY5 largeur=1280 hauteur=720
2026-08-02T18:42:37.663578Z  INFO agent::capteur::fenetre: l'enfant a fermé le canal session=w-2 images=0
2026-08-02T18:42:37.663613Z  INFO agent::capteur::tube: attaché au capteur session=w-2 sortie=\\.\DISPLAY5 largeur=1280 hauteur=720
2026-08-02T18:42:37.663632Z  INFO agent::encode::arret: IMFShutdown::Shutdown : avant mft="encodeur"
2026-08-02T18:42:37.663660Z  INFO agent::capteur::distante: canal rattaché au capteur largeur=1280 hauteur=720
2026-08-02T18:42:37.664163Z  INFO agent::encode::arret: IMFShutdown::Shutdown : après mft="encodeur"
2026-08-02T18:42:37.684093Z  WARN agent::capteur::serveur: DIAGNOSTIC : fil lecteur de commandes NON lancé
2026-08-02T18:42:37.684401Z  INFO agent::capture::ouverture: sortie retenue pour la duplication adaptateur=NVIDIA GeForce RTX 4070 index_adaptateur=0 index_sortie=1 nom_sortie=\\.\DISPLAY5 attachee=true
2026-08-02T18:42:37.743821Z  INFO agent::capture::ouverture: protection multi-fils activée sur le contexte immédiat D3D11 protection_precedente=false
2026-08-02T18:42:37.744051Z  INFO agent::capture: duplication de sortie établie desktop_width=1280 desktop_height=720
2026-08-02T18:42:37.744089Z  INFO agent::encode: encodeur matériel retenu encodeur=NVIDIA H.264 Encoder MFT
2026-08-02T18:42:37.791700Z  INFO agent::encode::arret: file de travail sérialisée imposée mft="encodeur" file=327904
2026-08-02T18:42:37.791904Z  INFO agent::encode: convertisseur BGRA→NV12 (Video Processor MFT) configuré converter_provides_samples=true
2026-08-02T18:42:37.792187Z  INFO agent::capteur::fenetre: fenêtre attachée au capteur session=w-2 sortie=\\.\DISPLAY5 largeur=1280 hauteur=720
2026-08-02T18:42:37.792197Z  INFO agent::capteur::fenetre: l'enfant a fermé le canal session=w-2 images=0
2026-08-02T18:42:37.792234Z  INFO agent::capteur::tube: attaché au capteur session=w-2 sortie=\\.\DISPLAY5 largeur=1280 hauteur=720
2026-08-02T18:42:37.792248Z  INFO agent::encode::arret: IMFShutdown::Shutdown : avant mft="encodeur"
2026-08-02T18:42:37.792284Z  INFO agent::capteur::distante: canal rattaché au capteur largeur=1280 hauteur=720
2026-08-02T18:42:37.792799Z  INFO agent::encode::arret: IMFShutdown::Shutdown : après mft="encodeur"
2026-08-02T18:42:37.812930Z  WARN agent::capteur::serveur: DIAGNOSTIC : fil lecteur de commandes NON lancé
2026-08-02T18:42:37.813251Z  INFO agent::capture::ouverture: sortie retenue pour la duplication adaptateur=NVIDIA GeForce RTX 4070 index_adaptateur=0 index_sortie=1 nom_sortie=\\.\DISPLAY5 attachee=true
2026-08-02T18:42:37.874391Z  INFO agent::capture::ouverture: protection multi-fils activée sur le contexte immédiat D3D11 protection_precedente=false
2026-08-02T18:42:37.874620Z  INFO agent::capture: duplication de sortie établie desktop_width=1280 desktop_height=720
2026-08-02T18:42:37.874659Z  INFO agent::encode: encodeur matériel retenu encodeur=NVIDIA H.264 Encoder MFT
2026-08-02T18:42:37.920821Z  INFO agent::encode::arret: file de travail sérialisée imposée mft="encodeur" file=327907
2026-08-02T18:42:37.921026Z  INFO agent::encode: convertisseur BGRA→NV12 (Video Processor MFT) configuré converter_provides_samples=true
2026-08-02T18:42:37.921319Z  INFO agent::capteur::fenetre: fenêtre attachée au capteur session=w-2 sortie=\\.\DISPLAY5 largeur=1280 hauteur=720
2026-08-02T18:42:37.921331Z  INFO agent::capteur::fenetre: l'enfant a fermé le canal session=w-2 images=0
2026-08-02T18:42:37.921367Z  INFO agent::capteur::tube: attaché au capteur session=w-2 sortie=\\.\DISPLAY5 largeur=1280 hauteur=720
2026-08-02T18:42:37.921380Z  INFO agent::encode::arret: IMFShutdown::Shutdown : avant mft="encodeur"
2026-08-02T18:42:37.921416Z  INFO agent::capteur::distante: canal rattaché au capteur largeur=1280 hauteur=720
2026-08-02T18:42:37.921905Z  INFO agent::encode::arret: IMFShutdown::Shutdown : après mft="encodeur"
2026-08-02T18:42:37.941911Z  WARN agent::capteur::serveur: DIAGNOSTIC : fil lecteur de commandes NON lancé
2026-08-02T18:42:37.942251Z  INFO agent::capture::ouverture: sortie retenue pour la duplication adaptateur=NVIDIA GeForce RTX 4070 index_adaptateur=0 index_sortie=1 nom_sortie=\\.\DISPLAY5 attachee=true
2026-08-02T18:42:38.003092Z  INFO agent::capture::ouverture: protection multi-fils activée sur le contexte immédiat D3D11 protection_precedente=false
2026-08-02T18:42:38.003321Z  INFO agent::capture: duplication de sortie établie desktop_width=1280 desktop_height=720
2026-08-02T18:42:38.003359Z  INFO agent::encode: encodeur matériel retenu encodeur=NVIDIA H.264 Encoder MFT
2026-08-02T18:42:38.049942Z  INFO agent::encode::arret: file de travail sérialisée imposée mft="encodeur" file=327910
2026-08-02T18:42:38.050149Z  INFO agent::encode: convertisseur BGRA→NV12 (Video Processor MFT) configuré converter_provides_samples=true
2026-08-02T18:42:38.050423Z  INFO agent::capteur::fenetre: fenêtre attachée au capteur session=w-2 sortie=\\.\DISPLAY5 largeur=1280 hauteur=720
2026-08-02T18:42:38.050435Z  INFO agent::capteur::fenetre: l'enfant a fermé le canal session=w-2 images=0
2026-08-02T18:42:38.050436Z  INFO agent::capteur::tube: attaché au capteur session=w-2 sortie=\\.\DISPLAY5 largeur=1280 hauteur=720
2026-08-02T18:42:38.050476Z  INFO agent::encode::arret: IMFShutdown::Shutdown : avant mft="encodeur"
2026-08-02T18:42:38.050486Z  INFO agent::capteur::distante: canal rattaché au capteur largeur=1280 hauteur=720
2026-08-02T18:42:38.051135Z  INFO agent::encode::arret: IMFShutdown::Shutdown : après mft="encodeur"
2026-08-02T18:42:38.071218Z  WARN agent::capteur::serveur: DIAGNOSTIC : fil lecteur de commandes NON lancé
2026-08-02T18:42:38.071580Z  INFO agent::capture::ouverture: sortie retenue pour la duplication adaptateur=NVIDIA GeForce RTX 4070 index_adaptateur=0 index_sortie=1 nom_sortie=\\.\DISPLAY5 attachee=true
2026-08-02T18:42:38.138197Z  INFO agent::capture::ouverture: protection multi-fils activée sur le contexte immédiat D3D11 protection_precedente=false
2026-08-02T18:42:38.138443Z  INFO agent::capture: duplication de sortie établie desktop_width=1280 desktop_height=720
2026-08-02T18:42:38.138484Z  INFO agent::encode: encodeur matériel retenu encodeur=NVIDIA H.264 Encoder MFT
2026-08-02T18:42:38.189471Z  INFO agent::encode::arret: file de travail sérialisée imposée mft="encodeur" file=327913
2026-08-02T18:42:38.189681Z  INFO agent::encode: convertisseur BGRA→NV12 (Video Processor MFT) configuré converter_provides_samples=true
2026-08-02T18:42:38.189975Z  INFO agent::capteur::fenetre: fenêtre attachée au capteur session=w-2 sortie=\\.\DISPLAY5 largeur=1280 hauteur=720
2026-08-02T18:42:38.189987Z  INFO agent::capteur::fenetre: l'enfant a fermé le canal session=w-2 images=0
2026-08-02T18:42:38.189995Z  INFO agent::capteur::tube: attaché au capteur session=w-2 sortie=\\.\DISPLAY5 largeur=1280 hauteur=720
2026-08-02T18:42:38.190032Z  INFO agent::encode::arret: IMFShutdown::Shutdown : avant mft="encodeur"
2026-08-02T18:42:38.190051Z  INFO agent::capteur::distante: canal rattaché au capteur largeur=1280 hauteur=720
2026-08-02T18:42:38.190576Z  INFO agent::encode::arret: IMFShutdown::Shutdown : après mft="encodeur"
2026-08-02T18:42:38.210947Z  WARN agent::capteur::serveur: DIAGNOSTIC : fil lecteur de commandes NON lancé
2026-08-02T18:42:38.211299Z  INFO agent::capture::ouverture: sortie retenue pour la duplication adaptateur=NVIDIA GeForce RTX 4070 index_adaptateur=0 index_sortie=1 nom_sortie=\\.\DISPLAY5 attachee=true
2026-08-02T18:42:38.280491Z  INFO agent::capture::ouverture: protection multi-fils activée sur le contexte immédiat D3D11 protection_precedente=false
2026-08-02T18:42:38.280808Z  INFO agent::capture: duplication de sortie établie desktop_width=1280 desktop_height=720
2026-08-02T18:42:38.280849Z  INFO agent::encode: encodeur matériel retenu encodeur=NVIDIA H.264 Encoder MFT
2026-08-02T18:42:38.332487Z  INFO agent::encode::arret: file de travail sérialisée imposée mft="encodeur" file=327916
2026-08-02T18:42:38.332693Z  INFO agent::encode: convertisseur BGRA→NV12 (Video Processor MFT) configuré converter_provides_samples=true
2026-08-02T18:42:38.333006Z  INFO agent::capteur::fenetre: fenêtre attachée au capteur session=w-2 sortie=\\.\DISPLAY5 largeur=1280 hauteur=720
2026-08-02T18:42:38.333018Z  INFO agent::capteur::fenetre: l'enfant a fermé le canal session=w-2 images=0
2026-08-02T18:42:38.333059Z  INFO agent::capteur::tube: attaché au capteur session=w-2 sortie=\\.\DISPLAY5 largeur=1280 hauteur=720
2026-08-02T18:42:38.333077Z  INFO agent::encode::arret: IMFShutdown::Shutdown : avant mft="encodeur"
2026-08-02T18:42:38.333109Z  INFO agent::capteur::distante: canal rattaché au capteur largeur=1280 hauteur=720
2026-08-02T18:42:38.333624Z  INFO agent::encode::arret: IMFShutdown::Shutdown : après mft="encodeur"
2026-08-02T18:42:38.353738Z  WARN agent::capteur::serveur: DIAGNOSTIC : fil lecteur de commandes NON lancé
2026-08-02T18:42:38.354229Z  INFO agent::capture::ouverture: sortie retenue pour la duplication adaptateur=NVIDIA GeForce RTX 4070 index_adaptateur=0 index_sortie=1 nom_sortie=\\.\DISPLAY5 attachee=true
2026-08-02T18:42:38.419630Z  INFO agent::capture::ouverture: protection multi-fils activée sur le contexte immédiat D3D11 protection_precedente=false
2026-08-02T18:42:38.419903Z  INFO agent::capture: duplication de sortie établie desktop_width=1280 desktop_height=720
2026-08-02T18:42:38.419943Z  INFO agent::encode: encodeur matériel retenu encodeur=NVIDIA H.264 Encoder MFT
2026-08-02T18:42:38.476360Z  INFO agent::encode::arret: file de travail sérialisée imposée mft="encodeur" file=327919
2026-08-02T18:42:38.476570Z  INFO agent::encode: convertisseur BGRA→NV12 (Video Processor MFT) configuré converter_provides_samples=true
2026-08-02T18:42:38.476847Z  INFO agent::capteur::fenetre: fenêtre attachée au capteur session=w-2 sortie=\\.\DISPLAY5 largeur=1280 hauteur=720
2026-08-02T18:42:38.476856Z  INFO agent::capteur::fenetre: l'enfant a fermé le canal session=w-2 images=0
2026-08-02T18:42:38.476862Z  INFO agent::capteur::tube: attaché au capteur session=w-2 sortie=\\.\DISPLAY5 largeur=1280 hauteur=720
2026-08-02T18:42:38.476905Z  INFO agent::encode::arret: IMFShutdown::Shutdown : avant mft="encodeur"
2026-08-02T18:42:38.476914Z  INFO agent::capteur::distante: canal rattaché au capteur largeur=1280 hauteur=720
2026-08-02T18:42:38.477454Z  INFO agent::encode::arret: IMFShutdown::Shutdown : après mft="encodeur"
2026-08-02T18:42:38.497598Z  WARN agent::capteur::serveur: DIAGNOSTIC : fil lecteur de commandes NON lancé
2026-08-02T18:42:38.497965Z  INFO agent::capture::ouverture: sortie retenue pour la duplication adaptateur=NVIDIA GeForce RTX 4070 index_adaptateur=0 index_sortie=1 nom_sortie=\\.\DISPLAY5 attachee=true
2026-08-02T18:42:38.557923Z  INFO agent::capture::ouverture: protection multi-fils activée sur le contexte immédiat D3D11 protection_precedente=false
2026-08-02T18:42:38.558140Z  INFO agent::capture: duplication de sortie établie desktop_width=1280 desktop_height=720
2026-08-02T18:42:38.558176Z  INFO agent::encode: encodeur matériel retenu encodeur=NVIDIA H.264 Encoder MFT
2026-08-02T18:42:38.604918Z  INFO agent::encode::arret: file de travail sérialisée imposée mft="encodeur" file=327922
2026-08-02T18:42:38.605127Z  INFO agent::encode: convertisseur BGRA→NV12 (Video Processor MFT) configuré converter_provides_samples=true
2026-08-02T18:42:38.605423Z  INFO agent::capteur::fenetre: fenêtre attachée au capteur session=w-2 sortie=\\.\DISPLAY5 largeur=1280 hauteur=720
2026-08-02T18:42:38.605434Z  INFO agent::capteur::fenetre: l'enfant a fermé le canal session=w-2 images=0
2026-08-02T18:42:38.605437Z  INFO agent::capteur::tube: attaché au capteur session=w-2 sortie=\\.\DISPLAY5 largeur=1280 hauteur=720
2026-08-02T18:42:38.605481Z  INFO agent::encode::arret: IMFShutdown::Shutdown : avant mft="encodeur"
2026-08-02T18:42:38.605486Z  INFO agent::capteur::distante: canal rattaché au capteur largeur=1280 hauteur=720
2026-08-02T18:42:38.605988Z  INFO agent::encode::arret: IMFShutdown::Shutdown : après mft="encodeur"
2026-08-02T18:42:38.625918Z  WARN agent::capteur::serveur: DIAGNOSTIC : fil lecteur de commandes NON lancé
2026-08-02T18:42:38.626251Z  INFO agent::capture::ouverture: sortie retenue pour la duplication adaptateur=NVIDIA GeForce RTX 4070 index_adaptateur=0 index_sortie=1 nom_sortie=\\.\DISPLAY5 attachee=true
2026-08-02T18:42:38.688741Z  INFO agent::capture::ouverture: protection multi-fils activée sur le contexte immédiat D3D11 protection_precedente=false
2026-08-02T18:42:38.688980Z  INFO agent::capture: duplication de sortie établie desktop_width=1280 desktop_height=720
2026-08-02T18:42:38.689021Z  INFO agent::encode: encodeur matériel retenu encodeur=NVIDIA H.264 Encoder MFT
2026-08-02T18:42:38.736955Z  INFO agent::encode::arret: file de travail sérialisée imposée mft="encodeur" file=327925
2026-08-02T18:42:38.737165Z  INFO agent::encode: convertisseur BGRA→NV12 (Video Processor MFT) configuré converter_provides_samples=true
2026-08-02T18:42:38.737489Z  INFO agent::capteur::fenetre: fenêtre attachée au capteur session=w-2 sortie=\\.\DISPLAY5 largeur=1280 hauteur=720
2026-08-02T18:42:38.737501Z  INFO agent::capteur::fenetre: l'enfant a fermé le canal session=w-2 images=0
2026-08-02T18:42:38.737532Z  INFO agent::capteur::tube: attaché au capteur session=w-2 sortie=\\.\DISPLAY5 largeur=1280 hauteur=720
2026-08-02T18:42:38.737554Z  INFO agent::encode::arret: IMFShutdown::Shutdown : avant mft="encodeur"
2026-08-02T18:42:38.737582Z  INFO agent::capteur::distante: canal rattaché au capteur largeur=1280 hauteur=720
2026-08-02T18:42:38.738115Z  INFO agent::encode::arret: IMFShutdown::Shutdown : après mft="encodeur"
2026-08-02T18:42:38.758812Z  WARN agent::capteur::serveur: DIAGNOSTIC : fil lecteur de commandes NON lancé
2026-08-02T18:42:38.759193Z  INFO agent::capture::ouverture: sortie retenue pour la duplication adaptateur=NVIDIA GeForce RTX 4070 index_adaptateur=0 index_sortie=1 nom_sortie=\\.\DISPLAY5 attachee=true
2026-08-02T18:42:38.770863Z  INFO agent::capture::enumeration: adaptateur DXGI sans sortie adaptateur=NVIDIA GeForce RTX 4070 index_adaptateur=1
2026-08-02T18:42:38.770900Z  INFO agent::capture::enumeration: adaptateur DXGI sans sortie adaptateur=Microsoft Basic Render Driver index_adaptateur=2
2026-08-02T18:42:38.770908Z  INFO agent::diagnostics::multifenetre::montee: topologie relevée moment="avant création de sortie" nombre=2 attachees=2
2026-08-02T18:42:38.770912Z  INFO agent::diagnostics::multifenetre::montee: sortie moment="avant création de sortie" nom=\\.\DISPLAY1 adaptateur=NVIDIA GeForce RTX 4070 index_adaptateur=0 index_sortie=0 attachee=true x=0 y=0 largeur=2400 hauteur=1080
2026-08-02T18:42:38.770918Z  INFO agent::diagnostics::multifenetre::montee: sortie moment="avant création de sortie" nom=\\.\DISPLAY5 adaptateur=NVIDIA GeForce RTX 4070 index_adaptateur=0 index_sortie=1 attachee=true x=2400 y=0 largeur=1280 hauteur=720
2026-08-02T18:42:38.771035Z  INFO agent::moniteurs_virtuels::pilote: sortie virtuelle créée id=262 adaptateur_bas=62534 adaptateur_haut=0 guid=9C4A1F6E-2B73-4D51-9E08-677541430002 largeur=1280 hauteur=720 hertz=60
2026-08-02T18:42:38.832975Z  INFO agent::capture::ouverture: protection multi-fils activée sur le contexte immédiat D3D11 protection_precedente=false
2026-08-02T18:42:38.838251Z  INFO agent::capture: duplication de sortie établie desktop_width=1280 desktop_height=720
2026-08-02T18:42:38.838779Z  INFO agent::encode: encodeur matériel retenu encodeur=NVIDIA H.264 Encoder MFT
2026-08-02T18:42:38.919359Z  INFO agent::encode::arret: file de travail sérialisée imposée mft="encodeur" file=327928
2026-08-02T18:42:38.920854Z  INFO agent::encode: convertisseur BGRA→NV12 (Video Processor MFT) configuré converter_provides_samples=true
2026-08-02T18:42:38.921220Z  INFO agent::capteur::fenetre: fenêtre attachée au capteur session=w-2 sortie=\\.\DISPLAY5 largeur=1280 hauteur=720
2026-08-02T18:42:38.921234Z  INFO agent::capteur::fenetre: l'enfant a fermé le canal session=w-2 images=0
2026-08-02T18:42:38.921236Z  INFO agent::capteur::tube: attaché au capteur session=w-2 sortie=\\.\DISPLAY5 largeur=1280 hauteur=720
2026-08-02T18:42:38.921304Z  INFO agent::capteur::distante: canal rattaché au capteur largeur=1280 hauteur=720
2026-08-02T18:42:38.921300Z  INFO agent::encode::arret: IMFShutdown::Shutdown : avant mft="encodeur"
2026-08-02T18:42:38.921876Z  INFO agent::encode::arret: IMFShutdown::Shutdown : après mft="encodeur"
2026-08-02T18:42:38.924632Z  INFO agent::superviseur::enfants: enfant lancé session=w-4 pid=28196 sortie=\\.\DISPLAY6 audio=false
2026-08-02T18:42:38.934062Z  INFO agent: accélération pointeur neutralisée rapport="seuils relus = [0, 0, 0], vitesse relue = 10 (attendu : [0, 0, 0] et 10)"
2026-08-02T18:42:38.934114Z  INFO agent::demarrage::source: source distante servie par le capteur (mode multi-fenêtres) nom_sortie=\\.\DISPLAY6 bitrate=12000000 fps=90
2026-08-02T18:42:38.934283Z  WARN agent::capteur::serveur: DIAGNOSTIC : fil lecteur de commandes NON lancé
2026-08-02T18:42:38.937305Z  INFO agent::capture::ouverture: sortie retenue pour la duplication adaptateur=NVIDIA GeForce RTX 4070 index_adaptateur=0 index_sortie=2 nom_sortie=\\.\DISPLAY6 attachee=true
2026-08-02T18:42:38.941869Z  WARN agent::capteur::serveur: DIAGNOSTIC : fil lecteur de commandes NON lancé
2026-08-02T18:42:38.943838Z  INFO agent::capture::ouverture: sortie retenue pour la duplication adaptateur=NVIDIA GeForce RTX 4070 index_adaptateur=0 index_sortie=1 nom_sortie=\\.\DISPLAY5 attachee=true
2026-08-02T18:42:39.018039Z  INFO agent::capture::ouverture: protection multi-fils activée sur le contexte immédiat D3D11 protection_precedente=false
2026-08-02T18:42:39.018312Z  INFO agent::capture: duplication de sortie établie desktop_width=1280 desktop_height=720
2026-08-02T18:42:39.018351Z  INFO agent::encode: encodeur matériel retenu encodeur=NVIDIA H.264 Encoder MFT
2026-08-02T18:42:39.038265Z  INFO agent::capture::ouverture: protection multi-fils activée sur le contexte immédiat D3D11 protection_precedente=false
2026-08-02T18:42:39.038934Z  INFO agent::capture: duplication de sortie établie desktop_width=1280 desktop_height=720
2026-08-02T18:42:39.038974Z  INFO agent::encode: encodeur matériel retenu encodeur=NVIDIA H.264 Encoder MFT
2026-08-02T18:42:39.162419Z  INFO agent::encode::arret: file de travail sérialisée imposée mft="encodeur" file=5964029
2026-08-02T18:42:39.162644Z  INFO agent::encode: convertisseur BGRA→NV12 (Video Processor MFT) configuré converter_provides_samples=true
2026-08-02T18:42:39.162776Z  INFO agent::encode::arret: file de travail sérialisée imposée mft="encodeur" file=327931
2026-08-02T18:42:39.162945Z  INFO agent::capteur::fenetre: fenêtre attachée au capteur session=w-2 sortie=\\.\DISPLAY5 largeur=1280 hauteur=720
2026-08-02T18:42:39.162956Z  INFO agent::capteur::fenetre: l'enfant a fermé le canal session=w-2 images=0
2026-08-02T18:42:39.162968Z  INFO agent::encode: convertisseur BGRA→NV12 (Video Processor MFT) configuré converter_provides_samples=true
2026-08-02T18:42:39.162967Z  INFO agent::capteur::tube: attaché au capteur session=w-2 sortie=\\.\DISPLAY5 largeur=1280 hauteur=720
2026-08-02T18:42:39.163016Z  INFO agent::encode::arret: IMFShutdown::Shutdown : avant mft="encodeur"
2026-08-02T18:42:39.163029Z  INFO agent::capteur::distante: canal rattaché au capteur largeur=1280 hauteur=720
2026-08-02T18:42:39.163283Z  INFO agent::capteur::fenetre: fenêtre attachée au capteur session=w-4 sortie=\\.\DISPLAY6 largeur=1280 hauteur=720
2026-08-02T18:42:39.163293Z  INFO agent::capteur::fenetre: l'enfant a fermé le canal session=w-4 images=0
2026-08-02T18:42:39.163301Z  INFO agent::capteur::tube: attaché au capteur session=w-4 sortie=\\.\DISPLAY6 largeur=1280 hauteur=720
2026-08-02T18:42:39.163329Z  INFO agent::encode::arret: IMFShutdown::Shutdown : avant mft="encodeur"
2026-08-02T18:42:39.163598Z  INFO agent::encode::arret: IMFShutdown::Shutdown : après mft="encodeur"
2026-08-02T18:42:39.164049Z  INFO agent::encode::arret: IMFShutdown::Shutdown : après mft="encodeur"
2026-08-02T18:42:39.164690Z  WARN agent::transport::socket: échec de réception UDP transitoire, ignoré erreur=Une connexion existante a dû être fermée par l’hôte distant. (os error 10054) consecutives=1 backoff_ms=2
2026-08-02T18:42:39.168108Z  INFO agent::signaling: agent enregistré auprès du signaling session="w-4"
2026-08-02T18:42:39.168210Z  INFO agent::transport: socket UDP de l'agent addr=192.168.3.2:64731
2026-08-02T18:42:39.170094Z  INFO agent::signaling: configuration TURN reçue serveur=192.168.3.1:3478
2026-08-02T18:42:39.194151Z  WARN agent::capteur::serveur: DIAGNOSTIC : fil lecteur de commandes NON lancé
2026-08-02T18:42:39.194833Z  INFO agent::capture::ouverture: sortie retenue pour la duplication adaptateur=NVIDIA GeForce RTX 4070 index_adaptateur=0 index_sortie=1 nom_sortie=\\.\DISPLAY5 attachee=true
2026-08-02T18:42:39.203459Z  INFO agent::demarrage: son désactivé sur cet enfant : une seule fenêtre le porte
2026-08-02T18:42:39.268169Z  INFO agent::capture::ouverture: protection multi-fils activée sur le contexte immédiat D3D11 protection_precedente=false
2026-08-02T18:42:39.268622Z  INFO agent::capture: duplication de sortie établie desktop_width=1280 desktop_height=720
2026-08-02T18:42:39.268667Z  INFO agent::encode: encodeur matériel retenu encodeur=NVIDIA H.264 Encoder MFT
2026-08-02T18:42:39.329113Z  INFO agent::encode::arret: file de travail sérialisée imposée mft="encodeur" file=327937
2026-08-02T18:42:39.329345Z  INFO agent::encode: convertisseur BGRA→NV12 (Video Processor MFT) configuré converter_provides_samples=true
2026-08-02T18:42:39.329699Z  INFO agent::capteur::fenetre: fenêtre attachée au capteur session=w-2 sortie=\\.\DISPLAY5 largeur=1280 hauteur=720
2026-08-02T18:42:39.329710Z  INFO agent::capteur::fenetre: l'enfant a fermé le canal session=w-2 images=0
2026-08-02T18:42:39.329719Z  INFO agent::capteur::tube: attaché au capteur session=w-2 sortie=\\.\DISPLAY5 largeur=1280 hauteur=720
2026-08-02T18:42:39.329766Z  INFO agent::encode::arret: IMFShutdown::Shutdown : avant mft="encodeur"
2026-08-02T18:42:39.329777Z  INFO agent::capteur::distante: canal rattaché au capteur largeur=1280 hauteur=720
2026-08-02T18:42:39.330329Z  INFO agent::encode::arret: IMFShutdown::Shutdown : après mft="encodeur"
2026-08-02T18:42:39.331449Z  WARN agent::transport::socket: échec de réception UDP transitoire, ignoré erreur=Une connexion existante a dû être fermée par l’hôte distant. (os error 10054) consecutives=1 backoff_ms=2
2026-08-02T18:42:39.350797Z  WARN agent::capteur::serveur: DIAGNOSTIC : fil lecteur de commandes NON lancé
2026-08-02T18:42:39.351456Z  INFO agent::capture::ouverture: sortie retenue pour la duplication adaptateur=NVIDIA GeForce RTX 4070 index_adaptateur=0 index_sortie=1 nom_sortie=\\.\DISPLAY5 attachee=true
2026-08-02T18:42:39.420169Z  INFO agent::capture::ouverture: protection multi-fils activée sur le contexte immédiat D3D11 protection_precedente=false
2026-08-02T18:42:39.420643Z  INFO agent::capture: duplication de sortie établie desktop_width=1280 desktop_height=720
2026-08-02T18:42:39.420688Z  INFO agent::encode: encodeur matériel retenu encodeur=NVIDIA H.264 Encoder MFT
2026-08-02T18:42:39.487680Z  INFO agent::encode::arret: file de travail sérialisée imposée mft="encodeur" file=327940
2026-08-02T18:42:39.487909Z  INFO agent::encode: convertisseur BGRA→NV12 (Video Processor MFT) configuré converter_provides_samples=true
2026-08-02T18:42:39.492271Z  INFO agent::capteur::fenetre: fenêtre attachée au capteur session=w-2 sortie=\\.\DISPLAY5 largeur=1280 hauteur=720
2026-08-02T18:42:39.492289Z  INFO agent::capteur::fenetre: l'enfant a fermé le canal session=w-2 images=0
2026-08-02T18:42:39.492285Z  INFO agent::capteur::tube: attaché au capteur session=w-2 sortie=\\.\DISPLAY5 largeur=1280 hauteur=720
2026-08-02T18:42:39.492355Z  INFO agent::capteur::distante: canal rattaché au capteur largeur=1280 hauteur=720
2026-08-02T18:42:39.492355Z  INFO agent::encode::arret: IMFShutdown::Shutdown : avant mft="encodeur"
2026-08-02T18:42:39.493011Z  INFO agent::encode::arret: IMFShutdown::Shutdown : après mft="encodeur"
2026-08-02T18:42:39.512994Z  WARN agent::capteur::serveur: DIAGNOSTIC : fil lecteur de commandes NON lancé
2026-08-02T18:42:39.513540Z  INFO agent::capture::ouverture: sortie retenue pour la duplication adaptateur=NVIDIA GeForce RTX 4070 index_adaptateur=0 index_sortie=1 nom_sortie=\\.\DISPLAY5 attachee=true
2026-08-02T18:42:39.580668Z  INFO agent::capture::ouverture: protection multi-fils activée sur le contexte immédiat D3D11 protection_precedente=false
2026-08-02T18:42:39.581223Z  INFO agent::capture: duplication de sortie établie desktop_width=1280 desktop_height=720
2026-08-02T18:42:39.581267Z  INFO agent::encode: encodeur matériel retenu encodeur=NVIDIA H.264 Encoder MFT
2026-08-02T18:42:39.642354Z  INFO agent::encode::arret: file de travail sérialisée imposée mft="encodeur" file=327943
2026-08-02T18:42:39.642589Z  INFO agent::encode: convertisseur BGRA→NV12 (Video Processor MFT) configuré converter_provides_samples=true
2026-08-02T18:42:39.643001Z  INFO agent::capteur::fenetre: fenêtre attachée au capteur session=w-2 sortie=\\.\DISPLAY5 largeur=1280 hauteur=720
2026-08-02T18:42:39.643013Z  INFO agent::capteur::fenetre: l'enfant a fermé le canal session=w-2 images=0
2026-08-02T18:42:39.643017Z  INFO agent::capteur::tube: attaché au capteur session=w-2 sortie=\\.\DISPLAY5 largeur=1280 hauteur=720
2026-08-02T18:42:39.643071Z  INFO agent::encode::arret: IMFShutdown::Shutdown : avant mft="encodeur"
2026-08-02T18:42:39.643073Z  INFO agent::capteur::distante: canal rattaché au capteur largeur=1280 hauteur=720
2026-08-02T18:42:39.643659Z  INFO agent::encode::arret: IMFShutdown::Shutdown : après mft="encodeur"
2026-08-02T18:42:39.673463Z  WARN agent::capteur::serveur: DIAGNOSTIC : fil lecteur de commandes NON lancé
2026-08-02T18:42:39.673817Z  INFO agent::capture::ouverture: sortie retenue pour la duplication adaptateur=NVIDIA GeForce RTX 4070 index_adaptateur=0 index_sortie=1 nom_sortie=\\.\DISPLAY5 attachee=true
2026-08-02T18:42:39.746353Z  INFO agent::capture::ouverture: protection multi-fils activée sur le contexte immédiat D3D11 protection_precedente=false
2026-08-02T18:42:39.746629Z  INFO agent::capture: duplication de sortie établie desktop_width=1280 desktop_height=720
2026-08-02T18:42:39.746677Z  INFO agent::encode: encodeur matériel retenu encodeur=NVIDIA H.264 Encoder MFT
2026-08-02T18:42:39.808219Z  INFO agent::encode::arret: file de travail sérialisée imposée mft="encodeur" file=327946
2026-08-02T18:42:39.808457Z  INFO agent::encode: convertisseur BGRA→NV12 (Video Processor MFT) configuré converter_provides_samples=true
2026-08-02T18:42:39.808771Z  INFO agent::capteur::fenetre: fenêtre attachée au capteur session=w-2 sortie=\\.\DISPLAY5 largeur=1280 hauteur=720
2026-08-02T18:42:39.808782Z  INFO agent::capteur::fenetre: l'enfant a fermé le canal session=w-2 images=0
2026-08-02T18:42:39.808789Z  INFO agent::capteur::tube: attaché au capteur session=w-2 sortie=\\.\DISPLAY5 largeur=1280 hauteur=720
2026-08-02T18:42:39.808824Z  INFO agent::encode::arret: IMFShutdown::Shutdown : avant mft="encodeur"
2026-08-02T18:42:39.808856Z  INFO agent::capteur::distante: canal rattaché au capteur largeur=1280 hauteur=720
2026-08-02T18:42:39.809487Z  INFO agent::encode::arret: IMFShutdown::Shutdown : après mft="encodeur"
2026-08-02T18:42:39.829646Z  WARN agent::capteur::serveur: DIAGNOSTIC : fil lecteur de commandes NON lancé
2026-08-02T18:42:39.830003Z  INFO agent::capture::ouverture: sortie retenue pour la duplication adaptateur=NVIDIA GeForce RTX 4070 index_adaptateur=0 index_sortie=1 nom_sortie=\\.\DISPLAY5 attachee=true
2026-08-02T18:42:39.900823Z  INFO agent::capture::ouverture: protection multi-fils activée sur le contexte immédiat D3D11 protection_precedente=false
2026-08-02T18:42:39.901115Z  INFO agent::capture: duplication de sortie établie desktop_width=1280 desktop_height=720
2026-08-02T18:42:39.901198Z  INFO agent::encode: encodeur matériel retenu encodeur=NVIDIA H.264 Encoder MFT
2026-08-02T18:42:39.964079Z  INFO agent::encode::arret: file de travail sérialisée imposée mft="encodeur" file=327949
2026-08-02T18:42:39.964305Z  INFO agent::encode: convertisseur BGRA→NV12 (Video Processor MFT) configuré converter_provides_samples=true
2026-08-02T18:42:39.964624Z  INFO agent::capteur::fenetre: fenêtre attachée au capteur session=w-2 sortie=\\.\DISPLAY5 largeur=1280 hauteur=720
2026-08-02T18:42:39.964635Z  INFO agent::capteur::fenetre: l'enfant a fermé le canal session=w-2 images=0
2026-08-02T18:42:39.964642Z  INFO agent::capteur::tube: attaché au capteur session=w-2 sortie=\\.\DISPLAY5 largeur=1280 hauteur=720
2026-08-02T18:42:39.964675Z  INFO agent::encode::arret: IMFShutdown::Shutdown : avant mft="encodeur"
2026-08-02T18:42:39.964704Z  INFO agent::capteur::distante: canal rattaché au capteur largeur=1280 hauteur=720
2026-08-02T18:42:39.965228Z  INFO agent::encode::arret: IMFShutdown::Shutdown : après mft="encodeur"
2026-08-02T18:42:39.985462Z  WARN agent::capteur::serveur: DIAGNOSTIC : fil lecteur de commandes NON lancé
2026-08-02T18:42:39.985893Z  INFO agent::capture::ouverture: sortie retenue pour la duplication adaptateur=NVIDIA GeForce RTX 4070 index_adaptateur=0 index_sortie=1 nom_sortie=\\.\DISPLAY5 attachee=true
2026-08-02T18:42:40.052371Z  INFO agent::capture::ouverture: protection multi-fils activée sur le contexte immédiat D3D11 protection_precedente=false
2026-08-02T18:42:40.052680Z  INFO agent::capture: duplication de sortie établie desktop_width=1280 desktop_height=720
2026-08-02T18:42:40.052719Z  INFO agent::encode: encodeur matériel retenu encodeur=NVIDIA H.264 Encoder MFT
2026-08-02T18:42:40.112855Z  INFO agent::encode::arret: file de travail sérialisée imposée mft="encodeur" file=327952
2026-08-02T18:42:40.113090Z  INFO agent::encode: convertisseur BGRA→NV12 (Video Processor MFT) configuré converter_provides_samples=true
2026-08-02T18:42:40.113433Z  INFO agent::capteur::fenetre: fenêtre attachée au capteur session=w-2 sortie=\\.\DISPLAY5 largeur=1280 hauteur=720
2026-08-02T18:42:40.113445Z  INFO agent::capteur::fenetre: l'enfant a fermé le canal session=w-2 images=0
2026-08-02T18:42:40.113449Z  INFO agent::capteur::tube: attaché au capteur session=w-2 sortie=\\.\DISPLAY5 largeur=1280 hauteur=720
2026-08-02T18:42:40.113501Z  INFO agent::encode::arret: IMFShutdown::Shutdown : avant mft="encodeur"
2026-08-02T18:42:40.113513Z  INFO agent::capteur::distante: canal rattaché au capteur largeur=1280 hauteur=720
2026-08-02T18:42:40.114125Z  INFO agent::encode::arret: IMFShutdown::Shutdown : après mft="encodeur"
2026-08-02T18:42:40.134211Z  WARN agent::capteur::serveur: DIAGNOSTIC : fil lecteur de commandes NON lancé
2026-08-02T18:42:40.134557Z  INFO agent::capture::ouverture: sortie retenue pour la duplication adaptateur=NVIDIA GeForce RTX 4070 index_adaptateur=0 index_sortie=1 nom_sortie=\\.\DISPLAY5 attachee=true
2026-08-02T18:42:40.198102Z  INFO agent::capture::ouverture: protection multi-fils activée sur le contexte immédiat D3D11 protection_precedente=false
2026-08-02T18:42:40.198375Z  INFO agent::capture: duplication de sortie établie desktop_width=1280 desktop_height=720
2026-08-02T18:42:40.198416Z  INFO agent::encode: encodeur matériel retenu encodeur=NVIDIA H.264 Encoder MFT
2026-08-02T18:42:40.255873Z  INFO agent::encode::arret: file de travail sérialisée imposée mft="encodeur" file=327955
2026-08-02T18:42:40.256100Z  INFO agent::encode: convertisseur BGRA→NV12 (Video Processor MFT) configuré converter_provides_samples=true
2026-08-02T18:42:40.256406Z  INFO agent::capteur::fenetre: fenêtre attachée au capteur session=w-2 sortie=\\.\DISPLAY5 largeur=1280 hauteur=720
2026-08-02T18:42:40.256417Z  INFO agent::capteur::fenetre: l'enfant a fermé le canal session=w-2 images=0
2026-08-02T18:42:40.256422Z  INFO agent::capteur::tube: attaché au capteur session=w-2 sortie=\\.\DISPLAY5 largeur=1280 hauteur=720
2026-08-02T18:42:40.256470Z  INFO agent::encode::arret: IMFShutdown::Shutdown : avant mft="encodeur"
2026-08-02T18:42:40.256480Z  INFO agent::capteur::distante: canal rattaché au capteur largeur=1280 hauteur=720
2026-08-02T18:42:40.257015Z  INFO agent::encode::arret: IMFShutdown::Shutdown : après mft="encodeur"
2026-08-02T18:42:40.277135Z  WARN agent::capteur::serveur: DIAGNOSTIC : fil lecteur de commandes NON lancé
2026-08-02T18:42:40.277523Z  INFO agent::capture::ouverture: sortie retenue pour la duplication adaptateur=NVIDIA GeForce RTX 4070 index_adaptateur=0 index_sortie=1 nom_sortie=\\.\DISPLAY5 attachee=true
2026-08-02T18:42:40.345645Z  INFO agent::capture::ouverture: protection multi-fils activée sur le contexte immédiat D3D11 protection_precedente=false
2026-08-02T18:42:40.345934Z  INFO agent::capture: duplication de sortie établie desktop_width=1280 desktop_height=720
2026-08-02T18:42:40.345976Z  INFO agent::encode: encodeur matériel retenu encodeur=NVIDIA H.264 Encoder MFT
2026-08-02T18:42:40.401619Z  INFO agent::encode::arret: file de travail sérialisée imposée mft="encodeur" file=327958
2026-08-02T18:42:40.401858Z  INFO agent::encode: convertisseur BGRA→NV12 (Video Processor MFT) configuré converter_provides_samples=true
2026-08-02T18:42:40.402177Z  INFO agent::capteur::fenetre: fenêtre attachée au capteur session=w-2 sortie=\\.\DISPLAY5 largeur=1280 hauteur=720
2026-08-02T18:42:40.402189Z  INFO agent::capteur::fenetre: l'enfant a fermé le canal session=w-2 images=0
2026-08-02T18:42:40.402191Z  INFO agent::capteur::tube: attaché au capteur session=w-2 sortie=\\.\DISPLAY5 largeur=1280 hauteur=720
2026-08-02T18:42:40.402243Z  INFO agent::encode::arret: IMFShutdown::Shutdown : avant mft="encodeur"
2026-08-02T18:42:40.402245Z  INFO agent::capteur::distante: canal rattaché au capteur largeur=1280 hauteur=720
2026-08-02T18:42:40.402812Z  INFO agent::encode::arret: IMFShutdown::Shutdown : après mft="encodeur"
2026-08-02T18:42:40.422827Z  WARN agent::capteur::serveur: DIAGNOSTIC : fil lecteur de commandes NON lancé
2026-08-02T18:42:40.423155Z  INFO agent::capture::ouverture: sortie retenue pour la duplication adaptateur=NVIDIA GeForce RTX 4070 index_adaptateur=0 index_sortie=1 nom_sortie=\\.\DISPLAY5 attachee=true
2026-08-02T18:42:40.487984Z  INFO agent::capture::ouverture: protection multi-fils activée sur le contexte immédiat D3D11 protection_precedente=false
2026-08-02T18:42:40.488264Z  INFO agent::capture: duplication de sortie établie desktop_width=1280 desktop_height=720
2026-08-02T18:42:40.488305Z  INFO agent::encode: encodeur matériel retenu encodeur=NVIDIA H.264 Encoder MFT
2026-08-02T18:42:40.542207Z  INFO agent::encode::arret: file de travail sérialisée imposée mft="encodeur" file=327961
2026-08-02T18:42:40.542424Z  INFO agent::encode: convertisseur BGRA→NV12 (Video Processor MFT) configuré converter_provides_samples=true
2026-08-02T18:42:40.542843Z  INFO agent::capteur::fenetre: fenêtre attachée au capteur session=w-2 sortie=\\.\DISPLAY5 largeur=1280 hauteur=720
2026-08-02T18:42:40.542855Z  INFO agent::capteur::fenetre: l'enfant a fermé le canal session=w-2 images=0
2026-08-02T18:42:40.542857Z  INFO agent::capteur::tube: attaché au capteur session=w-2 sortie=\\.\DISPLAY5 largeur=1280 hauteur=720
2026-08-02T18:42:40.542909Z  INFO agent::capteur::distante: canal rattaché au capteur largeur=1280 hauteur=720
2026-08-02T18:42:40.542938Z  INFO agent::encode::arret: IMFShutdown::Shutdown : avant mft="encodeur"
2026-08-02T18:42:40.543481Z  INFO agent::encode::arret: IMFShutdown::Shutdown : après mft="encodeur"
2026-08-02T18:42:40.563613Z  WARN agent::capteur::serveur: DIAGNOSTIC : fil lecteur de commandes NON lancé
2026-08-02T18:42:40.563929Z  INFO agent::capture::ouverture: sortie retenue pour la duplication adaptateur=NVIDIA GeForce RTX 4070 index_adaptateur=0 index_sortie=1 nom_sortie=\\.\DISPLAY5 attachee=true
2026-08-02T18:42:40.631684Z  INFO agent::capture::ouverture: protection multi-fils activée sur le contexte immédiat D3D11 protection_precedente=false
2026-08-02T18:42:40.631994Z  INFO agent::capture: duplication de sortie établie desktop_width=1280 desktop_height=720
2026-08-02T18:42:40.632034Z  INFO agent::encode: encodeur matériel retenu encodeur=NVIDIA H.264 Encoder MFT
2026-08-02T18:42:40.686159Z  INFO agent::encode::arret: file de travail sérialisée imposée mft="encodeur" file=327964
2026-08-02T18:42:40.686370Z  INFO agent::encode: convertisseur BGRA→NV12 (Video Processor MFT) configuré converter_provides_samples=true
2026-08-02T18:42:40.686668Z  INFO agent::capteur::fenetre: fenêtre attachée au capteur session=w-2 sortie=\\.\DISPLAY5 largeur=1280 hauteur=720
2026-08-02T18:42:40.686678Z  INFO agent::capteur::fenetre: l'enfant a fermé le canal session=w-2 images=0
2026-08-02T18:42:40.686684Z  INFO agent::capteur::tube: attaché au capteur session=w-2 sortie=\\.\DISPLAY5 largeur=1280 hauteur=720
2026-08-02T18:42:40.686728Z  INFO agent::encode::arret: IMFShutdown::Shutdown : avant mft="encodeur"
2026-08-02T18:42:40.686736Z  INFO agent::capteur::distante: canal rattaché au capteur largeur=1280 hauteur=720
2026-08-02T18:42:40.687272Z  INFO agent::encode::arret: IMFShutdown::Shutdown : après mft="encodeur"
2026-08-02T18:42:40.708085Z  WARN agent::capteur::serveur: DIAGNOSTIC : fil lecteur de commandes NON lancé
2026-08-02T18:42:40.708479Z  INFO agent::capture::ouverture: sortie retenue pour la duplication adaptateur=NVIDIA GeForce RTX 4070 index_adaptateur=0 index_sortie=1 nom_sortie=\\.\DISPLAY5 attachee=true
2026-08-02T18:42:40.768140Z  INFO agent::capture::ouverture: protection multi-fils activée sur le contexte immédiat D3D11 protection_precedente=false
2026-08-02T18:42:40.768479Z  INFO agent::capture: duplication de sortie établie desktop_width=1280 desktop_height=720
2026-08-02T18:42:40.768523Z  INFO agent::encode: encodeur matériel retenu encodeur=NVIDIA H.264 Encoder MFT
2026-08-02T18:42:40.821224Z  INFO agent::encode::arret: file de travail sérialisée imposée mft="encodeur" file=327967
2026-08-02T18:42:40.821437Z  INFO agent::encode: convertisseur BGRA→NV12 (Video Processor MFT) configuré converter_provides_samples=true
2026-08-02T18:42:40.821813Z  INFO agent::capteur::fenetre: fenêtre attachée au capteur session=w-2 sortie=\\.\DISPLAY5 largeur=1280 hauteur=720
2026-08-02T18:42:40.821826Z  INFO agent::capteur::fenetre: l'enfant a fermé le canal session=w-2 images=0
2026-08-02T18:42:40.821827Z  INFO agent::capteur::tube: attaché au capteur session=w-2 sortie=\\.\DISPLAY5 largeur=1280 hauteur=720
2026-08-02T18:42:40.821877Z  INFO agent::capteur::distante: canal rattaché au capteur largeur=1280 hauteur=720
2026-08-02T18:42:40.821878Z  INFO agent::encode::arret: IMFShutdown::Shutdown : avant mft="encodeur"
2026-08-02T18:42:40.822411Z  INFO agent::encode::arret: IMFShutdown::Shutdown : après mft="encodeur"
2026-08-02T18:42:40.842822Z  WARN agent::capteur::serveur: DIAGNOSTIC : fil lecteur de commandes NON lancé
2026-08-02T18:42:40.843224Z  INFO agent::capture::ouverture: sortie retenue pour la duplication adaptateur=NVIDIA GeForce RTX 4070 index_adaptateur=0 index_sortie=1 nom_sortie=\\.\DISPLAY5 attachee=true
2026-08-02T18:42:40.905922Z  INFO agent::capture::ouverture: protection multi-fils activée sur le contexte immédiat D3D11 protection_precedente=false
2026-08-02T18:42:40.906195Z  INFO agent::capture: duplication de sortie établie desktop_width=1280 desktop_height=720
2026-08-02T18:42:40.906237Z  INFO agent::encode: encodeur matériel retenu encodeur=NVIDIA H.264 Encoder MFT
2026-08-02T18:42:40.958965Z  INFO agent::encode::arret: file de travail sérialisée imposée mft="encodeur" file=327970
2026-08-02T18:42:40.959168Z  INFO agent::encode: convertisseur BGRA→NV12 (Video Processor MFT) configuré converter_provides_samples=true
2026-08-02T18:42:40.959537Z  INFO agent::capteur::fenetre: fenêtre attachée au capteur session=w-2 sortie=\\.\DISPLAY5 largeur=1280 hauteur=720
2026-08-02T18:42:40.959548Z  INFO agent::capteur::fenetre: l'enfant a fermé le canal session=w-2 images=0
2026-08-02T18:42:40.959551Z  INFO agent::capteur::tube: attaché au capteur session=w-2 sortie=\\.\DISPLAY5 largeur=1280 hauteur=720
2026-08-02T18:42:40.959598Z  INFO agent::capteur::distante: canal rattaché au capteur largeur=1280 hauteur=720
2026-08-02T18:42:40.959599Z  INFO agent::encode::arret: IMFShutdown::Shutdown : avant mft="encodeur"
2026-08-02T18:42:40.960115Z  INFO agent::encode::arret: IMFShutdown::Shutdown : après mft="encodeur"
2026-08-02T18:42:40.980080Z  WARN agent::capteur::serveur: DIAGNOSTIC : fil lecteur de commandes NON lancé
2026-08-02T18:42:40.980445Z  INFO agent::capture::ouverture: sortie retenue pour la duplication adaptateur=NVIDIA GeForce RTX 4070 index_adaptateur=0 index_sortie=1 nom_sortie=\\.\DISPLAY5 attachee=true
2026-08-02T18:42:41.050685Z  INFO agent::capture::ouverture: protection multi-fils activée sur le contexte immédiat D3D11 protection_precedente=false
2026-08-02T18:42:41.050953Z  INFO agent::capture: duplication de sortie établie desktop_width=1280 desktop_height=720
2026-08-02T18:42:41.050993Z  INFO agent::encode: encodeur matériel retenu encodeur=NVIDIA H.264 Encoder MFT
2026-08-02T18:42:41.105712Z  INFO agent::encode::arret: file de travail sérialisée imposée mft="encodeur" file=327973
2026-08-02T18:42:41.105944Z  INFO agent::encode: convertisseur BGRA→NV12 (Video Processor MFT) configuré converter_provides_samples=true
2026-08-02T18:42:41.106325Z  INFO agent::capteur::fenetre: fenêtre attachée au capteur session=w-2 sortie=\\.\DISPLAY5 largeur=1280 hauteur=720
2026-08-02T18:42:41.106340Z  INFO agent::capteur::fenetre: l'enfant a fermé le canal session=w-2 images=0
2026-08-02T18:42:41.106338Z  INFO agent::capteur::tube: attaché au capteur session=w-2 sortie=\\.\DISPLAY5 largeur=1280 hauteur=720
2026-08-02T18:42:41.106393Z  INFO agent::capteur::distante: canal rattaché au capteur largeur=1280 hauteur=720
2026-08-02T18:42:41.106424Z  INFO agent::encode::arret: IMFShutdown::Shutdown : avant mft="encodeur"
2026-08-02T18:42:41.107009Z  INFO agent::encode::arret: IMFShutdown::Shutdown : après mft="encodeur"
2026-08-02T18:42:41.126944Z  WARN agent::capteur::serveur: DIAGNOSTIC : fil lecteur de commandes NON lancé
2026-08-02T18:42:41.127268Z  INFO agent::capture::ouverture: sortie retenue pour la duplication adaptateur=NVIDIA GeForce RTX 4070 index_adaptateur=0 index_sortie=1 nom_sortie=\\.\DISPLAY5 attachee=true
2026-08-02T18:42:41.188651Z  INFO agent::capture::ouverture: protection multi-fils activée sur le contexte immédiat D3D11 protection_precedente=false
2026-08-02T18:42:41.188922Z  INFO agent::capture: duplication de sortie établie desktop_width=1280 desktop_height=720
2026-08-02T18:42:41.188962Z  INFO agent::encode: encodeur matériel retenu encodeur=NVIDIA H.264 Encoder MFT
2026-08-02T18:42:41.241381Z  INFO agent::encode::arret: file de travail sérialisée imposée mft="encodeur" file=327976
2026-08-02T18:42:41.241586Z  INFO agent::encode: convertisseur BGRA→NV12 (Video Processor MFT) configuré converter_provides_samples=true
2026-08-02T18:42:41.242031Z  INFO agent::capteur::fenetre: fenêtre attachée au capteur session=w-2 sortie=\\.\DISPLAY5 largeur=1280 hauteur=720
2026-08-02T18:42:41.242043Z  INFO agent::capteur::fenetre: l'enfant a fermé le canal session=w-2 images=0
2026-08-02T18:42:41.242045Z  INFO agent::capteur::tube: attaché au capteur session=w-2 sortie=\\.\DISPLAY5 largeur=1280 hauteur=720
2026-08-02T18:42:41.242092Z  INFO agent::capteur::distante: canal rattaché au capteur largeur=1280 hauteur=720
2026-08-02T18:42:41.242095Z  INFO agent::encode::arret: IMFShutdown::Shutdown : avant mft="encodeur"
2026-08-02T18:42:41.242622Z  INFO agent::encode::arret: IMFShutdown::Shutdown : après mft="encodeur"
2026-08-02T18:42:41.262814Z  WARN agent::capteur::serveur: DIAGNOSTIC : fil lecteur de commandes NON lancé
2026-08-02T18:42:41.263149Z  INFO agent::capture::ouverture: sortie retenue pour la duplication adaptateur=NVIDIA GeForce RTX 4070 index_adaptateur=0 index_sortie=1 nom_sortie=\\.\DISPLAY5 attachee=true
2026-08-02T18:42:41.324958Z  INFO agent::capture::ouverture: protection multi-fils activée sur le contexte immédiat D3D11 protection_precedente=false
2026-08-02T18:42:41.325237Z  INFO agent::capture: duplication de sortie établie desktop_width=1280 desktop_height=720
2026-08-02T18:42:41.325276Z  INFO agent::encode: encodeur matériel retenu encodeur=NVIDIA H.264 Encoder MFT
2026-08-02T18:42:41.379594Z  INFO agent::encode::arret: file de travail sérialisée imposée mft="encodeur" file=327979
2026-08-02T18:42:41.379810Z  INFO agent::encode: convertisseur BGRA→NV12 (Video Processor MFT) configuré converter_provides_samples=true
2026-08-02T18:42:41.380159Z  INFO agent::capteur::fenetre: fenêtre attachée au capteur session=w-2 sortie=\\.\DISPLAY5 largeur=1280 hauteur=720
2026-08-02T18:42:41.380169Z  INFO agent::capteur::fenetre: l'enfant a fermé le canal session=w-2 images=0
2026-08-02T18:42:41.380179Z  INFO agent::capteur::tube: attaché au capteur session=w-2 sortie=\\.\DISPLAY5 largeur=1280 hauteur=720
2026-08-02T18:42:41.380228Z  INFO agent::encode::arret: IMFShutdown::Shutdown : avant mft="encodeur"
2026-08-02T18:42:41.380236Z  INFO agent::capteur::distante: canal rattaché au capteur largeur=1280 hauteur=720
2026-08-02T18:42:41.380789Z  INFO agent::encode::arret: IMFShutdown::Shutdown : après mft="encodeur"
2026-08-02T18:42:41.401347Z  WARN agent::capteur::serveur: DIAGNOSTIC : fil lecteur de commandes NON lancé
2026-08-02T18:42:41.401839Z  INFO agent::capture::ouverture: sortie retenue pour la duplication adaptateur=NVIDIA GeForce RTX 4070 index_adaptateur=0 index_sortie=1 nom_sortie=\\.\DISPLAY5 attachee=true
2026-08-02T18:42:41.466773Z  INFO agent::capture::ouverture: protection multi-fils activée sur le contexte immédiat D3D11 protection_precedente=false
2026-08-02T18:42:41.467054Z  INFO agent::capture: duplication de sortie établie desktop_width=1280 desktop_height=720
2026-08-02T18:42:41.467097Z  INFO agent::encode: encodeur matériel retenu encodeur=NVIDIA H.264 Encoder MFT
2026-08-02T18:42:41.519385Z  INFO agent::encode::arret: file de travail sérialisée imposée mft="encodeur" file=327982
2026-08-02T18:42:41.519592Z  INFO agent::encode: convertisseur BGRA→NV12 (Video Processor MFT) configuré converter_provides_samples=true
2026-08-02T18:42:41.519959Z  INFO agent::capteur::fenetre: fenêtre attachée au capteur session=w-2 sortie=\\.\DISPLAY5 largeur=1280 hauteur=720
2026-08-02T18:42:41.519970Z  INFO agent::capteur::fenetre: l'enfant a fermé le canal session=w-2 images=0
2026-08-02T18:42:41.519973Z  INFO agent::capteur::tube: attaché au capteur session=w-2 sortie=\\.\DISPLAY5 largeur=1280 hauteur=720
2026-08-02T18:42:41.520021Z  INFO agent::capteur::distante: canal rattaché au capteur largeur=1280 hauteur=720
2026-08-02T18:42:41.520063Z  INFO agent::encode::arret: IMFShutdown::Shutdown : avant mft="encodeur"
2026-08-02T18:42:41.520564Z  INFO agent::encode::arret: IMFShutdown::Shutdown : après mft="encodeur"
2026-08-02T18:42:41.540806Z  WARN agent::capteur::serveur: DIAGNOSTIC : fil lecteur de commandes NON lancé
2026-08-02T18:42:41.541184Z  INFO agent::capture::ouverture: sortie retenue pour la duplication adaptateur=NVIDIA GeForce RTX 4070 index_adaptateur=0 index_sortie=1 nom_sortie=\\.\DISPLAY5 attachee=true
2026-08-02T18:42:41.600743Z  INFO agent::capture::ouverture: protection multi-fils activée sur le contexte immédiat D3D11 protection_precedente=false
2026-08-02T18:42:41.600974Z  INFO agent::capture: duplication de sortie établie desktop_width=1280 desktop_height=720
2026-08-02T18:42:41.601013Z  INFO agent::encode: encodeur matériel retenu encodeur=NVIDIA H.264 Encoder MFT
2026-08-02T18:42:41.655536Z  INFO agent::encode::arret: file de travail sérialisée imposée mft="encodeur" file=327985
2026-08-02T18:42:41.655746Z  INFO agent::encode: convertisseur BGRA→NV12 (Video Processor MFT) configuré converter_provides_samples=true
2026-08-02T18:42:41.656030Z  INFO agent::capteur::fenetre: fenêtre attachée au capteur session=w-2 sortie=\\.\DISPLAY5 largeur=1280 hauteur=720
2026-08-02T18:42:41.656040Z  INFO agent::capteur::fenetre: l'enfant a fermé le canal session=w-2 images=0
2026-08-02T18:42:41.656046Z  INFO agent::capteur::tube: attaché au capteur session=w-2 sortie=\\.\DISPLAY5 largeur=1280 hauteur=720
2026-08-02T18:42:41.656092Z  INFO agent::encode::arret: IMFShutdown::Shutdown : avant mft="encodeur"
2026-08-02T18:42:41.656098Z  INFO agent::capteur::distante: canal rattaché au capteur largeur=1280 hauteur=720
2026-08-02T18:42:41.656634Z  INFO agent::encode::arret: IMFShutdown::Shutdown : après mft="encodeur"
2026-08-02T18:42:41.677141Z  WARN agent::capteur::serveur: DIAGNOSTIC : fil lecteur de commandes NON lancé
2026-08-02T18:42:41.677514Z  INFO agent::capture::ouverture: sortie retenue pour la duplication adaptateur=NVIDIA GeForce RTX 4070 index_adaptateur=0 index_sortie=1 nom_sortie=\\.\DISPLAY5 attachee=true
2026-08-02T18:42:41.745252Z  INFO agent::capture::ouverture: protection multi-fils activée sur le contexte immédiat D3D11 protection_precedente=false
2026-08-02T18:42:41.745531Z  INFO agent::capture: duplication de sortie établie desktop_width=1280 desktop_height=720
2026-08-02T18:42:41.745570Z  INFO agent::encode: encodeur matériel retenu encodeur=NVIDIA H.264 Encoder MFT
2026-08-02T18:42:41.798430Z  INFO agent::encode::arret: file de travail sérialisée imposée mft="encodeur" file=327988
2026-08-02T18:42:41.798645Z  INFO agent::encode: convertisseur BGRA→NV12 (Video Processor MFT) configuré converter_provides_samples=true
2026-08-02T18:42:41.799069Z  INFO agent::capteur::fenetre: fenêtre attachée au capteur session=w-2 sortie=\\.\DISPLAY5 largeur=1280 hauteur=720
2026-08-02T18:42:41.799081Z  INFO agent::capteur::fenetre: l'enfant a fermé le canal session=w-2 images=0
2026-08-02T18:42:41.799084Z  INFO agent::capteur::tube: attaché au capteur session=w-2 sortie=\\.\DISPLAY5 largeur=1280 hauteur=720
2026-08-02T18:42:41.799132Z  INFO agent::encode::arret: IMFShutdown::Shutdown : avant mft="encodeur"
2026-08-02T18:42:41.799138Z  INFO agent::capteur::distante: canal rattaché au capteur largeur=1280 hauteur=720
2026-08-02T18:42:41.799670Z  INFO agent::encode::arret: IMFShutdown::Shutdown : après mft="encodeur"
2026-08-02T18:42:41.809898Z  INFO agent::demarrage: offre reçue
2026-08-02T18:42:41.815326Z  WARN agent::demarrage: allocation TURN impossible : la session continue sans relais erreur=réception pendant l'allocation TURN
2026-08-02T18:42:41.816917Z  INFO agent::demarrage: réponse envoyée
2026-08-02T18:42:41.817120Z  INFO agent::transport::evenements: état ICE state=Checking écoulé=2.6137534s
2026-08-02T18:42:41.820052Z  WARN agent::capteur::serveur: DIAGNOSTIC : fil lecteur de commandes NON lancé
2026-08-02T18:42:41.820354Z  INFO agent::capture::ouverture: sortie retenue pour la duplication adaptateur=NVIDIA GeForce RTX 4070 index_adaptateur=0 index_sortie=1 nom_sortie=\\.\DISPLAY5 attachee=true
2026-08-02T18:42:41.827955Z  INFO agent::transport::evenements: état ICE state=Connected écoulé=2.6245881s
2026-08-02T18:42:41.837792Z  INFO agent::transport::evenements: piste négociée mid=Mid(0) kind=Video
2026-08-02T18:42:41.837807Z  INFO agent::transport::evenements: piste négociée mid=Mid(1) kind=Audio
2026-08-02T18:42:41.838029Z  WARN agent::capteur::serveur: DIAGNOSTIC : fil lecteur de commandes NON lancé
2026-08-02T18:42:41.838342Z  INFO agent::capture::ouverture: sortie retenue pour la duplication adaptateur=NVIDIA GeForce RTX 4070 index_adaptateur=0 index_sortie=2 nom_sortie=\\.\DISPLAY6 attachee=true
2026-08-02T18:42:41.883289Z  INFO agent::capture::ouverture: protection multi-fils activée sur le contexte immédiat D3D11 protection_precedente=false
2026-08-02T18:42:41.883569Z  INFO agent::capture: duplication de sortie établie desktop_width=1280 desktop_height=720
2026-08-02T18:42:41.883609Z  INFO agent::encode: encodeur matériel retenu encodeur=NVIDIA H.264 Encoder MFT
2026-08-02T18:42:41.903153Z  INFO agent::capture::ouverture: protection multi-fils activée sur le contexte immédiat D3D11 protection_precedente=false
2026-08-02T18:42:41.903399Z  INFO agent::capture: duplication de sortie établie desktop_width=1280 desktop_height=720
2026-08-02T18:42:41.903438Z  INFO agent::encode: encodeur matériel retenu encodeur=NVIDIA H.264 Encoder MFT
2026-08-02T18:42:41.999298Z  INFO agent::encode::arret: file de travail sérialisée imposée mft="encodeur" file=7274809
2026-08-02T18:42:41.999521Z  INFO agent::encode: convertisseur BGRA→NV12 (Video Processor MFT) configuré converter_provides_samples=true
2026-08-02T18:42:41.999836Z  INFO agent::capteur::fenetre: fenêtre attachée au capteur session=w-4 sortie=\\.\DISPLAY6 largeur=1280 hauteur=720
2026-08-02T18:42:41.999846Z  INFO agent::capteur::fenetre: l'enfant a fermé le canal session=w-4 images=0
2026-08-02T18:42:41.999889Z  INFO agent::capteur::tube: attaché au capteur session=w-4 sortie=\\.\DISPLAY6 largeur=1280 hauteur=720
2026-08-02T18:42:41.999898Z  INFO agent::encode::arret: IMFShutdown::Shutdown : avant mft="encodeur"
2026-08-02T18:42:41.999940Z  INFO agent::capteur::distante: canal rattaché au capteur largeur=1280 hauteur=720
2026-08-02T18:42:42.000394Z  INFO agent::encode::arret: IMFShutdown::Shutdown : après mft="encodeur"
2026-08-02T18:42:42.003049Z  INFO agent::transport::evenements: canal de données ouvert label=input
2026-08-02T18:42:42.003110Z  INFO agent::transport::evenements: canal de données ouvert label=control
2026-08-02T18:42:42.008007Z  INFO agent::encode::arret: file de travail sérialisée imposée mft="encodeur" file=327991
2026-08-02T18:42:42.008265Z  INFO agent::encode: convertisseur BGRA→NV12 (Video Processor MFT) configuré converter_provides_samples=true
2026-08-02T18:42:42.008606Z  INFO agent::capteur::fenetre: fenêtre attachée au capteur session=w-2 sortie=\\.\DISPLAY5 largeur=1280 hauteur=720
2026-08-02T18:42:42.008616Z  INFO agent::capteur::fenetre: l'enfant a fermé le canal session=w-2 images=0
2026-08-02T18:42:42.008623Z  INFO agent::capteur::tube: attaché au capteur session=w-2 sortie=\\.\DISPLAY5 largeur=1280 hauteur=720
2026-08-02T18:42:42.008667Z  INFO agent::encode::arret: IMFShutdown::Shutdown : avant mft="encodeur"
2026-08-02T18:42:42.008674Z  INFO agent::capteur::distante: canal rattaché au capteur largeur=1280 hauteur=720
2026-08-02T18:42:42.009431Z  INFO agent::encode::arret: IMFShutdown::Shutdown : après mft="encodeur"
2026-08-02T18:42:42.029420Z  WARN agent::capteur::serveur: DIAGNOSTIC : fil lecteur de commandes NON lancé
2026-08-02T18:42:42.029757Z  INFO agent::capture::ouverture: sortie retenue pour la duplication adaptateur=NVIDIA GeForce RTX 4070 index_adaptateur=0 index_sortie=1 nom_sortie=\\.\DISPLAY5 attachee=true
2026-08-02T18:42:42.030498Z  WARN agent::capteur::serveur: DIAGNOSTIC : fil lecteur de commandes NON lancé
2026-08-02T18:42:42.030824Z  INFO agent::capture::ouverture: sortie retenue pour la duplication adaptateur=NVIDIA GeForce RTX 4070 index_adaptateur=0 index_sortie=2 nom_sortie=\\.\DISPLAY6 attachee=true
2026-08-02T18:42:42.091557Z  INFO agent::capture::ouverture: protection multi-fils activée sur le contexte immédiat D3D11 protection_precedente=false
2026-08-02T18:42:42.092405Z  INFO agent::capture: duplication de sortie établie desktop_width=1280 desktop_height=720
2026-08-02T18:42:42.092446Z  INFO agent::encode: encodeur matériel retenu encodeur=NVIDIA H.264 Encoder MFT
2026-08-02T18:42:42.109971Z  INFO agent::capture::ouverture: protection multi-fils activée sur le contexte immédiat D3D11 protection_precedente=false
2026-08-02T18:42:42.110255Z  INFO agent::capture: duplication de sortie établie desktop_width=1280 desktop_height=720
2026-08-02T18:42:42.110294Z  INFO agent::encode: encodeur matériel retenu encodeur=NVIDIA H.264 Encoder MFT
2026-08-02T18:42:42.189562Z  INFO agent::encode::arret: file de travail sérialisée imposée mft="encodeur" file=7405887
2026-08-02T18:42:42.189796Z  INFO agent::encode: convertisseur BGRA→NV12 (Video Processor MFT) configuré converter_provides_samples=true
2026-08-02T18:42:42.190136Z  INFO agent::capteur::fenetre: fenêtre attachée au capteur session=w-4 sortie=\\.\DISPLAY6 largeur=1280 hauteur=720
2026-08-02T18:42:42.190151Z  INFO agent::capteur::fenetre: l'enfant a fermé le canal session=w-4 images=0
2026-08-02T18:42:42.190149Z  INFO agent::capteur::tube: attaché au capteur session=w-4 sortie=\\.\DISPLAY6 largeur=1280 hauteur=720
2026-08-02T18:42:42.190197Z  INFO agent::capteur::distante: canal rattaché au capteur largeur=1280 hauteur=720
2026-08-02T18:42:42.190199Z  INFO agent::encode::arret: IMFShutdown::Shutdown : avant mft="encodeur"
2026-08-02T18:42:42.190322Z  INFO agent::demarrage: contrôle reçu Resize { version: 3, width: 1280, height: 720 }
2026-08-02T18:42:42.190717Z  INFO agent::encode::arret: IMFShutdown::Shutdown : après mft="encodeur"
2026-08-02T18:42:42.204807Z  INFO agent::encode::arret: file de travail sérialisée imposée mft="encodeur" file=327997
2026-08-02T18:42:42.205022Z  INFO agent::encode: convertisseur BGRA→NV12 (Video Processor MFT) configuré converter_provides_samples=true
2026-08-02T18:42:42.205291Z  INFO agent::capteur::fenetre: fenêtre attachée au capteur session=w-2 sortie=\\.\DISPLAY5 largeur=1280 hauteur=720
2026-08-02T18:42:42.205302Z  INFO agent::capteur::fenetre: l'enfant a fermé le canal session=w-2 images=0
2026-08-02T18:42:42.205308Z  INFO agent::capteur::tube: attaché au capteur session=w-2 sortie=\\.\DISPLAY5 largeur=1280 hauteur=720
2026-08-02T18:42:42.205346Z  INFO agent::encode::arret: IMFShutdown::Shutdown : avant mft="encodeur"
2026-08-02T18:42:42.205372Z  INFO agent::capteur::distante: canal rattaché au capteur largeur=1280 hauteur=720
2026-08-02T18:42:42.206074Z  INFO agent::encode::arret: IMFShutdown::Shutdown : après mft="encodeur"
2026-08-02T18:42:42.207146Z  WARN agent::transport::socket: échec de réception UDP transitoire, ignoré erreur=Une connexion existante a dû être fermée par l’hôte distant. (os error 10054) consecutives=1 backoff_ms=2
2026-08-02T18:42:42.218597Z  WARN agent::transport::redimensionnement: échec du redimensionnement, ignoré erreur=Le canal de communication est sur le point d’être fermé. (os error 232) width=1280 height=720
2026-08-02T18:42:42.219052Z  WARN agent::capteur::serveur: DIAGNOSTIC : fil lecteur de commandes NON lancé
2026-08-02T18:42:42.219529Z  INFO agent::capture::ouverture: sortie retenue pour la duplication adaptateur=NVIDIA GeForce RTX 4070 index_adaptateur=0 index_sortie=2 nom_sortie=\\.\DISPLAY6 attachee=true
2026-08-02T18:42:42.225718Z  WARN agent::capteur::serveur: DIAGNOSTIC : fil lecteur de commandes NON lancé
2026-08-02T18:42:42.226114Z  INFO agent::capture::ouverture: sortie retenue pour la duplication adaptateur=NVIDIA GeForce RTX 4070 index_adaptateur=0 index_sortie=1 nom_sortie=\\.\DISPLAY5 attachee=true
2026-08-02T18:42:42.282604Z  INFO agent::capture::ouverture: protection multi-fils activée sur le contexte immédiat D3D11 protection_precedente=false
2026-08-02T18:42:42.282840Z  INFO agent::capture: duplication de sortie établie desktop_width=1280 desktop_height=720
2026-08-02T18:42:42.282877Z  INFO agent::encode: encodeur matériel retenu encodeur=NVIDIA H.264 Encoder MFT
2026-08-02T18:42:42.303403Z  INFO agent::capture::ouverture: protection multi-fils activée sur le contexte immédiat D3D11 protection_precedente=false
2026-08-02T18:42:42.303681Z  INFO agent::capture: duplication de sortie établie desktop_width=1280 desktop_height=720
2026-08-02T18:42:42.303722Z  INFO agent::encode: encodeur matériel retenu encodeur=NVIDIA H.264 Encoder MFT
2026-08-02T18:42:42.388973Z  INFO agent::encode::arret: file de travail sérialisée imposée mft="encodeur" file=328003
2026-08-02T18:42:42.389188Z  INFO agent::encode: convertisseur BGRA→NV12 (Video Processor MFT) configuré converter_provides_samples=true
2026-08-02T18:42:42.389504Z  INFO agent::capteur::fenetre: fenêtre attachée au capteur session=w-4 sortie=\\.\DISPLAY6 largeur=1280 hauteur=720
2026-08-02T18:42:42.389516Z  INFO agent::capteur::fenetre: l'enfant a fermé le canal session=w-4 images=0
2026-08-02T18:42:42.389518Z  INFO agent::capteur::tube: attaché au capteur session=w-4 sortie=\\.\DISPLAY6 largeur=1280 hauteur=720
2026-08-02T18:42:42.389556Z  INFO agent::encode::arret: IMFShutdown::Shutdown : avant mft="encodeur"
2026-08-02T18:42:42.389574Z  INFO agent::capteur::distante: canal rattaché au capteur largeur=1280 hauteur=720
2026-08-02T18:42:42.389658Z  WARN agent::transport::socket: échec de réception UDP transitoire, ignoré erreur=Une connexion existante a dû être fermée par l’hôte distant. (os error 10054) consecutives=1 backoff_ms=2
2026-08-02T18:42:42.391478Z  INFO agent::encode::arret: IMFShutdown::Shutdown : après mft="encodeur"
2026-08-02T18:42:42.392629Z  WARN agent::transport::socket: échec de réception UDP transitoire, ignoré erreur=Une connexion existante a dû être fermée par l’hôte distant. (os error 10054) consecutives=1 backoff_ms=2
2026-08-02T18:42:42.405361Z  INFO agent::encode::arret: file de travail sérialisée imposée mft="encodeur" file=7536965
2026-08-02T18:42:42.405575Z  INFO agent::encode: convertisseur BGRA→NV12 (Video Processor MFT) configuré converter_provides_samples=true
2026-08-02T18:42:42.405884Z  INFO agent::capteur::fenetre: fenêtre attachée au capteur session=w-2 sortie=\\.\DISPLAY5 largeur=1280 hauteur=720
2026-08-02T18:42:42.405893Z  INFO agent::capteur::fenetre: l'enfant a fermé le canal session=w-2 images=0
2026-08-02T18:42:42.405899Z  INFO agent::capteur::tube: attaché au capteur session=w-2 sortie=\\.\DISPLAY5 largeur=1280 hauteur=720
2026-08-02T18:42:42.405956Z  INFO agent::capteur::distante: canal rattaché au capteur largeur=1280 hauteur=720
2026-08-02T18:42:42.405954Z  INFO agent::encode::arret: IMFShutdown::Shutdown : avant mft="encodeur"
2026-08-02T18:42:42.406577Z  INFO agent::encode::arret: IMFShutdown::Shutdown : après mft="encodeur"
2026-08-02T18:42:42.408068Z  WARN agent::transport::socket: échec de réception UDP transitoire, ignoré erreur=Une connexion existante a dû être fermée par l’hôte distant. (os error 10054) consecutives=1 backoff_ms=2
2026-08-02T18:42:42.419974Z  WARN agent::capteur::serveur: DIAGNOSTIC : fil lecteur de commandes NON lancé
2026-08-02T18:42:42.420451Z  INFO agent::capture::ouverture: sortie retenue pour la duplication adaptateur=NVIDIA GeForce RTX 4070 index_adaptateur=0 index_sortie=2 nom_sortie=\\.\DISPLAY6 attachee=true
2026-08-02T18:42:42.427085Z  WARN agent::capteur::serveur: DIAGNOSTIC : fil lecteur de commandes NON lancé
2026-08-02T18:42:42.427492Z  INFO agent::capture::ouverture: sortie retenue pour la duplication adaptateur=NVIDIA GeForce RTX 4070 index_adaptateur=0 index_sortie=1 nom_sortie=\\.\DISPLAY5 attachee=true
2026-08-02T18:42:42.484453Z  INFO agent::capture::ouverture: protection multi-fils activée sur le contexte immédiat D3D11 protection_precedente=false
2026-08-02T18:42:42.484689Z  INFO agent::capture: duplication de sortie établie desktop_width=1280 desktop_height=720
2026-08-02T18:42:42.484727Z  INFO agent::encode: encodeur matériel retenu encodeur=NVIDIA H.264 Encoder MFT
2026-08-02T18:42:42.502106Z  INFO agent::capture::ouverture: protection multi-fils activée sur le contexte immédiat D3D11 protection_precedente=false
2026-08-02T18:42:42.502346Z  INFO agent::capture: duplication de sortie établie desktop_width=1280 desktop_height=720
2026-08-02T18:42:42.502387Z  INFO agent::encode: encodeur matériel retenu encodeur=NVIDIA H.264 Encoder MFT
2026-08-02T18:42:42.581073Z  INFO agent::encode::arret: file de travail sérialisée imposée mft="encodeur" file=328009
2026-08-02T18:42:42.581295Z  INFO agent::encode: convertisseur BGRA→NV12 (Video Processor MFT) configuré converter_provides_samples=true
2026-08-02T18:42:42.583516Z  INFO agent::capteur::fenetre: fenêtre attachée au capteur session=w-4 sortie=\\.\DISPLAY6 largeur=1280 hauteur=720
2026-08-02T18:42:42.583527Z  INFO agent::capteur::fenetre: l'enfant a fermé le canal session=w-4 images=0
2026-08-02T18:42:42.583569Z  INFO agent::capteur::tube: attaché au capteur session=w-4 sortie=\\.\DISPLAY6 largeur=1280 hauteur=720
2026-08-02T18:42:42.583581Z  INFO agent::encode::arret: IMFShutdown::Shutdown : avant mft="encodeur"
2026-08-02T18:42:42.583622Z  INFO agent::capteur::distante: canal rattaché au capteur largeur=1280 hauteur=720
2026-08-02T18:42:42.584171Z  INFO agent::encode::arret: IMFShutdown::Shutdown : après mft="encodeur"
2026-08-02T18:42:42.598806Z  INFO agent::encode::arret: file de travail sérialisée imposée mft="encodeur" file=7668043
2026-08-02T18:42:42.599093Z  INFO agent::encode: convertisseur BGRA→NV12 (Video Processor MFT) configuré converter_provides_samples=true
2026-08-02T18:42:42.599409Z  INFO agent::capteur::fenetre: fenêtre attachée au capteur session=w-2 sortie=\\.\DISPLAY5 largeur=1280 hauteur=720
2026-08-02T18:42:42.599421Z  INFO agent::capteur::fenetre: l'enfant a fermé le canal session=w-2 images=0
2026-08-02T18:42:42.599425Z  INFO agent::capteur::tube: attaché au capteur session=w-2 sortie=\\.\DISPLAY5 largeur=1280 hauteur=720
2026-08-02T18:42:42.599463Z  INFO agent::encode::arret: IMFShutdown::Shutdown : avant mft="encodeur"
2026-08-02T18:42:42.599492Z  INFO agent::capteur::distante: canal rattaché au capteur largeur=1280 hauteur=720
2026-08-02T18:42:42.600041Z  INFO agent::encode::arret: IMFShutdown::Shutdown : après mft="encodeur"
2026-08-02T18:42:42.615799Z  WARN agent::capteur::serveur: DIAGNOSTIC : fil lecteur de commandes NON lancé
2026-08-02T18:42:42.616294Z  INFO agent::capture::ouverture: sortie retenue pour la duplication adaptateur=NVIDIA GeForce RTX 4070 index_adaptateur=0 index_sortie=2 nom_sortie=\\.\DISPLAY6 attachee=true
2026-08-02T18:42:42.620261Z  WARN agent::capteur::serveur: DIAGNOSTIC : fil lecteur de commandes NON lancé
2026-08-02T18:42:42.620612Z  INFO agent::capture::ouverture: sortie retenue pour la duplication adaptateur=NVIDIA GeForce RTX 4070 index_adaptateur=0 index_sortie=1 nom_sortie=\\.\DISPLAY5 attachee=true
2026-08-02T18:42:42.683494Z  INFO agent::capture::ouverture: protection multi-fils activée sur le contexte immédiat D3D11 protection_precedente=false
2026-08-02T18:42:42.683755Z  INFO agent::capture: duplication de sortie établie desktop_width=1280 desktop_height=720
2026-08-02T18:42:42.683792Z  INFO agent::encode: encodeur matériel retenu encodeur=NVIDIA H.264 Encoder MFT
2026-08-02T18:42:42.700892Z  INFO agent::capture::ouverture: protection multi-fils activée sur le contexte immédiat D3D11 protection_precedente=false
2026-08-02T18:42:42.701127Z  INFO agent::capture: duplication de sortie établie desktop_width=1280 desktop_height=720
2026-08-02T18:42:42.701169Z  INFO agent::encode: encodeur matériel retenu encodeur=NVIDIA H.264 Encoder MFT
2026-08-02T18:42:42.788937Z  INFO agent::encode::arret: file de travail sérialisée imposée mft="encodeur" file=7799121
2026-08-02T18:42:42.789154Z  INFO agent::encode: convertisseur BGRA→NV12 (Video Processor MFT) configuré converter_provides_samples=true
2026-08-02T18:42:42.789247Z  INFO agent::encode::arret: file de travail sérialisée imposée mft="encodeur" file=328015
2026-08-02T18:42:42.789422Z  INFO agent::encode: convertisseur BGRA→NV12 (Video Processor MFT) configuré converter_provides_samples=true
2026-08-02T18:42:42.789427Z  INFO agent::capteur::fenetre: fenêtre attachée au capteur session=w-2 sortie=\\.\DISPLAY5 largeur=1280 hauteur=720
2026-08-02T18:42:42.789437Z  INFO agent::capteur::fenetre: l'enfant a fermé le canal session=w-2 images=0
2026-08-02T18:42:42.789440Z  INFO agent::capteur::tube: attaché au capteur session=w-2 sortie=\\.\DISPLAY5 largeur=1280 hauteur=720
2026-08-02T18:42:42.789478Z  INFO agent::encode::arret: IMFShutdown::Shutdown : avant mft="encodeur"
2026-08-02T18:42:42.789492Z  INFO agent::capteur::distante: canal rattaché au capteur largeur=1280 hauteur=720
2026-08-02T18:42:42.789699Z  INFO agent::capteur::fenetre: fenêtre attachée au capteur session=w-4 sortie=\\.\DISPLAY6 largeur=1280 hauteur=720
2026-08-02T18:42:42.789712Z  INFO agent::capteur::fenetre: l'enfant a fermé le canal session=w-4 images=0
2026-08-02T18:42:42.789714Z  INFO agent::capteur::tube: attaché au capteur session=w-4 sortie=\\.\DISPLAY6 largeur=1280 hauteur=720
2026-08-02T18:42:42.789756Z  INFO agent::capteur::distante: canal rattaché au capteur largeur=1280 hauteur=720
2026-08-02T18:42:42.789757Z  INFO agent::encode::arret: IMFShutdown::Shutdown : avant mft="encodeur"
2026-08-02T18:42:42.790036Z  INFO agent::encode::arret: IMFShutdown::Shutdown : après mft="encodeur"
2026-08-02T18:42:42.790376Z  INFO agent::encode::arret: IMFShutdown::Shutdown : après mft="encodeur"
2026-08-02T18:42:42.791576Z  WARN agent::transport::socket: échec de réception UDP transitoire, ignoré erreur=Une connexion existante a dû être fermée par l’hôte distant. (os error 10054) consecutives=1 backoff_ms=2
2026-08-02T18:42:42.812706Z  WARN agent::capteur::serveur: DIAGNOSTIC : fil lecteur de commandes NON lancé
2026-08-02T18:42:42.813144Z  INFO agent::capture::ouverture: sortie retenue pour la duplication adaptateur=NVIDIA GeForce RTX 4070 index_adaptateur=0 index_sortie=2 nom_sortie=\\.\DISPLAY6 attachee=true
2026-08-02T18:42:42.820105Z  WARN agent::capteur::serveur: DIAGNOSTIC : fil lecteur de commandes NON lancé
2026-08-02T18:42:42.820417Z  INFO agent::capture::ouverture: sortie retenue pour la duplication adaptateur=NVIDIA GeForce RTX 4070 index_adaptateur=0 index_sortie=1 nom_sortie=\\.\DISPLAY5 attachee=true
2026-08-02T18:42:42.875115Z  INFO agent::capture::ouverture: protection multi-fils activée sur le contexte immédiat D3D11 protection_precedente=false
2026-08-02T18:42:42.875339Z  INFO agent::capture: duplication de sortie établie desktop_width=1280 desktop_height=720
2026-08-02T18:42:42.875375Z  INFO agent::encode: encodeur matériel retenu encodeur=NVIDIA H.264 Encoder MFT
2026-08-02T18:42:42.893077Z  INFO agent::capture::ouverture: protection multi-fils activée sur le contexte immédiat D3D11 protection_precedente=false
2026-08-02T18:42:42.893307Z  INFO agent::capture: duplication de sortie établie desktop_width=1280 desktop_height=720
2026-08-02T18:42:42.893348Z  INFO agent::encode: encodeur matériel retenu encodeur=NVIDIA H.264 Encoder MFT
2026-08-02T18:42:42.968365Z  INFO agent::encode::arret: file de travail sérialisée imposée mft="encodeur" file=328021
2026-08-02T18:42:42.968584Z  INFO agent::encode: convertisseur BGRA→NV12 (Video Processor MFT) configuré converter_provides_samples=true
2026-08-02T18:42:42.970906Z  INFO agent::capteur::fenetre: fenêtre attachée au capteur session=w-4 sortie=\\.\DISPLAY6 largeur=1280 hauteur=720
2026-08-02T18:42:42.970920Z  INFO agent::capteur::fenetre: l'enfant a fermé le canal session=w-4 images=0
2026-08-02T18:42:42.970920Z  INFO agent::capteur::tube: attaché au capteur session=w-4 sortie=\\.\DISPLAY6 largeur=1280 hauteur=720
2026-08-02T18:42:42.970976Z  INFO agent::capteur::distante: canal rattaché au capteur largeur=1280 hauteur=720
2026-08-02T18:42:42.970977Z  INFO agent::encode::arret: IMFShutdown::Shutdown : avant mft="encodeur"
2026-08-02T18:42:42.971497Z  INFO agent::encode::arret: IMFShutdown::Shutdown : après mft="encodeur"
2026-08-02T18:42:42.986700Z  INFO agent::encode::arret: file de travail sérialisée imposée mft="encodeur" file=7930199
2026-08-02T18:42:42.986944Z  INFO agent::encode: convertisseur BGRA→NV12 (Video Processor MFT) configuré converter_provides_samples=true
2026-08-02T18:42:42.987211Z  INFO agent::capteur::fenetre: fenêtre attachée au capteur session=w-2 sortie=\\.\DISPLAY5 largeur=1280 hauteur=720
2026-08-02T18:42:42.987221Z  INFO agent::capteur::fenetre: l'enfant a fermé le canal session=w-2 images=0
2026-08-02T18:42:42.987224Z  INFO agent::capteur::tube: attaché au capteur session=w-2 sortie=\\.\DISPLAY5 largeur=1280 hauteur=720
2026-08-02T18:42:42.987268Z  INFO agent::encode::arret: IMFShutdown::Shutdown : avant mft="encodeur"
2026-08-02T18:42:42.987287Z  INFO agent::capteur::distante: canal rattaché au capteur largeur=1280 hauteur=720
2026-08-02T18:42:42.987989Z  INFO agent::encode::arret: IMFShutdown::Shutdown : après mft="encodeur"
2026-08-02T18:42:43.001413Z  WARN agent::capteur::serveur: DIAGNOSTIC : fil lecteur de commandes NON lancé
2026-08-02T18:42:43.002488Z  INFO agent::capture::ouverture: sortie retenue pour la duplication adaptateur=NVIDIA GeForce RTX 4070 index_adaptateur=0 index_sortie=2 nom_sortie=\\.\DISPLAY6 attachee=true
2026-08-02T18:42:43.008033Z  WARN agent::capteur::serveur: DIAGNOSTIC : fil lecteur de commandes NON lancé
2026-08-02T18:42:43.008368Z  INFO agent::capture::ouverture: sortie retenue pour la duplication adaptateur=NVIDIA GeForce RTX 4070 index_adaptateur=0 index_sortie=1 nom_sortie=\\.\DISPLAY5 attachee=true
2026-08-02T18:42:43.067779Z  INFO agent::capture::ouverture: protection multi-fils activée sur le contexte immédiat D3D11 protection_precedente=false
2026-08-02T18:42:43.068057Z  INFO agent::capture: duplication de sortie établie desktop_width=1280 desktop_height=720
2026-08-02T18:42:43.068096Z  INFO agent::encode: encodeur matériel retenu encodeur=NVIDIA H.264 Encoder MFT
2026-08-02T18:42:43.085964Z  INFO agent::capture::ouverture: protection multi-fils activée sur le contexte immédiat D3D11 protection_precedente=false
2026-08-02T18:42:43.086224Z  INFO agent::capture: duplication de sortie établie desktop_width=1280 desktop_height=720
2026-08-02T18:42:43.086262Z  INFO agent::encode: encodeur matériel retenu encodeur=NVIDIA H.264 Encoder MFT
2026-08-02T18:42:43.165507Z  INFO agent::encode::arret: file de travail sérialisée imposée mft="encodeur" file=8061277
2026-08-02T18:42:43.165723Z  INFO agent::encode: convertisseur BGRA→NV12 (Video Processor MFT) configuré converter_provides_samples=true
2026-08-02T18:42:43.166079Z  INFO agent::capteur::fenetre: fenêtre attachée au capteur session=w-2 sortie=\\.\DISPLAY5 largeur=1280 hauteur=720
2026-08-02T18:42:43.166091Z  INFO agent::capteur::fenetre: l'enfant a fermé le canal session=w-2 images=0
2026-08-02T18:42:43.166096Z  INFO agent::capteur::tube: attaché au capteur session=w-2 sortie=\\.\DISPLAY5 largeur=1280 hauteur=720
2026-08-02T18:42:43.166134Z  INFO agent::encode::arret: IMFShutdown::Shutdown : avant mft="encodeur"
2026-08-02T18:42:43.166148Z  INFO agent::capteur::distante: canal rattaché au capteur largeur=1280 hauteur=720
2026-08-02T18:42:43.166581Z  INFO agent::encode::arret: IMFShutdown::Shutdown : après mft="encodeur"
2026-08-02T18:42:43.180590Z  INFO agent::encode::arret: file de travail sérialisée imposée mft="encodeur" file=328027
2026-08-02T18:42:43.180836Z  INFO agent::encode: convertisseur BGRA→NV12 (Video Processor MFT) configuré converter_provides_samples=true
2026-08-02T18:42:43.181155Z  INFO agent::capteur::fenetre: fenêtre attachée au capteur session=w-4 sortie=\\.\DISPLAY6 largeur=1280 hauteur=720
2026-08-02T18:42:43.181167Z  INFO agent::capteur::fenetre: l'enfant a fermé le canal session=w-4 images=0
2026-08-02T18:42:43.181170Z  INFO agent::capteur::tube: attaché au capteur session=w-4 sortie=\\.\DISPLAY6 largeur=1280 hauteur=720
2026-08-02T18:42:43.181216Z  INFO agent::encode::arret: IMFShutdown::Shutdown : avant mft="encodeur"
2026-08-02T18:42:43.181234Z  INFO agent::capteur::distante: canal rattaché au capteur largeur=1280 hauteur=720
2026-08-02T18:42:43.181844Z  INFO agent::encode::arret: IMFShutdown::Shutdown : après mft="encodeur"
2026-08-02T18:42:43.197323Z  WARN agent::capteur::serveur: DIAGNOSTIC : fil lecteur de commandes NON lancé
2026-08-02T18:42:43.197771Z  INFO agent::capture::ouverture: sortie retenue pour la duplication adaptateur=NVIDIA GeForce RTX 4070 index_adaptateur=0 index_sortie=1 nom_sortie=\\.\DISPLAY5 attachee=true
2026-08-02T18:42:43.202252Z  WARN agent::capteur::serveur: DIAGNOSTIC : fil lecteur de commandes NON lancé
2026-08-02T18:42:43.202513Z  INFO agent::capture::ouverture: sortie retenue pour la duplication adaptateur=NVIDIA GeForce RTX 4070 index_adaptateur=0 index_sortie=2 nom_sortie=\\.\DISPLAY6 attachee=true
2026-08-02T18:42:43.261308Z  INFO agent::capture::ouverture: protection multi-fils activée sur le contexte immédiat D3D11 protection_precedente=false
2026-08-02T18:42:43.261567Z  INFO agent::capture: duplication de sortie établie desktop_width=1280 desktop_height=720
2026-08-02T18:42:43.261612Z  INFO agent::encode: encodeur matériel retenu encodeur=NVIDIA H.264 Encoder MFT
2026-08-02T18:42:43.278034Z  INFO agent::capture::ouverture: protection multi-fils activée sur le contexte immédiat D3D11 protection_precedente=false
2026-08-02T18:42:43.278275Z  INFO agent::capture: duplication de sortie établie desktop_width=1280 desktop_height=720
2026-08-02T18:42:43.278314Z  INFO agent::encode: encodeur matériel retenu encodeur=NVIDIA H.264 Encoder MFT
2026-08-02T18:42:43.367514Z  INFO agent::encode::arret: file de travail sérialisée imposée mft="encodeur" file=8192355
2026-08-02T18:42:43.367646Z  INFO agent::encode::arret: file de travail sérialisée imposée mft="encodeur" file=328033
2026-08-02T18:42:43.367767Z  INFO agent::encode: convertisseur BGRA→NV12 (Video Processor MFT) configuré converter_provides_samples=true
2026-08-02T18:42:43.367840Z  INFO agent::encode: convertisseur BGRA→NV12 (Video Processor MFT) configuré converter_provides_samples=true
2026-08-02T18:42:43.368043Z  INFO agent::capteur::fenetre: fenêtre attachée au capteur session=w-4 sortie=\\.\DISPLAY6 largeur=1280 hauteur=720
2026-08-02T18:42:43.368053Z  INFO agent::capteur::fenetre: l'enfant a fermé le canal session=w-4 images=0
2026-08-02T18:42:43.368059Z  INFO agent::capteur::tube: attaché au capteur session=w-4 sortie=\\.\DISPLAY6 largeur=1280 hauteur=720
2026-08-02T18:42:43.368093Z  INFO agent::encode::arret: IMFShutdown::Shutdown : avant mft="encodeur"
2026-08-02T18:42:43.368111Z  INFO agent::capteur::distante: canal rattaché au capteur largeur=1280 hauteur=720
2026-08-02T18:42:43.368110Z  INFO agent::capteur::fenetre: fenêtre attachée au capteur session=w-2 sortie=\\.\DISPLAY5 largeur=1280 hauteur=720
2026-08-02T18:42:43.368122Z  INFO agent::capteur::tube: attaché au capteur session=w-2 sortie=\\.\DISPLAY5 largeur=1280 hauteur=720
2026-08-02T18:42:43.368130Z  INFO agent::capteur::fenetre: l'enfant a fermé le canal session=w-2 images=0
2026-08-02T18:42:43.368171Z  INFO agent::capteur::distante: canal rattaché au capteur largeur=1280 hauteur=720
2026-08-02T18:42:43.368176Z  INFO agent::encode::arret: IMFShutdown::Shutdown : avant mft="encodeur"
2026-08-02T18:42:43.368861Z  INFO agent::encode::arret: IMFShutdown::Shutdown : après mft="encodeur"
2026-08-02T18:42:43.369009Z  INFO agent::encode::arret: IMFShutdown::Shutdown : après mft="encodeur"
2026-08-02T18:42:43.388710Z  WARN agent::capteur::serveur: DIAGNOSTIC : fil lecteur de commandes NON lancé
2026-08-02T18:42:43.389207Z  INFO agent::capture::ouverture: sortie retenue pour la duplication adaptateur=NVIDIA GeForce RTX 4070 index_adaptateur=0 index_sortie=2 nom_sortie=\\.\DISPLAY6 attachee=true
2026-08-02T18:42:43.398912Z  WARN agent::capteur::serveur: DIAGNOSTIC : fil lecteur de commandes NON lancé
2026-08-02T18:42:43.399284Z  INFO agent::capture::ouverture: sortie retenue pour la duplication adaptateur=NVIDIA GeForce RTX 4070 index_adaptateur=0 index_sortie=1 nom_sortie=\\.\DISPLAY5 attachee=true
2026-08-02T18:42:43.455469Z  INFO agent::capture::ouverture: protection multi-fils activée sur le contexte immédiat D3D11 protection_precedente=false
2026-08-02T18:42:43.455721Z  INFO agent::capture: duplication de sortie établie desktop_width=1280 desktop_height=720
2026-08-02T18:42:43.455761Z  INFO agent::encode: encodeur matériel retenu encodeur=NVIDIA H.264 Encoder MFT
2026-08-02T18:42:43.473598Z  INFO agent::capture::ouverture: protection multi-fils activée sur le contexte immédiat D3D11 protection_precedente=false
2026-08-02T18:42:43.473832Z  INFO agent::capture: duplication de sortie établie desktop_width=1280 desktop_height=720
2026-08-02T18:42:43.473873Z  INFO agent::encode: encodeur matériel retenu encodeur=NVIDIA H.264 Encoder MFT
2026-08-02T18:42:43.551887Z  INFO agent::encode::arret: file de travail sérialisée imposée mft="encodeur" file=328039
2026-08-02T18:42:43.552104Z  INFO agent::encode: convertisseur BGRA→NV12 (Video Processor MFT) configuré converter_provides_samples=true
2026-08-02T18:42:43.554400Z  INFO agent::capteur::fenetre: fenêtre attachée au capteur session=w-4 sortie=\\.\DISPLAY6 largeur=1280 hauteur=720
2026-08-02T18:42:43.554411Z  INFO agent::capteur::fenetre: l'enfant a fermé le canal session=w-4 images=0
2026-08-02T18:42:43.554423Z  INFO agent::capteur::tube: attaché au capteur session=w-4 sortie=\\.\DISPLAY6 largeur=1280 hauteur=720
2026-08-02T18:42:43.554472Z  INFO agent::capteur::distante: canal rattaché au capteur largeur=1280 hauteur=720
2026-08-02T18:42:43.554471Z  INFO agent::encode::arret: IMFShutdown::Shutdown : avant mft="encodeur"
2026-08-02T18:42:43.554945Z  INFO agent::encode::arret: IMFShutdown::Shutdown : après mft="encodeur"
2026-08-02T18:42:43.569957Z  INFO agent::encode::arret: file de travail sérialisée imposée mft="encodeur" file=8323433
2026-08-02T18:42:43.570240Z  INFO agent::encode: convertisseur BGRA→NV12 (Video Processor MFT) configuré converter_provides_samples=true
2026-08-02T18:42:43.570551Z  INFO agent::capteur::fenetre: fenêtre attachée au capteur session=w-2 sortie=\\.\DISPLAY5 largeur=1280 hauteur=720
2026-08-02T18:42:43.570563Z  INFO agent::capteur::fenetre: l'enfant a fermé le canal session=w-2 images=0
2026-08-02T18:42:43.570567Z  INFO agent::capteur::tube: attaché au capteur session=w-2 sortie=\\.\DISPLAY5 largeur=1280 hauteur=720
2026-08-02T18:42:43.570616Z  INFO agent::encode::arret: IMFShutdown::Shutdown : avant mft="encodeur"
2026-08-02T18:42:43.570623Z  INFO agent::capteur::distante: canal rattaché au capteur largeur=1280 hauteur=720
2026-08-02T18:42:43.571206Z  INFO agent::encode::arret: IMFShutdown::Shutdown : après mft="encodeur"
2026-08-02T18:42:43.587534Z  WARN agent::capteur::serveur: DIAGNOSTIC : fil lecteur de commandes NON lancé
2026-08-02T18:42:43.587981Z  INFO agent::capture::ouverture: sortie retenue pour la duplication adaptateur=NVIDIA GeForce RTX 4070 index_adaptateur=0 index_sortie=2 nom_sortie=\\.\DISPLAY6 attachee=true
2026-08-02T18:42:43.591192Z  WARN agent::capteur::serveur: DIAGNOSTIC : fil lecteur de commandes NON lancé
2026-08-02T18:42:43.591451Z  INFO agent::capture::ouverture: sortie retenue pour la duplication adaptateur=NVIDIA GeForce RTX 4070 index_adaptateur=0 index_sortie=1 nom_sortie=\\.\DISPLAY5 attachee=true
2026-08-02T18:42:43.652070Z  INFO agent::capture::ouverture: protection multi-fils activée sur le contexte immédiat D3D11 protection_precedente=false
2026-08-02T18:42:43.652307Z  INFO agent::capture: duplication de sortie établie desktop_width=1280 desktop_height=720
2026-08-02T18:42:43.652346Z  INFO agent::encode: encodeur matériel retenu encodeur=NVIDIA H.264 Encoder MFT
2026-08-02T18:42:43.669969Z  INFO agent::capture::ouverture: protection multi-fils activée sur le contexte immédiat D3D11 protection_precedente=false
2026-08-02T18:42:43.670231Z  INFO agent::capture: duplication de sortie établie desktop_width=1280 desktop_height=720
2026-08-02T18:42:43.670285Z  INFO agent::encode: encodeur matériel retenu encodeur=NVIDIA H.264 Encoder MFT
2026-08-02T18:42:43.750560Z  INFO agent::encode::arret: file de travail sérialisée imposée mft="encodeur" file=8454511
2026-08-02T18:42:43.750801Z  INFO agent::encode: convertisseur BGRA→NV12 (Video Processor MFT) configuré converter_provides_samples=true
2026-08-02T18:42:43.754448Z  INFO agent::capteur::fenetre: fenêtre attachée au capteur session=w-2 sortie=\\.\DISPLAY5 largeur=1280 hauteur=720
2026-08-02T18:42:43.754464Z  INFO agent::capteur::fenetre: l'enfant a fermé le canal session=w-2 images=0
2026-08-02T18:42:43.754469Z  INFO agent::capteur::tube: attaché au capteur session=w-2 sortie=\\.\DISPLAY5 largeur=1280 hauteur=720
2026-08-02T18:42:43.754520Z  INFO agent::capteur::distante: canal rattaché au capteur largeur=1280 hauteur=720
2026-08-02T18:42:43.754528Z  INFO agent::encode::arret: IMFShutdown::Shutdown : avant mft="encodeur"
2026-08-02T18:42:43.754993Z  INFO agent::encode::arret: IMFShutdown::Shutdown : après mft="encodeur"
2026-08-02T18:42:43.762355Z  INFO agent::encode::arret: file de travail sérialisée imposée mft="encodeur" file=328045
2026-08-02T18:42:43.762596Z  INFO agent::encode: convertisseur BGRA→NV12 (Video Processor MFT) configuré converter_provides_samples=true
2026-08-02T18:42:43.762896Z  INFO agent::capteur::fenetre: fenêtre attachée au capteur session=w-4 sortie=\\.\DISPLAY6 largeur=1280 hauteur=720
2026-08-02T18:42:43.762906Z  INFO agent::capteur::fenetre: l'enfant a fermé le canal session=w-4 images=0
2026-08-02T18:42:43.762910Z  INFO agent::capteur::tube: attaché au capteur session=w-4 sortie=\\.\DISPLAY6 largeur=1280 hauteur=720
2026-08-02T18:42:43.762948Z  INFO agent::encode::arret: IMFShutdown::Shutdown : avant mft="encodeur"
2026-08-02T18:42:43.762962Z  INFO agent::capteur::distante: canal rattaché au capteur largeur=1280 hauteur=720
2026-08-02T18:42:43.763572Z  INFO agent::encode::arret: IMFShutdown::Shutdown : après mft="encodeur"
2026-08-02T18:42:43.783196Z  WARN agent::capteur::serveur: DIAGNOSTIC : fil lecteur de commandes NON lancé
2026-08-02T18:42:43.783540Z  INFO agent::capture::ouverture: sortie retenue pour la duplication adaptateur=NVIDIA GeForce RTX 4070 index_adaptateur=0 index_sortie=2 nom_sortie=\\.\DISPLAY6 attachee=true
2026-08-02T18:42:43.785220Z  WARN agent::capteur::serveur: DIAGNOSTIC : fil lecteur de commandes NON lancé
2026-08-02T18:42:43.785524Z  INFO agent::capture::ouverture: sortie retenue pour la duplication adaptateur=NVIDIA GeForce RTX 4070 index_adaptateur=0 index_sortie=1 nom_sortie=\\.\DISPLAY5 attachee=true
2026-08-02T18:42:43.844359Z  INFO agent::capture::ouverture: protection multi-fils activée sur le contexte immédiat D3D11 protection_precedente=false
2026-08-02T18:42:43.844578Z  INFO agent::capture: duplication de sortie établie desktop_width=1280 desktop_height=720
2026-08-02T18:42:43.844622Z  INFO agent::encode: encodeur matériel retenu encodeur=NVIDIA H.264 Encoder MFT
2026-08-02T18:42:43.861973Z  INFO agent::capture::ouverture: protection multi-fils activée sur le contexte immédiat D3D11 protection_precedente=false
2026-08-02T18:42:43.862214Z  INFO agent::capture: duplication de sortie établie desktop_width=1280 desktop_height=720
2026-08-02T18:42:43.862254Z  INFO agent::encode: encodeur matériel retenu encodeur=NVIDIA H.264 Encoder MFT
2026-08-02T18:42:43.951375Z  INFO agent::encode::arret: file de travail sérialisée imposée mft="encodeur" file=8585589
2026-08-02T18:42:43.951508Z  INFO agent::encode::arret: file de travail sérialisée imposée mft="encodeur" file=328051
2026-08-02T18:42:43.951619Z  INFO agent::encode: convertisseur BGRA→NV12 (Video Processor MFT) configuré converter_provides_samples=true
2026-08-02T18:42:43.951718Z  INFO agent::encode: convertisseur BGRA→NV12 (Video Processor MFT) configuré converter_provides_samples=true
2026-08-02T18:42:43.951908Z  INFO agent::capteur::fenetre: fenêtre attachée au capteur session=w-2 sortie=\\.\DISPLAY5 largeur=1280 hauteur=720
2026-08-02T18:42:43.951917Z  INFO agent::capteur::fenetre: l'enfant a fermé le canal session=w-2 images=0
2026-08-02T18:42:43.951925Z  INFO agent::capteur::tube: attaché au capteur session=w-2 sortie=\\.\DISPLAY5 largeur=1280 hauteur=720
2026-08-02T18:42:43.951969Z  INFO agent::capteur::fenetre: fenêtre attachée au capteur session=w-4 sortie=\\.\DISPLAY6 largeur=1280 hauteur=720
2026-08-02T18:42:43.951972Z  INFO agent::encode::arret: IMFShutdown::Shutdown : avant mft="encodeur"
2026-08-02T18:42:43.951978Z  INFO agent::capteur::fenetre: l'enfant a fermé le canal session=w-4 images=0
2026-08-02T18:42:43.951986Z  INFO agent::capteur::distante: canal rattaché au capteur largeur=1280 hauteur=720
2026-08-02T18:42:43.951983Z  INFO agent::capteur::tube: attaché au capteur session=w-4 sortie=\\.\DISPLAY6 largeur=1280 hauteur=720
2026-08-02T18:42:43.952016Z  INFO agent::encode::arret: IMFShutdown::Shutdown : avant mft="encodeur"
2026-08-02T18:42:43.952038Z  INFO agent::capteur::distante: canal rattaché au capteur largeur=1280 hauteur=720
2026-08-02T18:42:43.952579Z  INFO agent::encode::arret: IMFShutdown::Shutdown : après mft="encodeur"
2026-08-02T18:42:43.952752Z  INFO agent::encode::arret: IMFShutdown::Shutdown : après mft="encodeur"
2026-08-02T18:42:43.953614Z  WARN agent::transport::socket: échec de réception UDP transitoire, ignoré erreur=Une connexion existante a dû être fermée par l’hôte distant. (os error 10054) consecutives=1 backoff_ms=2
2026-08-02T18:42:43.975122Z  WARN agent::capteur::serveur: DIAGNOSTIC : fil lecteur de commandes NON lancé
2026-08-02T18:42:43.975657Z  INFO agent::capture::ouverture: sortie retenue pour la duplication adaptateur=NVIDIA GeForce RTX 4070 index_adaptateur=0 index_sortie=1 nom_sortie=\\.\DISPLAY5 attachee=true
2026-08-02T18:42:43.982651Z  WARN agent::capteur::serveur: DIAGNOSTIC : fil lecteur de commandes NON lancé
2026-08-02T18:42:43.982961Z  INFO agent::capture::ouverture: sortie retenue pour la duplication adaptateur=NVIDIA GeForce RTX 4070 index_adaptateur=0 index_sortie=2 nom_sortie=\\.\DISPLAY6 attachee=true
2026-08-02T18:42:44.037377Z  INFO agent::capture::ouverture: protection multi-fils activée sur le contexte immédiat D3D11 protection_precedente=false
2026-08-02T18:42:44.037622Z  INFO agent::capture: duplication de sortie établie desktop_width=1280 desktop_height=720
2026-08-02T18:42:44.037661Z  INFO agent::encode: encodeur matériel retenu encodeur=NVIDIA H.264 Encoder MFT
2026-08-02T18:42:44.057581Z  INFO agent::capture::ouverture: protection multi-fils activée sur le contexte immédiat D3D11 protection_precedente=false
2026-08-02T18:42:44.057792Z  INFO agent::capture: duplication de sortie établie desktop_width=1280 desktop_height=720
2026-08-02T18:42:44.057834Z  INFO agent::encode: encodeur matériel retenu encodeur=NVIDIA H.264 Encoder MFT
2026-08-02T18:42:44.147289Z  INFO agent::encode::arret: file de travail sérialisée imposée mft="encodeur" file=8716667
2026-08-02T18:42:44.147524Z  INFO agent::encode: convertisseur BGRA→NV12 (Video Processor MFT) configuré converter_provides_samples=true
2026-08-02T18:42:44.147808Z  INFO agent::capteur::fenetre: fenêtre attachée au capteur session=w-4 sortie=\\.\DISPLAY6 largeur=1280 hauteur=720
2026-08-02T18:42:44.147820Z  INFO agent::capteur::fenetre: l'enfant a fermé le canal session=w-4 images=0
2026-08-02T18:42:44.147823Z  INFO agent::capteur::tube: attaché au capteur session=w-4 sortie=\\.\DISPLAY6 largeur=1280 hauteur=720
2026-08-02T18:42:44.147876Z  INFO agent::encode::arret: IMFShutdown::Shutdown : avant mft="encodeur"
2026-08-02T18:42:44.147884Z  INFO agent::capteur::distante: canal rattaché au capteur largeur=1280 hauteur=720
2026-08-02T18:42:44.147907Z  INFO agent::encode::arret: file de travail sérialisée imposée mft="encodeur" file=328057
2026-08-02T18:42:44.148115Z  INFO agent::encode: convertisseur BGRA→NV12 (Video Processor MFT) configuré converter_provides_samples=true
2026-08-02T18:42:44.148359Z  INFO agent::encode::arret: IMFShutdown::Shutdown : après mft="encodeur"
2026-08-02T18:42:44.148370Z  INFO agent::capteur::fenetre: fenêtre attachée au capteur session=w-2 sortie=\\.\DISPLAY5 largeur=1280 hauteur=720
2026-08-02T18:42:44.148377Z  INFO agent::capteur::fenetre: l'enfant a fermé le canal session=w-2 images=0
2026-08-02T18:42:44.148385Z  INFO agent::capteur::tube: attaché au capteur session=w-2 sortie=\\.\DISPLAY5 largeur=1280 hauteur=720
2026-08-02T18:42:44.148427Z  INFO agent::encode::arret: IMFShutdown::Shutdown : avant mft="encodeur"
2026-08-02T18:42:44.148433Z  INFO agent::capteur::distante: canal rattaché au capteur largeur=1280 hauteur=720
2026-08-02T18:42:44.148993Z  INFO agent::encode::arret: IMFShutdown::Shutdown : après mft="encodeur"
2026-08-02T18:42:44.168836Z  WARN agent::capteur::serveur: DIAGNOSTIC : fil lecteur de commandes NON lancé
2026-08-02T18:42:44.169260Z  INFO agent::capture::ouverture: sortie retenue pour la duplication adaptateur=NVIDIA GeForce RTX 4070 index_adaptateur=0 index_sortie=2 nom_sortie=\\.\DISPLAY6 attachee=true
2026-08-02T18:42:44.178952Z  WARN agent::capteur::serveur: DIAGNOSTIC : fil lecteur de commandes NON lancé
2026-08-02T18:42:44.179337Z  INFO agent::capture::ouverture: sortie retenue pour la duplication adaptateur=NVIDIA GeForce RTX 4070 index_adaptateur=0 index_sortie=1 nom_sortie=\\.\DISPLAY5 attachee=true
2026-08-02T18:42:44.232848Z  INFO agent::capture::ouverture: protection multi-fils activée sur le contexte immédiat D3D11 protection_precedente=false
2026-08-02T18:42:44.233103Z  INFO agent::capture: duplication de sortie établie desktop_width=1280 desktop_height=720
2026-08-02T18:42:44.233142Z  INFO agent::encode: encodeur matériel retenu encodeur=NVIDIA H.264 Encoder MFT
2026-08-02T18:42:44.250052Z  INFO agent::capture::ouverture: protection multi-fils activée sur le contexte immédiat D3D11 protection_precedente=false
2026-08-02T18:42:44.250281Z  INFO agent::capture: duplication de sortie établie desktop_width=1280 desktop_height=720
2026-08-02T18:42:44.250323Z  INFO agent::encode: encodeur matériel retenu encodeur=NVIDIA H.264 Encoder MFT
2026-08-02T18:42:44.338481Z  INFO agent::encode::arret: file de travail sérialisée imposée mft="encodeur" file=328063
2026-08-02T18:42:44.338719Z  INFO agent::encode: convertisseur BGRA→NV12 (Video Processor MFT) configuré converter_provides_samples=true
2026-08-02T18:42:44.338823Z  INFO agent::encode::arret: file de travail sérialisée imposée mft="encodeur" file=8847745
2026-08-02T18:42:44.338991Z  INFO agent::capteur::fenetre: fenêtre attachée au capteur session=w-4 sortie=\\.\DISPLAY6 largeur=1280 hauteur=720
2026-08-02T18:42:44.339000Z  INFO agent::capteur::fenetre: l'enfant a fermé le canal session=w-4 images=0
2026-08-02T18:42:44.339009Z  INFO agent::capteur::tube: attaché au capteur session=w-4 sortie=\\.\DISPLAY6 largeur=1280 hauteur=720
2026-08-02T18:42:44.339050Z  INFO agent::encode::arret: IMFShutdown::Shutdown : avant mft="encodeur"
2026-08-02T18:42:44.339066Z  INFO agent::capteur::distante: canal rattaché au capteur largeur=1280 hauteur=720
2026-08-02T18:42:44.339069Z  INFO agent::encode: convertisseur BGRA→NV12 (Video Processor MFT) configuré converter_provides_samples=true
2026-08-02T18:42:44.339361Z  INFO agent::capteur::fenetre: fenêtre attachée au capteur session=w-2 sortie=\\.\DISPLAY5 largeur=1280 hauteur=720
2026-08-02T18:42:44.339376Z  INFO agent::capteur::fenetre: l'enfant a fermé le canal session=w-2 images=0
2026-08-02T18:42:44.339374Z  INFO agent::capteur::tube: attaché au capteur session=w-2 sortie=\\.\DISPLAY5 largeur=1280 hauteur=720
2026-08-02T18:42:44.339416Z  INFO agent::capteur::distante: canal rattaché au capteur largeur=1280 hauteur=720
2026-08-02T18:42:44.339422Z  INFO agent::encode::arret: IMFShutdown::Shutdown : avant mft="encodeur"
2026-08-02T18:42:44.339537Z  INFO agent::encode::arret: IMFShutdown::Shutdown : après mft="encodeur"
2026-08-02T18:42:44.340076Z  INFO agent::encode::arret: IMFShutdown::Shutdown : après mft="encodeur"
2026-08-02T18:42:44.361211Z  WARN agent::capteur::serveur: DIAGNOSTIC : fil lecteur de commandes NON lancé
2026-08-02T18:42:44.361701Z  INFO agent::capture::ouverture: sortie retenue pour la duplication adaptateur=NVIDIA GeForce RTX 4070 index_adaptateur=0 index_sortie=1 nom_sortie=\\.\DISPLAY5 attachee=true
2026-08-02T18:42:44.369677Z  WARN agent::capteur::serveur: DIAGNOSTIC : fil lecteur de commandes NON lancé
2026-08-02T18:42:44.370031Z  INFO agent::capture::ouverture: sortie retenue pour la duplication adaptateur=NVIDIA GeForce RTX 4070 index_adaptateur=0 index_sortie=2 nom_sortie=\\.\DISPLAY6 attachee=true
2026-08-02T18:42:44.427538Z  INFO agent::capture::ouverture: protection multi-fils activée sur le contexte immédiat D3D11 protection_precedente=false
2026-08-02T18:42:44.427791Z  INFO agent::capture: duplication de sortie établie desktop_width=1280 desktop_height=720
2026-08-02T18:42:44.427850Z  INFO agent::encode: encodeur matériel retenu encodeur=NVIDIA H.264 Encoder MFT
2026-08-02T18:42:44.445377Z  INFO agent::capture::ouverture: protection multi-fils activée sur le contexte immédiat D3D11 protection_precedente=false
2026-08-02T18:42:44.445656Z  INFO agent::capture: duplication de sortie établie desktop_width=1280 desktop_height=720
2026-08-02T18:42:44.445698Z  INFO agent::encode: encodeur matériel retenu encodeur=NVIDIA H.264 Encoder MFT
2026-08-02T18:42:44.534744Z  INFO agent::encode::arret: file de travail sérialisée imposée mft="encodeur" file=328069
2026-08-02T18:42:44.534886Z  INFO agent::encode::arret: file de travail sérialisée imposée mft="encodeur" file=8978823
2026-08-02T18:42:44.534991Z  INFO agent::encode: convertisseur BGRA→NV12 (Video Processor MFT) configuré converter_provides_samples=true
2026-08-02T18:42:44.535085Z  INFO agent::encode: convertisseur BGRA→NV12 (Video Processor MFT) configuré converter_provides_samples=true
2026-08-02T18:42:44.535271Z  INFO agent::capteur::fenetre: fenêtre attachée au capteur session=w-2 sortie=\\.\DISPLAY5 largeur=1280 hauteur=720
2026-08-02T18:42:44.535281Z  INFO agent::capteur::fenetre: l'enfant a fermé le canal session=w-2 images=0
2026-08-02T18:42:44.535286Z  INFO agent::capteur::tube: attaché au capteur session=w-2 sortie=\\.\DISPLAY5 largeur=1280 hauteur=720
2026-08-02T18:42:44.535322Z  INFO agent::encode::arret: IMFShutdown::Shutdown : avant mft="encodeur"
2026-08-02T18:42:44.535342Z  INFO agent::capteur::distante: canal rattaché au capteur largeur=1280 hauteur=720
2026-08-02T18:42:44.535361Z  INFO agent::capteur::fenetre: fenêtre attachée au capteur session=w-4 sortie=\\.\DISPLAY6 largeur=1280 hauteur=720
2026-08-02T18:42:44.535374Z  INFO agent::capteur::fenetre: l'enfant a fermé le canal session=w-4 images=0
2026-08-02T18:42:44.535373Z  INFO agent::capteur::tube: attaché au capteur session=w-4 sortie=\\.\DISPLAY6 largeur=1280 hauteur=720
2026-08-02T18:42:44.535410Z  INFO agent::encode::arret: IMFShutdown::Shutdown : avant mft="encodeur"
2026-08-02T18:42:44.535419Z  INFO agent::capteur::distante: canal rattaché au capteur largeur=1280 hauteur=720
2026-08-02T18:42:44.536033Z  INFO agent::encode::arret: IMFShutdown::Shutdown : après mft="encodeur"
2026-08-02T18:42:44.536189Z  INFO agent::encode::arret: IMFShutdown::Shutdown : après mft="encodeur"
2026-08-02T18:42:44.555995Z  WARN agent::capteur::serveur: DIAGNOSTIC : fil lecteur de commandes NON lancé
2026-08-02T18:42:44.556481Z  INFO agent::capture::ouverture: sortie retenue pour la duplication adaptateur=NVIDIA GeForce RTX 4070 index_adaptateur=0 index_sortie=2 nom_sortie=\\.\DISPLAY6 attachee=true
2026-08-02T18:42:44.565685Z  WARN agent::capteur::serveur: DIAGNOSTIC : fil lecteur de commandes NON lancé
2026-08-02T18:42:44.566050Z  INFO agent::capture::ouverture: sortie retenue pour la duplication adaptateur=NVIDIA GeForce RTX 4070 index_adaptateur=0 index_sortie=1 nom_sortie=\\.\DISPLAY5 attachee=true
2026-08-02T18:42:44.630756Z  INFO agent::capture::ouverture: protection multi-fils activée sur le contexte immédiat D3D11 protection_precedente=false
2026-08-02T18:42:44.631022Z  INFO agent::capture: duplication de sortie établie desktop_width=1280 desktop_height=720
2026-08-02T18:42:44.631061Z  INFO agent::encode: encodeur matériel retenu encodeur=NVIDIA H.264 Encoder MFT
2026-08-02T18:42:44.648287Z  INFO agent::capture::ouverture: protection multi-fils activée sur le contexte immédiat D3D11 protection_precedente=false
2026-08-02T18:42:44.648529Z  INFO agent::capture: duplication de sortie établie desktop_width=1280 desktop_height=720
2026-08-02T18:42:44.648570Z  INFO agent::encode: encodeur matériel retenu encodeur=NVIDIA H.264 Encoder MFT
2026-08-02T18:42:44.732781Z  INFO agent::encode::arret: file de travail sérialisée imposée mft="encodeur" file=9109901
2026-08-02T18:42:44.733012Z  INFO agent::encode: convertisseur BGRA→NV12 (Video Processor MFT) configuré converter_provides_samples=true
2026-08-02T18:42:44.733295Z  INFO agent::capteur::fenetre: fenêtre attachée au capteur session=w-2 sortie=\\.\DISPLAY5 largeur=1280 hauteur=720
2026-08-02T18:42:44.733306Z  INFO agent::capteur::fenetre: l'enfant a fermé le canal session=w-2 images=0
2026-08-02T18:42:44.733342Z  INFO agent::capteur::tube: attaché au capteur session=w-2 sortie=\\.\DISPLAY5 largeur=1280 hauteur=720
2026-08-02T18:42:44.733350Z  INFO agent::encode::arret: IMFShutdown::Shutdown : avant mft="encodeur"
2026-08-02T18:42:44.733401Z  INFO agent::capteur::distante: canal rattaché au capteur largeur=1280 hauteur=720
2026-08-02T18:42:44.733863Z  INFO agent::encode::arret: IMFShutdown::Shutdown : après mft="encodeur"
2026-08-02T18:42:44.749286Z  INFO agent::encode::arret: file de travail sérialisée imposée mft="encodeur" file=328075
2026-08-02T18:42:44.749554Z  INFO agent::encode: convertisseur BGRA→NV12 (Video Processor MFT) configuré converter_provides_samples=true
2026-08-02T18:42:44.749838Z  INFO agent::capteur::fenetre: fenêtre attachée au capteur session=w-4 sortie=\\.\DISPLAY6 largeur=1280 hauteur=720
2026-08-02T18:42:44.749849Z  INFO agent::capteur::fenetre: l'enfant a fermé le canal session=w-4 images=0
2026-08-02T18:42:44.749854Z  INFO agent::capteur::tube: attaché au capteur session=w-4 sortie=\\.\DISPLAY6 largeur=1280 hauteur=720
2026-08-02T18:42:44.749901Z  INFO agent::encode::arret: IMFShutdown::Shutdown : avant mft="encodeur"
2026-08-02T18:42:44.749912Z  INFO agent::capteur::distante: canal rattaché au capteur largeur=1280 hauteur=720
2026-08-02T18:42:44.750455Z  INFO agent::encode::arret: IMFShutdown::Shutdown : après mft="encodeur"
2026-08-02T18:42:44.763929Z  WARN agent::capteur::serveur: DIAGNOSTIC : fil lecteur de commandes NON lancé
2026-08-02T18:42:44.766345Z  INFO agent::capture::ouverture: sortie retenue pour la duplication adaptateur=NVIDIA GeForce RTX 4070 index_adaptateur=0 index_sortie=1 nom_sortie=\\.\DISPLAY5 attachee=true
2026-08-02T18:42:44.770411Z  WARN agent::capteur::serveur: DIAGNOSTIC : fil lecteur de commandes NON lancé
2026-08-02T18:42:44.770694Z  INFO agent::capture::ouverture: sortie retenue pour la duplication adaptateur=NVIDIA GeForce RTX 4070 index_adaptateur=0 index_sortie=2 nom_sortie=\\.\DISPLAY6 attachee=true
2026-08-02T18:42:44.829352Z  INFO agent::capture::ouverture: protection multi-fils activée sur le contexte immédiat D3D11 protection_precedente=false
2026-08-02T18:42:44.829636Z  INFO agent::capture: duplication de sortie établie desktop_width=1280 desktop_height=720
2026-08-02T18:42:44.829682Z  INFO agent::encode: encodeur matériel retenu encodeur=NVIDIA H.264 Encoder MFT
2026-08-02T18:42:44.847179Z  INFO agent::capture::ouverture: protection multi-fils activée sur le contexte immédiat D3D11 protection_precedente=false
2026-08-02T18:42:44.847438Z  INFO agent::capture: duplication de sortie établie desktop_width=1280 desktop_height=720
2026-08-02T18:42:44.847487Z  INFO agent::encode: encodeur matériel retenu encodeur=NVIDIA H.264 Encoder MFT
2026-08-02T18:42:44.938063Z  INFO agent::encode::arret: file de travail sérialisée imposée mft="encodeur" file=9240979
2026-08-02T18:42:44.938312Z  INFO agent::encode: convertisseur BGRA→NV12 (Video Processor MFT) configuré converter_provides_samples=true
2026-08-02T18:42:44.938325Z  INFO agent::encode::arret: file de travail sérialisée imposée mft="encodeur" file=328081
2026-08-02T18:42:44.938505Z  INFO agent::encode: convertisseur BGRA→NV12 (Video Processor MFT) configuré converter_provides_samples=true
2026-08-02T18:42:44.938582Z  INFO agent::capteur::fenetre: fenêtre attachée au capteur session=w-4 sortie=\\.\DISPLAY6 largeur=1280 hauteur=720
2026-08-02T18:42:44.938591Z  INFO agent::capteur::fenetre: l'enfant a fermé le canal session=w-4 images=0
2026-08-02T18:42:44.938598Z  INFO agent::capteur::tube: attaché au capteur session=w-4 sortie=\\.\DISPLAY6 largeur=1280 hauteur=720
2026-08-02T18:42:44.938644Z  INFO agent::encode::arret: IMFShutdown::Shutdown : avant mft="encodeur"
2026-08-02T18:42:44.938660Z  INFO agent::capteur::distante: canal rattaché au capteur largeur=1280 hauteur=720
2026-08-02T18:42:44.938742Z  INFO agent::capteur::fenetre: fenêtre attachée au capteur session=w-2 sortie=\\.\DISPLAY5 largeur=1280 hauteur=720
2026-08-02T18:42:44.938750Z  INFO agent::capteur::fenetre: l'enfant a fermé le canal session=w-2 images=0
2026-08-02T18:42:44.938759Z  INFO agent::capteur::tube: attaché au capteur session=w-2 sortie=\\.\DISPLAY5 largeur=1280 hauteur=720
2026-08-02T18:42:44.938786Z  INFO agent::encode::arret: IMFShutdown::Shutdown : avant mft="encodeur"
2026-08-02T18:42:44.938813Z  INFO agent::capteur::distante: canal rattaché au capteur largeur=1280 hauteur=720
2026-08-02T18:42:44.939248Z  INFO agent::encode::arret: IMFShutdown::Shutdown : après mft="encodeur"
2026-08-02T18:42:44.939463Z  INFO agent::encode::arret: IMFShutdown::Shutdown : après mft="encodeur"
2026-08-02T18:42:44.959790Z  WARN agent::capteur::serveur: DIAGNOSTIC : fil lecteur de commandes NON lancé
2026-08-02T18:42:44.960239Z  INFO agent::capture::ouverture: sortie retenue pour la duplication adaptateur=NVIDIA GeForce RTX 4070 index_adaptateur=0 index_sortie=2 nom_sortie=\\.\DISPLAY6 attachee=true
2026-08-02T18:42:44.969490Z  WARN agent::capteur::serveur: DIAGNOSTIC : fil lecteur de commandes NON lancé
2026-08-02T18:42:44.969759Z  INFO agent::capture::ouverture: sortie retenue pour la duplication adaptateur=NVIDIA GeForce RTX 4070 index_adaptateur=0 index_sortie=1 nom_sortie=\\.\DISPLAY5 attachee=true
2026-08-02T18:42:45.029234Z  INFO agent::capture::ouverture: protection multi-fils activée sur le contexte immédiat D3D11 protection_precedente=false
2026-08-02T18:42:45.029492Z  INFO agent::capture: duplication de sortie établie desktop_width=1280 desktop_height=720
2026-08-02T18:42:45.029533Z  INFO agent::encode: encodeur matériel retenu encodeur=NVIDIA H.264 Encoder MFT
2026-08-02T18:42:45.048196Z  INFO agent::capture::ouverture: protection multi-fils activée sur le contexte immédiat D3D11 protection_precedente=false
2026-08-02T18:42:45.048446Z  INFO agent::capture: duplication de sortie établie desktop_width=1280 desktop_height=720
2026-08-02T18:42:45.048487Z  INFO agent::encode: encodeur matériel retenu encodeur=NVIDIA H.264 Encoder MFT
2026-08-02T18:42:45.122514Z  INFO agent::encode::arret: file de travail sérialisée imposée mft="encodeur" file=328087
2026-08-02T18:42:45.122738Z  INFO agent::encode: convertisseur BGRA→NV12 (Video Processor MFT) configuré converter_provides_samples=true
2026-08-02T18:42:45.123010Z  INFO agent::capteur::fenetre: fenêtre attachée au capteur session=w-4 sortie=\\.\DISPLAY6 largeur=1280 hauteur=720
2026-08-02T18:42:45.123020Z  INFO agent::capteur::fenetre: l'enfant a fermé le canal session=w-4 images=0
2026-08-02T18:42:45.123026Z  INFO agent::capteur::tube: attaché au capteur session=w-4 sortie=\\.\DISPLAY6 largeur=1280 hauteur=720
2026-08-02T18:42:45.123074Z  INFO agent::encode::arret: IMFShutdown::Shutdown : avant mft="encodeur"
2026-08-02T18:42:45.123097Z  INFO agent::capteur::distante: canal rattaché au capteur largeur=1280 hauteur=720
2026-08-02T18:42:45.123213Z  WARN agent::transport::socket: échec de réception UDP transitoire, ignoré erreur=Une connexion existante a dû être fermée par l’hôte distant. (os error 10054) consecutives=1 backoff_ms=2
2026-08-02T18:42:45.123682Z  INFO agent::encode::arret: IMFShutdown::Shutdown : après mft="encodeur"
2026-08-02T18:42:45.125391Z  WARN agent::transport::socket: échec de réception UDP transitoire, ignoré erreur=Une connexion existante a dû être fermée par l’hôte distant. (os error 10054) consecutives=2 backoff_ms=4
2026-08-02T18:42:45.144367Z  INFO agent::encode::arret: file de travail sérialisée imposée mft="encodeur" file=9372057
2026-08-02T18:42:45.144600Z  INFO agent::encode: convertisseur BGRA→NV12 (Video Processor MFT) configuré converter_provides_samples=true
2026-08-02T18:42:45.144887Z  INFO agent::capteur::fenetre: fenêtre attachée au capteur session=w-2 sortie=\\.\DISPLAY5 largeur=1280 hauteur=720
2026-08-02T18:42:45.144897Z  INFO agent::capteur::fenetre: l'enfant a fermé le canal session=w-2 images=0
2026-08-02T18:42:45.144902Z  INFO agent::capteur::tube: attaché au capteur session=w-2 sortie=\\.\DISPLAY5 largeur=1280 hauteur=720
2026-08-02T18:42:45.144955Z  INFO agent::capteur::distante: canal rattaché au capteur largeur=1280 hauteur=720
2026-08-02T18:42:45.144957Z  INFO agent::encode::arret: IMFShutdown::Shutdown : avant mft="encodeur"
2026-08-02T18:42:45.145565Z  INFO agent::encode::arret: IMFShutdown::Shutdown : après mft="encodeur"
2026-08-02T18:42:45.154256Z  WARN agent::capteur::serveur: DIAGNOSTIC : fil lecteur de commandes NON lancé
2026-08-02T18:42:45.154575Z  INFO agent::capture::ouverture: sortie retenue pour la duplication adaptateur=NVIDIA GeForce RTX 4070 index_adaptateur=0 index_sortie=2 nom_sortie=\\.\DISPLAY6 attachee=true
2026-08-02T18:42:45.165822Z  WARN agent::capteur::serveur: DIAGNOSTIC : fil lecteur de commandes NON lancé
2026-08-02T18:42:45.166188Z  INFO agent::capture::ouverture: sortie retenue pour la duplication adaptateur=NVIDIA GeForce RTX 4070 index_adaptateur=0 index_sortie=1 nom_sortie=\\.\DISPLAY5 attachee=true
2026-08-02T18:42:45.174464Z  INFO agent::capture::ouverture: protection multi-fils activée sur le contexte immédiat D3D11 protection_precedente=false
2026-08-02T18:42:45.174698Z  INFO agent::capture: duplication de sortie établie desktop_width=1280 desktop_height=720
2026-08-02T18:42:45.174740Z  INFO agent::encode: encodeur matériel retenu encodeur=NVIDIA H.264 Encoder MFT
2026-08-02T18:42:45.192575Z  INFO agent::capture::ouverture: protection multi-fils activée sur le contexte immédiat D3D11 protection_precedente=false
2026-08-02T18:42:45.192888Z  INFO agent::capture: duplication de sortie établie desktop_width=1280 desktop_height=720
2026-08-02T18:42:45.192930Z  INFO agent::encode: encodeur matériel retenu encodeur=NVIDIA H.264 Encoder MFT
2026-08-02T18:42:45.279556Z  INFO agent::encode::arret: file de travail sérialisée imposée mft="encodeur" file=328093
2026-08-02T18:42:45.279815Z  INFO agent::encode: convertisseur BGRA→NV12 (Video Processor MFT) configuré converter_provides_samples=true
2026-08-02T18:42:45.282062Z  INFO agent::capteur::fenetre: fenêtre attachée au capteur session=w-4 sortie=\\.\DISPLAY6 largeur=1280 hauteur=720
2026-08-02T18:42:45.282074Z  INFO agent::capteur::fenetre: l'enfant a fermé le canal session=w-4 images=0
2026-08-02T18:42:45.282076Z  INFO agent::capteur::tube: attaché au capteur session=w-4 sortie=\\.\DISPLAY6 largeur=1280 hauteur=720
2026-08-02T18:42:45.282120Z  INFO agent::encode::arret: IMFShutdown::Shutdown : avant mft="encodeur"
2026-08-02T18:42:45.282135Z  INFO agent::capteur::distante: canal rattaché au capteur largeur=1280 hauteur=720
2026-08-02T18:42:45.282603Z  INFO agent::encode::arret: IMFShutdown::Shutdown : après mft="encodeur"
2026-08-02T18:42:45.282817Z  INFO agent::encode::arret: file de travail sérialisée imposée mft="encodeur" file=9503135
2026-08-02T18:42:45.283004Z  INFO agent::encode: convertisseur BGRA→NV12 (Video Processor MFT) configuré converter_provides_samples=true
2026-08-02T18:42:45.283252Z  INFO agent::capteur::fenetre: fenêtre attachée au capteur session=w-2 sortie=\\.\DISPLAY5 largeur=1280 hauteur=720
2026-08-02T18:42:45.283262Z  INFO agent::capteur::fenetre: l'enfant a fermé le canal session=w-2 images=0
2026-08-02T18:42:45.283282Z  INFO agent::capteur::tube: attaché au capteur session=w-2 sortie=\\.\DISPLAY5 largeur=1280 hauteur=720
2026-08-02T18:42:45.283308Z  INFO agent::encode::arret: IMFShutdown::Shutdown : avant mft="encodeur"
2026-08-02T18:42:45.283324Z  INFO agent::capteur::distante: canal rattaché au capteur largeur=1280 hauteur=720
2026-08-02T18:42:45.283953Z  INFO agent::encode::arret: IMFShutdown::Shutdown : après mft="encodeur"
2026-08-02T18:42:45.303325Z  WARN agent::capteur::serveur: DIAGNOSTIC : fil lecteur de commandes NON lancé
2026-08-02T18:42:45.303789Z  INFO agent::capture::ouverture: sortie retenue pour la duplication adaptateur=NVIDIA GeForce RTX 4070 index_adaptateur=0 index_sortie=2 nom_sortie=\\.\DISPLAY6 attachee=true
2026-08-02T18:42:45.314045Z  WARN agent::capteur::serveur: DIAGNOSTIC : fil lecteur de commandes NON lancé
2026-08-02T18:42:45.314393Z  INFO agent::capture::ouverture: sortie retenue pour la duplication adaptateur=NVIDIA GeForce RTX 4070 index_adaptateur=0 index_sortie=1 nom_sortie=\\.\DISPLAY5 attachee=true
2026-08-02T18:42:45.370525Z  INFO agent::capture::ouverture: protection multi-fils activée sur le contexte immédiat D3D11 protection_precedente=false
2026-08-02T18:42:45.370770Z  INFO agent::capture: duplication de sortie établie desktop_width=1280 desktop_height=720
2026-08-02T18:42:45.370808Z  INFO agent::encode: encodeur matériel retenu encodeur=NVIDIA H.264 Encoder MFT
2026-08-02T18:42:45.387561Z  INFO agent::capture::ouverture: protection multi-fils activée sur le contexte immédiat D3D11 protection_precedente=false
2026-08-02T18:42:45.387916Z  INFO agent::capture: duplication de sortie établie desktop_width=1280 desktop_height=720
2026-08-02T18:42:45.387955Z  INFO agent::encode: encodeur matériel retenu encodeur=NVIDIA H.264 Encoder MFT
2026-08-02T18:42:45.481450Z  INFO agent::encode::arret: file de travail sérialisée imposée mft="encodeur" file=9634213
2026-08-02T18:42:45.481668Z  INFO agent::encode::arret: file de travail sérialisée imposée mft="encodeur" file=328099
2026-08-02T18:42:45.481675Z  INFO agent::encode: convertisseur BGRA→NV12 (Video Processor MFT) configuré converter_provides_samples=true
2026-08-02T18:42:45.481846Z  INFO agent::encode: convertisseur BGRA→NV12 (Video Processor MFT) configuré converter_provides_samples=true
2026-08-02T18:42:45.481944Z  INFO agent::capteur::fenetre: fenêtre attachée au capteur session=w-2 sortie=\\.\DISPLAY5 largeur=1280 hauteur=720
2026-08-02T18:42:45.481954Z  INFO agent::capteur::fenetre: l'enfant a fermé le canal session=w-2 images=0
2026-08-02T18:42:45.481962Z  INFO agent::capteur::tube: attaché au capteur session=w-2 sortie=\\.\DISPLAY5 largeur=1280 hauteur=720
2026-08-02T18:42:45.481995Z  INFO agent::encode::arret: IMFShutdown::Shutdown : avant mft="encodeur"
2026-08-02T18:42:45.482024Z  INFO agent::capteur::distante: canal rattaché au capteur largeur=1280 hauteur=720
2026-08-02T18:42:45.482036Z  INFO agent::transport::cadence_video: cadence de la piste vidéo (côté enfant) session=w-2 unites=0 cadence="0.0"
2026-08-02T18:42:45.482083Z  INFO agent::capteur::fenetre: fenêtre attachée au capteur session=w-4 sortie=\\.\DISPLAY6 largeur=1280 hauteur=720
2026-08-02T18:42:45.482094Z  INFO agent::capteur::fenetre: l'enfant a fermé le canal session=w-4 images=0
2026-08-02T18:42:45.482105Z  INFO agent::capteur::tube: attaché au capteur session=w-4 sortie=\\.\DISPLAY6 largeur=1280 hauteur=720
2026-08-02T18:42:45.482134Z  INFO agent::encode::arret: IMFShutdown::Shutdown : avant mft="encodeur"
2026-08-02T18:42:45.482163Z  INFO agent::capteur::distante: canal rattaché au capteur largeur=1280 hauteur=720
2026-08-02T18:42:45.482572Z  INFO agent::encode::arret: IMFShutdown::Shutdown : après mft="encodeur"
2026-08-02T18:42:45.482782Z  INFO agent::encode::arret: IMFShutdown::Shutdown : après mft="encodeur"
2026-08-02T18:42:45.502843Z  WARN agent::capteur::serveur: DIAGNOSTIC : fil lecteur de commandes NON lancé
2026-08-02T18:42:45.503290Z  INFO agent::capture::ouverture: sortie retenue pour la duplication adaptateur=NVIDIA GeForce RTX 4070 index_adaptateur=0 index_sortie=1 nom_sortie=\\.\DISPLAY5 attachee=true
2026-08-02T18:42:45.512436Z  WARN agent::capteur::serveur: DIAGNOSTIC : fil lecteur de commandes NON lancé
2026-08-02T18:42:45.512773Z  INFO agent::capture::ouverture: sortie retenue pour la duplication adaptateur=NVIDIA GeForce RTX 4070 index_adaptateur=0 index_sortie=2 nom_sortie=\\.\DISPLAY6 attachee=true
2026-08-02T18:42:45.565194Z  INFO agent::capture::ouverture: protection multi-fils activée sur le contexte immédiat D3D11 protection_precedente=false
2026-08-02T18:42:45.565449Z  INFO agent::capture: duplication de sortie établie desktop_width=1280 desktop_height=720
2026-08-02T18:42:45.565488Z  INFO agent::encode: encodeur matériel retenu encodeur=NVIDIA H.264 Encoder MFT
2026-08-02T18:42:45.582177Z  INFO agent::capture::ouverture: protection multi-fils activée sur le contexte immédiat D3D11 protection_precedente=false
2026-08-02T18:42:45.582465Z  INFO agent::capture: duplication de sortie établie desktop_width=1280 desktop_height=720
2026-08-02T18:42:45.582506Z  INFO agent::encode: encodeur matériel retenu encodeur=NVIDIA H.264 Encoder MFT
2026-08-02T18:42:45.671613Z  INFO agent::encode::arret: file de travail sérialisée imposée mft="encodeur" file=328105
2026-08-02T18:42:45.671774Z  INFO agent::encode::arret: file de travail sérialisée imposée mft="encodeur" file=9765291
2026-08-02T18:42:45.671849Z  INFO agent::encode: convertisseur BGRA→NV12 (Video Processor MFT) configuré converter_provides_samples=true
2026-08-02T18:42:45.671967Z  INFO agent::encode: convertisseur BGRA→NV12 (Video Processor MFT) configuré converter_provides_samples=true
2026-08-02T18:42:45.672133Z  INFO agent::capteur::fenetre: fenêtre attachée au capteur session=w-2 sortie=\\.\DISPLAY5 largeur=1280 hauteur=720
2026-08-02T18:42:45.672143Z  INFO agent::capteur::fenetre: l'enfant a fermé le canal session=w-2 images=0
2026-08-02T18:42:45.672156Z  INFO agent::capteur::tube: attaché au capteur session=w-2 sortie=\\.\DISPLAY5 largeur=1280 hauteur=720
2026-08-02T18:42:45.672202Z  INFO agent::encode::arret: IMFShutdown::Shutdown : avant mft="encodeur"
2026-08-02T18:42:45.672205Z  INFO agent::capteur::fenetre: fenêtre attachée au capteur session=w-4 sortie=\\.\DISPLAY6 largeur=1280 hauteur=720
2026-08-02T18:42:45.672214Z  INFO agent::capteur::distante: canal rattaché au capteur largeur=1280 hauteur=720
2026-08-02T18:42:45.672229Z  INFO agent::capteur::fenetre: l'enfant a fermé le canal session=w-4 images=0
2026-08-02T18:42:45.672226Z  INFO agent::capteur::tube: attaché au capteur session=w-4 sortie=\\.\DISPLAY6 largeur=1280 hauteur=720
2026-08-02T18:42:45.672264Z  INFO agent::encode::arret: IMFShutdown::Shutdown : avant mft="encodeur"
2026-08-02T18:42:45.672285Z  INFO agent::capteur::distante: canal rattaché au capteur largeur=1280 hauteur=720
2026-08-02T18:42:45.673382Z  INFO agent::encode::arret: IMFShutdown::Shutdown : après mft="encodeur"
2026-08-02T18:42:45.673538Z  INFO agent::encode::arret: IMFShutdown::Shutdown : après mft="encodeur"
2026-08-02T18:42:45.702553Z  WARN agent::capteur::serveur: DIAGNOSTIC : fil lecteur de commandes NON lancé
2026-08-02T18:42:45.702914Z  INFO agent::capture::ouverture: sortie retenue pour la duplication adaptateur=NVIDIA GeForce RTX 4070 index_adaptateur=0 index_sortie=1 nom_sortie=\\.\DISPLAY5 attachee=true
2026-08-02T18:42:45.703655Z  WARN agent::capteur::serveur: DIAGNOSTIC : fil lecteur de commandes NON lancé
2026-08-02T18:42:45.703993Z  INFO agent::capture::ouverture: sortie retenue pour la duplication adaptateur=NVIDIA GeForce RTX 4070 index_adaptateur=0 index_sortie=2 nom_sortie=\\.\DISPLAY6 attachee=true
2026-08-02T18:42:45.766175Z  INFO agent::capture::ouverture: protection multi-fils activée sur le contexte immédiat D3D11 protection_precedente=false
2026-08-02T18:42:45.766461Z  INFO agent::capture: duplication de sortie établie desktop_width=1280 desktop_height=720
2026-08-02T18:42:45.766509Z  INFO agent::encode: encodeur matériel retenu encodeur=NVIDIA H.264 Encoder MFT
2026-08-02T18:42:45.784208Z  INFO agent::capture::ouverture: protection multi-fils activée sur le contexte immédiat D3D11 protection_precedente=false
2026-08-02T18:42:45.784472Z  INFO agent::capture: duplication de sortie établie desktop_width=1280 desktop_height=720
2026-08-02T18:42:45.784515Z  INFO agent::encode: encodeur matériel retenu encodeur=NVIDIA H.264 Encoder MFT
2026-08-02T18:42:45.882352Z  INFO agent::encode::arret: file de travail sérialisée imposée mft="encodeur" file=9896369
2026-08-02T18:42:45.882605Z  INFO agent::encode: convertisseur BGRA→NV12 (Video Processor MFT) configuré converter_provides_samples=true
2026-08-02T18:42:45.882624Z  INFO agent::encode::arret: file de travail sérialisée imposée mft="encodeur" file=328111
2026-08-02T18:42:45.882802Z  INFO agent::encode: convertisseur BGRA→NV12 (Video Processor MFT) configuré converter_provides_samples=true
2026-08-02T18:42:45.882861Z  INFO agent::capteur::fenetre: fenêtre attachée au capteur session=w-4 sortie=\\.\DISPLAY6 largeur=1280 hauteur=720
2026-08-02T18:42:45.882870Z  INFO agent::capteur::fenetre: l'enfant a fermé le canal session=w-4 images=0
2026-08-02T18:42:45.882874Z  INFO agent::capteur::tube: attaché au capteur session=w-4 sortie=\\.\DISPLAY6 largeur=1280 hauteur=720
2026-08-02T18:42:45.882923Z  INFO agent::encode::arret: IMFShutdown::Shutdown : avant mft="encodeur"
2026-08-02T18:42:45.882925Z  INFO agent::capteur::distante: canal rattaché au capteur largeur=1280 hauteur=720
2026-08-02T18:42:45.883052Z  INFO agent::capteur::fenetre: fenêtre attachée au capteur session=w-2 sortie=\\.\DISPLAY5 largeur=1280 hauteur=720
2026-08-02T18:42:45.883068Z  INFO agent::capteur::tube: attaché au capteur session=w-2 sortie=\\.\DISPLAY5 largeur=1280 hauteur=720
2026-08-02T18:42:45.883075Z  INFO agent::capteur::fenetre: l'enfant a fermé le canal session=w-2 images=0
2026-08-02T18:42:45.883117Z  INFO agent::encode::arret: IMFShutdown::Shutdown : avant mft="encodeur"
2026-08-02T18:42:45.883119Z  INFO agent::capteur::distante: canal rattaché au capteur largeur=1280 hauteur=720
2026-08-02T18:42:45.883537Z  INFO agent::encode::arret: IMFShutdown::Shutdown : après mft="encodeur"
2026-08-02T18:42:45.883739Z  INFO agent::encode::arret: IMFShutdown::Shutdown : après mft="encodeur"
2026-08-02T18:42:45.903343Z  WARN agent::capteur::serveur: DIAGNOSTIC : fil lecteur de commandes NON lancé
2026-08-02T18:42:45.903741Z  INFO agent::capture::ouverture: sortie retenue pour la duplication adaptateur=NVIDIA GeForce RTX 4070 index_adaptateur=0 index_sortie=2 nom_sortie=\\.\DISPLAY6 attachee=true
2026-08-02T18:42:45.913715Z  WARN agent::capteur::serveur: DIAGNOSTIC : fil lecteur de commandes NON lancé
2026-08-02T18:42:45.914074Z  INFO agent::capture::ouverture: sortie retenue pour la duplication adaptateur=NVIDIA GeForce RTX 4070 index_adaptateur=0 index_sortie=1 nom_sortie=\\.\DISPLAY5 attachee=true
2026-08-02T18:42:45.966754Z  INFO agent::capture::ouverture: protection multi-fils activée sur le contexte immédiat D3D11 protection_precedente=false
2026-08-02T18:42:45.967003Z  INFO agent::capture: duplication de sortie établie desktop_width=1280 desktop_height=720
2026-08-02T18:42:45.967045Z  INFO agent::encode: encodeur matériel retenu encodeur=NVIDIA H.264 Encoder MFT
2026-08-02T18:42:45.985414Z  INFO agent::capture::ouverture: protection multi-fils activée sur le contexte immédiat D3D11 protection_precedente=false
2026-08-02T18:42:45.985721Z  INFO agent::capture: duplication de sortie établie desktop_width=1280 desktop_height=720
2026-08-02T18:42:45.985762Z  INFO agent::encode: encodeur matériel retenu encodeur=NVIDIA H.264 Encoder MFT
2026-08-02T18:42:46.080474Z  INFO agent::encode::arret: file de travail sérialisée imposée mft="encodeur" file=10027447
2026-08-02T18:42:46.080683Z  INFO agent::encode::arret: file de travail sérialisée imposée mft="encodeur" file=328117
2026-08-02T18:42:46.080727Z  INFO agent::encode: convertisseur BGRA→NV12 (Video Processor MFT) configuré converter_provides_samples=true
2026-08-02T18:42:46.080872Z  INFO agent::encode: convertisseur BGRA→NV12 (Video Processor MFT) configuré converter_provides_samples=true
2026-08-02T18:42:46.080997Z  INFO agent::capteur::fenetre: fenêtre attachée au capteur session=w-2 sortie=\\.\DISPLAY5 largeur=1280 hauteur=720
2026-08-02T18:42:46.081006Z  INFO agent::capteur::fenetre: l'enfant a fermé le canal session=w-2 images=0
2026-08-02T18:42:46.081011Z  INFO agent::capteur::tube: attaché au capteur session=w-2 sortie=\\.\DISPLAY5 largeur=1280 hauteur=720
2026-08-02T18:42:46.081050Z  INFO agent::encode::arret: IMFShutdown::Shutdown : avant mft="encodeur"
2026-08-02T18:42:46.081067Z  INFO agent::capteur::distante: canal rattaché au capteur largeur=1280 hauteur=720
2026-08-02T18:42:46.081109Z  INFO agent::capteur::fenetre: fenêtre attachée au capteur session=w-4 sortie=\\.\DISPLAY6 largeur=1280 hauteur=720
2026-08-02T18:42:46.081120Z  INFO agent::capteur::fenetre: l'enfant a fermé le canal session=w-4 images=0
2026-08-02T18:42:46.081126Z  INFO agent::capteur::tube: attaché au capteur session=w-4 sortie=\\.\DISPLAY6 largeur=1280 hauteur=720
2026-08-02T18:42:46.081156Z  INFO agent::encode::arret: IMFShutdown::Shutdown : avant mft="encodeur"
2026-08-02T18:42:46.081182Z  INFO agent::capteur::distante: canal rattaché au capteur largeur=1280 hauteur=720
2026-08-02T18:42:46.081731Z  INFO agent::encode::arret: IMFShutdown::Shutdown : après mft="encodeur"
2026-08-02T18:42:46.081889Z  INFO agent::encode::arret: IMFShutdown::Shutdown : après mft="encodeur"
2026-08-02T18:42:46.101951Z  WARN agent::capteur::serveur: DIAGNOSTIC : fil lecteur de commandes NON lancé
2026-08-02T18:42:46.102401Z  INFO agent::capture::ouverture: sortie retenue pour la duplication adaptateur=NVIDIA GeForce RTX 4070 index_adaptateur=0 index_sortie=2 nom_sortie=\\.\DISPLAY6 attachee=true
2026-08-02T18:42:46.112238Z  WARN agent::capteur::serveur: DIAGNOSTIC : fil lecteur de commandes NON lancé
2026-08-02T18:42:46.112622Z  INFO agent::capture::ouverture: sortie retenue pour la duplication adaptateur=NVIDIA GeForce RTX 4070 index_adaptateur=0 index_sortie=1 nom_sortie=\\.\DISPLAY5 attachee=true
2026-08-02T18:42:46.165170Z  INFO agent::capture::ouverture: protection multi-fils activée sur le contexte immédiat D3D11 protection_precedente=false
2026-08-02T18:42:46.165459Z  INFO agent::capture: duplication de sortie établie desktop_width=1280 desktop_height=720
2026-08-02T18:42:46.165501Z  INFO agent::encode: encodeur matériel retenu encodeur=NVIDIA H.264 Encoder MFT
2026-08-02T18:42:46.183484Z  INFO agent::capture::ouverture: protection multi-fils activée sur le contexte immédiat D3D11 protection_precedente=false
2026-08-02T18:42:46.183746Z  INFO agent::capture: duplication de sortie établie desktop_width=1280 desktop_height=720
2026-08-02T18:42:46.183792Z  INFO agent::encode: encodeur matériel retenu encodeur=NVIDIA H.264 Encoder MFT
2026-08-02T18:42:46.271547Z  INFO agent::encode::arret: file de travail sérialisée imposée mft="encodeur" file=328123
2026-08-02T18:42:46.271771Z  INFO agent::encode: convertisseur BGRA→NV12 (Video Processor MFT) configuré converter_provides_samples=true
2026-08-02T18:42:46.271852Z  INFO agent::encode::arret: file de travail sérialisée imposée mft="encodeur" file=10158525
2026-08-02T18:42:46.272045Z  INFO agent::encode: convertisseur BGRA→NV12 (Video Processor MFT) configuré converter_provides_samples=true
2026-08-02T18:42:46.272061Z  INFO agent::capteur::fenetre: fenêtre attachée au capteur session=w-4 sortie=\\.\DISPLAY6 largeur=1280 hauteur=720
2026-08-02T18:42:46.272069Z  INFO agent::capteur::fenetre: l'enfant a fermé le canal session=w-4 images=0
2026-08-02T18:42:46.272077Z  INFO agent::capteur::tube: attaché au capteur session=w-4 sortie=\\.\DISPLAY6 largeur=1280 hauteur=720
2026-08-02T18:42:46.272122Z  INFO agent::encode::arret: IMFShutdown::Shutdown : avant mft="encodeur"
2026-08-02T18:42:46.272135Z  INFO agent::capteur::distante: canal rattaché au capteur largeur=1280 hauteur=720
2026-08-02T18:42:46.272348Z  INFO agent::capteur::fenetre: fenêtre attachée au capteur session=w-2 sortie=\\.\DISPLAY5 largeur=1280 hauteur=720
2026-08-02T18:42:46.272358Z  INFO agent::capteur::fenetre: l'enfant a fermé le canal session=w-2 images=0
2026-08-02T18:42:46.272359Z  INFO agent::capteur::tube: attaché au capteur session=w-2 sortie=\\.\DISPLAY5 largeur=1280 hauteur=720
2026-08-02T18:42:46.272399Z  INFO agent::capteur::distante: canal rattaché au capteur largeur=1280 hauteur=720
2026-08-02T18:42:46.272405Z  INFO agent::encode::arret: IMFShutdown::Shutdown : avant mft="encodeur"
2026-08-02T18:42:46.272658Z  INFO agent::encode::arret: IMFShutdown::Shutdown : après mft="encodeur"
2026-08-02T18:42:46.273071Z  INFO agent::encode::arret: IMFShutdown::Shutdown : après mft="encodeur"
2026-08-02T18:42:46.293307Z  WARN agent::capteur::serveur: DIAGNOSTIC : fil lecteur de commandes NON lancé
2026-08-02T18:42:46.293756Z  INFO agent::capture::ouverture: sortie retenue pour la duplication adaptateur=NVIDIA GeForce RTX 4070 index_adaptateur=0 index_sortie=2 nom_sortie=\\.\DISPLAY6 attachee=true
2026-08-02T18:42:46.303663Z  WARN agent::capteur::serveur: DIAGNOSTIC : fil lecteur de commandes NON lancé
2026-08-02T18:42:46.304042Z  INFO agent::capture::ouverture: sortie retenue pour la duplication adaptateur=NVIDIA GeForce RTX 4070 index_adaptateur=0 index_sortie=1 nom_sortie=\\.\DISPLAY5 attachee=true
2026-08-02T18:42:46.355261Z  INFO agent::capture::ouverture: protection multi-fils activée sur le contexte immédiat D3D11 protection_precedente=false
2026-08-02T18:42:46.355505Z  INFO agent::capture: duplication de sortie établie desktop_width=1280 desktop_height=720
2026-08-02T18:42:46.355544Z  INFO agent::encode: encodeur matériel retenu encodeur=NVIDIA H.264 Encoder MFT
2026-08-02T18:42:46.373101Z  INFO agent::capture::ouverture: protection multi-fils activée sur le contexte immédiat D3D11 protection_precedente=false
2026-08-02T18:42:46.373361Z  INFO agent::capture: duplication de sortie établie desktop_width=1280 desktop_height=720
2026-08-02T18:42:46.373423Z  INFO agent::encode: encodeur matériel retenu encodeur=NVIDIA H.264 Encoder MFT
2026-08-02T18:42:46.459751Z  INFO agent::encode::arret: file de travail sérialisée imposée mft="encodeur" file=10289603
2026-08-02T18:42:46.459903Z  INFO agent::encode::arret: file de travail sérialisée imposée mft="encodeur" file=328129
2026-08-02T18:42:46.459989Z  INFO agent::encode: convertisseur BGRA→NV12 (Video Processor MFT) configuré converter_provides_samples=true
2026-08-02T18:42:46.460084Z  INFO agent::encode: convertisseur BGRA→NV12 (Video Processor MFT) configuré converter_provides_samples=true
2026-08-02T18:42:46.460253Z  INFO agent::capteur::fenetre: fenêtre attachée au capteur session=w-2 sortie=\\.\DISPLAY5 largeur=1280 hauteur=720
2026-08-02T18:42:46.460262Z  INFO agent::capteur::fenetre: l'enfant a fermé le canal session=w-2 images=0
2026-08-02T18:42:46.460267Z  INFO agent::capteur::tube: attaché au capteur session=w-2 sortie=\\.\DISPLAY5 largeur=1280 hauteur=720
2026-08-02T18:42:46.460301Z  INFO agent::capteur::fenetre: fenêtre attachée au capteur session=w-4 sortie=\\.\DISPLAY6 largeur=1280 hauteur=720
2026-08-02T18:42:46.460310Z  INFO agent::capteur::fenetre: l'enfant a fermé le canal session=w-4 images=0
2026-08-02T18:42:46.460315Z  INFO agent::capteur::tube: attaché au capteur session=w-4 sortie=\\.\DISPLAY6 largeur=1280 hauteur=720
2026-08-02T18:42:46.460321Z  INFO agent::encode::arret: IMFShutdown::Shutdown : avant mft="encodeur"
2026-08-02T18:42:46.460328Z  INFO agent::capteur::distante: canal rattaché au capteur largeur=1280 hauteur=720
2026-08-02T18:42:46.460347Z  INFO agent::encode::arret: IMFShutdown::Shutdown : avant mft="encodeur"
2026-08-02T18:42:46.460369Z  INFO agent::capteur::distante: canal rattaché au capteur largeur=1280 hauteur=720
2026-08-02T18:42:46.460872Z  INFO agent::encode::arret: IMFShutdown::Shutdown : après mft="encodeur"
2026-08-02T18:42:46.461059Z  INFO agent::encode::arret: IMFShutdown::Shutdown : après mft="encodeur"
2026-08-02T18:42:46.480960Z  WARN agent::capteur::serveur: DIAGNOSTIC : fil lecteur de commandes NON lancé
2026-08-02T18:42:46.481432Z  INFO agent::capture::ouverture: sortie retenue pour la duplication adaptateur=NVIDIA GeForce RTX 4070 index_adaptateur=0 index_sortie=1 nom_sortie=\\.\DISPLAY5 attachee=true
2026-08-02T18:42:46.491186Z  WARN agent::capteur::serveur: DIAGNOSTIC : fil lecteur de commandes NON lancé
2026-08-02T18:42:46.491525Z  INFO agent::capture::ouverture: sortie retenue pour la duplication adaptateur=NVIDIA GeForce RTX 4070 index_adaptateur=0 index_sortie=2 nom_sortie=\\.\DISPLAY6 attachee=true
2026-08-02T18:42:46.545286Z  INFO agent::capture::ouverture: protection multi-fils activée sur le contexte immédiat D3D11 protection_precedente=false
2026-08-02T18:42:46.545527Z  INFO agent::capture: duplication de sortie établie desktop_width=1280 desktop_height=720
2026-08-02T18:42:46.545566Z  INFO agent::encode: encodeur matériel retenu encodeur=NVIDIA H.264 Encoder MFT
2026-08-02T18:42:46.562824Z  INFO agent::capture::ouverture: protection multi-fils activée sur le contexte immédiat D3D11 protection_precedente=false
2026-08-02T18:42:46.563121Z  INFO agent::capture: duplication de sortie établie desktop_width=1280 desktop_height=720
2026-08-02T18:42:46.563163Z  INFO agent::encode: encodeur matériel retenu encodeur=NVIDIA H.264 Encoder MFT
2026-08-02T18:42:46.648838Z  INFO agent::encode::arret: file de travail sérialisée imposée mft="encodeur" file=10420681
2026-08-02T18:42:46.649050Z  INFO agent::encode::arret: file de travail sérialisée imposée mft="encodeur" file=328135
2026-08-02T18:42:46.649077Z  INFO agent::encode: convertisseur BGRA→NV12 (Video Processor MFT) configuré converter_provides_samples=true
2026-08-02T18:42:46.649234Z  INFO agent::encode: convertisseur BGRA→NV12 (Video Processor MFT) configuré converter_provides_samples=true
2026-08-02T18:42:46.649347Z  INFO agent::capteur::fenetre: fenêtre attachée au capteur session=w-4 sortie=\\.\DISPLAY6 largeur=1280 hauteur=720
2026-08-02T18:42:46.649356Z  INFO agent::capteur::fenetre: l'enfant a fermé le canal session=w-4 images=0
2026-08-02T18:42:46.649401Z  INFO agent::capteur::tube: attaché au capteur session=w-4 sortie=\\.\DISPLAY6 largeur=1280 hauteur=720
2026-08-02T18:42:46.649411Z  INFO agent::encode::arret: IMFShutdown::Shutdown : avant mft="encodeur"
2026-08-02T18:42:46.649457Z  INFO agent::capteur::distante: canal rattaché au capteur largeur=1280 hauteur=720
2026-08-02T18:42:46.649464Z  INFO agent::capteur::fenetre: fenêtre attachée au capteur session=w-2 sortie=\\.\DISPLAY5 largeur=1280 hauteur=720
2026-08-02T18:42:46.649470Z  INFO agent::capteur::fenetre: l'enfant a fermé le canal session=w-2 images=0
2026-08-02T18:42:46.649480Z  INFO agent::capteur::tube: attaché au capteur session=w-2 sortie=\\.\DISPLAY5 largeur=1280 hauteur=720
2026-08-02T18:42:46.649522Z  INFO agent::encode::arret: IMFShutdown::Shutdown : avant mft="encodeur"
2026-08-02T18:42:46.649532Z  INFO agent::capteur::distante: canal rattaché au capteur largeur=1280 hauteur=720
2026-08-02T18:42:46.650089Z  INFO agent::encode::arret: IMFShutdown::Shutdown : après mft="encodeur"
2026-08-02T18:42:46.650260Z  INFO agent::encode::arret: IMFShutdown::Shutdown : après mft="encodeur"
2026-08-02T18:42:46.673048Z  WARN agent::capteur::serveur: DIAGNOSTIC : fil lecteur de commandes NON lancé
2026-08-02T18:42:46.673518Z  INFO agent::capture::ouverture: sortie retenue pour la duplication adaptateur=NVIDIA GeForce RTX 4070 index_adaptateur=0 index_sortie=1 nom_sortie=\\.\DISPLAY5 attachee=true
2026-08-02T18:42:46.679952Z  WARN agent::capteur::serveur: DIAGNOSTIC : fil lecteur de commandes NON lancé
2026-08-02T18:42:46.680273Z  INFO agent::capture::ouverture: sortie retenue pour la duplication adaptateur=NVIDIA GeForce RTX 4070 index_adaptateur=0 index_sortie=2 nom_sortie=\\.\DISPLAY6 attachee=true
2026-08-02T18:42:46.735626Z  INFO agent::capture::ouverture: protection multi-fils activée sur le contexte immédiat D3D11 protection_precedente=false
2026-08-02T18:42:46.735881Z  INFO agent::capture: duplication de sortie établie desktop_width=1280 desktop_height=720
2026-08-02T18:42:46.735919Z  INFO agent::encode: encodeur matériel retenu encodeur=NVIDIA H.264 Encoder MFT
2026-08-02T18:42:46.753612Z  INFO agent::capture::ouverture: protection multi-fils activée sur le contexte immédiat D3D11 protection_precedente=false
2026-08-02T18:42:46.753917Z  INFO agent::capture: duplication de sortie établie desktop_width=1280 desktop_height=720
2026-08-02T18:42:46.753959Z  INFO agent::encode: encodeur matériel retenu encodeur=NVIDIA H.264 Encoder MFT
2026-08-02T18:42:46.829960Z  INFO agent::encode::arret: file de travail sérialisée imposée mft="encodeur" file=328141
2026-08-02T18:42:46.830184Z  INFO agent::encode: convertisseur BGRA→NV12 (Video Processor MFT) configuré converter_provides_samples=true
2026-08-02T18:42:46.832465Z  INFO agent::capteur::fenetre: fenêtre attachée au capteur session=w-2 sortie=\\.\DISPLAY5 largeur=1280 hauteur=720
2026-08-02T18:42:46.832478Z  INFO agent::capteur::fenetre: l'enfant a fermé le canal session=w-2 images=0
2026-08-02T18:42:46.832478Z  INFO agent::capteur::tube: attaché au capteur session=w-2 sortie=\\.\DISPLAY5 largeur=1280 hauteur=720
2026-08-02T18:42:46.832528Z  INFO agent::encode::arret: IMFShutdown::Shutdown : avant mft="encodeur"
2026-08-02T18:42:46.832528Z  INFO agent::capteur::distante: canal rattaché au capteur largeur=1280 hauteur=720
2026-08-02T18:42:46.832984Z  INFO agent::encode::arret: IMFShutdown::Shutdown : après mft="encodeur"
2026-08-02T18:42:46.847057Z  INFO agent::encode::arret: file de travail sérialisée imposée mft="encodeur" file=10551759
2026-08-02T18:42:46.847281Z  INFO agent::encode: convertisseur BGRA→NV12 (Video Processor MFT) configuré converter_provides_samples=true
2026-08-02T18:42:46.847680Z  INFO agent::capteur::fenetre: fenêtre attachée au capteur session=w-4 sortie=\\.\DISPLAY6 largeur=1280 hauteur=720
2026-08-02T18:42:46.847693Z  INFO agent::capteur::fenetre: l'enfant a fermé le canal session=w-4 images=0
2026-08-02T18:42:46.847694Z  INFO agent::capteur::tube: attaché au capteur session=w-4 sortie=\\.\DISPLAY6 largeur=1280 hauteur=720
2026-08-02T18:42:46.847744Z  INFO agent::encode::arret: IMFShutdown::Shutdown : avant mft="encodeur"
2026-08-02T18:42:46.847755Z  INFO agent::capteur::distante: canal rattaché au capteur largeur=1280 hauteur=720
2026-08-02T18:42:46.848428Z  INFO agent::encode::arret: IMFShutdown::Shutdown : après mft="encodeur"
2026-08-02T18:42:46.864627Z  WARN agent::capteur::serveur: DIAGNOSTIC : fil lecteur de commandes NON lancé
2026-08-02T18:42:46.865077Z  INFO agent::capture::ouverture: sortie retenue pour la duplication adaptateur=NVIDIA GeForce RTX 4070 index_adaptateur=0 index_sortie=1 nom_sortie=\\.\DISPLAY5 attachee=true
2026-08-02T18:42:46.868348Z  WARN agent::capteur::serveur: DIAGNOSTIC : fil lecteur de commandes NON lancé
2026-08-02T18:42:46.868657Z  INFO agent::capture::ouverture: sortie retenue pour la duplication adaptateur=NVIDIA GeForce RTX 4070 index_adaptateur=0 index_sortie=2 nom_sortie=\\.\DISPLAY6 attachee=true
2026-08-02T18:42:46.928320Z  INFO agent::capture::ouverture: protection multi-fils activée sur le contexte immédiat D3D11 protection_precedente=false
2026-08-02T18:42:46.928561Z  INFO agent::capture: duplication de sortie établie desktop_width=1280 desktop_height=720
2026-08-02T18:42:46.928600Z  INFO agent::encode: encodeur matériel retenu encodeur=NVIDIA H.264 Encoder MFT
2026-08-02T18:42:46.944947Z  INFO agent::capture::ouverture: protection multi-fils activée sur le contexte immédiat D3D11 protection_precedente=false
2026-08-02T18:42:46.945196Z  INFO agent::capture: duplication de sortie établie desktop_width=1280 desktop_height=720
2026-08-02T18:42:46.945238Z  INFO agent::encode: encodeur matériel retenu encodeur=NVIDIA H.264 Encoder MFT
2026-08-02T18:42:47.035083Z  INFO agent::encode::arret: file de travail sérialisée imposée mft="encodeur" file=328147
2026-08-02T18:42:47.035317Z  INFO agent::encode: convertisseur BGRA→NV12 (Video Processor MFT) configuré converter_provides_samples=true
2026-08-02T18:42:47.035320Z  INFO agent::encode::arret: file de travail sérialisée imposée mft="encodeur" file=10682837
2026-08-02T18:42:47.035498Z  INFO agent::encode: convertisseur BGRA→NV12 (Video Processor MFT) configuré converter_provides_samples=true
2026-08-02T18:42:47.035585Z  INFO agent::capteur::fenetre: fenêtre attachée au capteur session=w-2 sortie=\\.\DISPLAY5 largeur=1280 hauteur=720
2026-08-02T18:42:47.035594Z  INFO agent::capteur::fenetre: l'enfant a fermé le canal session=w-2 images=0
2026-08-02T18:42:47.035599Z  INFO agent::capteur::tube: attaché au capteur session=w-2 sortie=\\.\DISPLAY5 largeur=1280 hauteur=720
2026-08-02T18:42:47.035634Z  INFO agent::encode::arret: IMFShutdown::Shutdown : avant mft="encodeur"
2026-08-02T18:42:47.035676Z  INFO agent::capteur::distante: canal rattaché au capteur largeur=1280 hauteur=720
2026-08-02T18:42:47.035740Z  INFO agent::capteur::fenetre: fenêtre attachée au capteur session=w-4 sortie=\\.\DISPLAY6 largeur=1280 hauteur=720
2026-08-02T18:42:47.035749Z  INFO agent::capteur::fenetre: l'enfant a fermé le canal session=w-4 images=0
2026-08-02T18:42:47.035749Z  INFO agent::capteur::tube: attaché au capteur session=w-4 sortie=\\.\DISPLAY6 largeur=1280 hauteur=720
2026-08-02T18:42:47.035788Z  INFO agent::capteur::distante: canal rattaché au capteur largeur=1280 hauteur=720
2026-08-02T18:42:47.035787Z  INFO agent::encode::arret: IMFShutdown::Shutdown : avant mft="encodeur"
2026-08-02T18:42:47.036214Z  INFO agent::encode::arret: IMFShutdown::Shutdown : après mft="encodeur"
2026-08-02T18:42:47.036425Z  INFO agent::encode::arret: IMFShutdown::Shutdown : après mft="encodeur"
2026-08-02T18:42:47.037200Z  WARN agent::transport::socket: échec de réception UDP transitoire, ignoré erreur=Une connexion existante a dû être fermée par l’hôte distant. (os error 10054) consecutives=1 backoff_ms=2
2026-08-02T18:42:47.056109Z  WARN agent::capteur::serveur: DIAGNOSTIC : fil lecteur de commandes NON lancé
2026-08-02T18:42:47.058996Z  INFO agent::capture::ouverture: sortie retenue pour la duplication adaptateur=NVIDIA GeForce RTX 4070 index_adaptateur=0 index_sortie=1 nom_sortie=\\.\DISPLAY5 attachee=true
2026-08-02T18:42:47.066847Z  WARN agent::capteur::serveur: DIAGNOSTIC : fil lecteur de commandes NON lancé
2026-08-02T18:42:47.067202Z  INFO agent::capture::ouverture: sortie retenue pour la duplication adaptateur=NVIDIA GeForce RTX 4070 index_adaptateur=0 index_sortie=2 nom_sortie=\\.\DISPLAY6 attachee=true
2026-08-02T18:42:47.124249Z  INFO agent::capture::ouverture: protection multi-fils activée sur le contexte immédiat D3D11 protection_precedente=false
2026-08-02T18:42:47.124513Z  INFO agent::capture: duplication de sortie établie desktop_width=1280 desktop_height=720
2026-08-02T18:42:47.124551Z  INFO agent::encode: encodeur matériel retenu encodeur=NVIDIA H.264 Encoder MFT
2026-08-02T18:42:47.142352Z  INFO agent::capture::ouverture: protection multi-fils activée sur le contexte immédiat D3D11 protection_precedente=false
2026-08-02T18:42:47.142627Z  INFO agent::capture: duplication de sortie établie desktop_width=1280 desktop_height=720
2026-08-02T18:42:47.142667Z  INFO agent::encode: encodeur matériel retenu encodeur=NVIDIA H.264 Encoder MFT
2026-08-02T18:42:47.230629Z  INFO agent::encode::arret: file de travail sérialisée imposée mft="encodeur" file=10813915
2026-08-02T18:42:47.230853Z  INFO agent::encode: convertisseur BGRA→NV12 (Video Processor MFT) configuré converter_provides_samples=true
2026-08-02T18:42:47.231130Z  INFO agent::capteur::fenetre: fenêtre attachée au capteur session=w-4 sortie=\\.\DISPLAY6 largeur=1280 hauteur=720
2026-08-02T18:42:47.231141Z  INFO agent::capteur::fenetre: l'enfant a fermé le canal session=w-4 images=0
2026-08-02T18:42:47.231146Z  INFO agent::capteur::tube: attaché au capteur session=w-4 sortie=\\.\DISPLAY6 largeur=1280 hauteur=720
2026-08-02T18:42:47.231210Z  INFO agent::capteur::distante: canal rattaché au capteur largeur=1280 hauteur=720
2026-08-02T18:42:47.231210Z  INFO agent::encode::arret: IMFShutdown::Shutdown : avant mft="encodeur"
2026-08-02T18:42:47.231723Z  INFO agent::encode::arret: IMFShutdown::Shutdown : après mft="encodeur"
2026-08-02T18:42:47.232583Z  WARN agent::transport::socket: échec de réception UDP transitoire, ignoré erreur=Une connexion existante a dû être fermée par l’hôte distant. (os error 10054) consecutives=1 backoff_ms=2
2026-08-02T18:42:47.240094Z  INFO agent::encode::arret: file de travail sérialisée imposée mft="encodeur" file=328153
2026-08-02T18:42:47.240361Z  INFO agent::encode: convertisseur BGRA→NV12 (Video Processor MFT) configuré converter_provides_samples=true
2026-08-02T18:42:47.240698Z  INFO agent::capteur::fenetre: fenêtre attachée au capteur session=w-2 sortie=\\.\DISPLAY5 largeur=1280 hauteur=720
2026-08-02T18:42:47.240709Z  INFO agent::capteur::fenetre: l'enfant a fermé le canal session=w-2 images=0
2026-08-02T18:42:47.240712Z  INFO agent::capteur::tube: attaché au capteur session=w-2 sortie=\\.\DISPLAY5 largeur=1280 hauteur=720
2026-08-02T18:42:47.240763Z  INFO agent::capteur::distante: canal rattaché au capteur largeur=1280 hauteur=720
2026-08-02T18:42:47.240808Z  INFO agent::encode::arret: IMFShutdown::Shutdown : avant mft="encodeur"
2026-08-02T18:42:47.241350Z  INFO agent::encode::arret: IMFShutdown::Shutdown : après mft="encodeur"
2026-08-02T18:42:47.261980Z  WARN agent::capteur::serveur: DIAGNOSTIC : fil lecteur de commandes NON lancé
2026-08-02T18:42:47.262350Z  INFO agent::capture::ouverture: sortie retenue pour la duplication adaptateur=NVIDIA GeForce RTX 4070 index_adaptateur=0 index_sortie=2 nom_sortie=\\.\DISPLAY6 attachee=true
2026-08-02T18:42:47.325334Z  INFO agent::capture::ouverture: protection multi-fils activée sur le contexte immédiat D3D11 protection_precedente=false
2026-08-02T18:42:47.325594Z  INFO agent::capture: duplication de sortie établie desktop_width=1280 desktop_height=720
2026-08-02T18:42:47.325636Z  INFO agent::encode: encodeur matériel retenu encodeur=NVIDIA H.264 Encoder MFT
2026-08-02T18:42:47.374221Z  INFO agent::encode::arret: file de travail sérialisée imposée mft="encodeur" file=328159
2026-08-02T18:42:47.374441Z  INFO agent::encode: convertisseur BGRA→NV12 (Video Processor MFT) configuré converter_provides_samples=true
2026-08-02T18:42:47.374737Z  INFO agent::capteur::fenetre: fenêtre attachée au capteur session=w-4 sortie=\\.\DISPLAY6 largeur=1280 hauteur=720
2026-08-02T18:42:47.374747Z  INFO agent::capteur::fenetre: l'enfant a fermé le canal session=w-4 images=0
2026-08-02T18:42:47.374752Z  INFO agent::capteur::tube: attaché au capteur session=w-4 sortie=\\.\DISPLAY6 largeur=1280 hauteur=720
2026-08-02T18:42:47.374800Z  INFO agent::encode::arret: IMFShutdown::Shutdown : avant mft="encodeur"
2026-08-02T18:42:47.374808Z  INFO agent::capteur::distante: canal rattaché au capteur largeur=1280 hauteur=720
2026-08-02T18:42:47.375329Z  INFO agent::encode::arret: IMFShutdown::Shutdown : après mft="encodeur"
2026-08-02T18:42:47.395819Z  WARN agent::capteur::serveur: DIAGNOSTIC : fil lecteur de commandes NON lancé
2026-08-02T18:42:47.396228Z  INFO agent::capture::ouverture: sortie retenue pour la duplication adaptateur=NVIDIA GeForce RTX 4070 index_adaptateur=0 index_sortie=2 nom_sortie=\\.\DISPLAY6 attachee=true
2026-08-02T18:42:47.463508Z  INFO agent::capture::ouverture: protection multi-fils activée sur le contexte immédiat D3D11 protection_precedente=false
2026-08-02T18:42:47.463754Z  INFO agent::capture: duplication de sortie établie desktop_width=1280 desktop_height=720
2026-08-02T18:42:47.463802Z  INFO agent::encode: encodeur matériel retenu encodeur=NVIDIA H.264 Encoder MFT
2026-08-02T18:42:47.513174Z  INFO agent::encode::arret: file de travail sérialisée imposée mft="encodeur" file=328162
2026-08-02T18:42:47.513391Z  INFO agent::encode: convertisseur BGRA→NV12 (Video Processor MFT) configuré converter_provides_samples=true
2026-08-02T18:42:47.513696Z  INFO agent::capteur::fenetre: fenêtre attachée au capteur session=w-4 sortie=\\.\DISPLAY6 largeur=1280 hauteur=720
2026-08-02T18:42:47.513706Z  INFO agent::capteur::fenetre: l'enfant a fermé le canal session=w-4 images=0
2026-08-02T18:42:47.513756Z  INFO agent::encode::arret: IMFShutdown::Shutdown : avant mft="encodeur"
2026-08-02T18:42:47.513750Z  INFO agent::capteur::tube: attaché au capteur session=w-4 sortie=\\.\DISPLAY6 largeur=1280 hauteur=720
2026-08-02T18:42:47.513808Z  INFO agent::capteur::distante: canal rattaché au capteur largeur=1280 hauteur=720
2026-08-02T18:42:47.514308Z  INFO agent::encode::arret: IMFShutdown::Shutdown : après mft="encodeur"
2026-08-02T18:42:47.521003Z  WARN agent::capteur::serveur: DIAGNOSTIC : fil lecteur de commandes NON lancé
2026-08-02T18:42:47.521524Z  INFO agent::capture::ouverture: sortie retenue pour la duplication adaptateur=NVIDIA GeForce RTX 4070 index_adaptateur=0 index_sortie=1 nom_sortie=\\.\DISPLAY5 attachee=true
2026-08-02T18:42:47.534082Z  WARN agent::capteur::serveur: DIAGNOSTIC : fil lecteur de commandes NON lancé
2026-08-02T18:42:47.534434Z  INFO agent::capture::ouverture: sortie retenue pour la duplication adaptateur=NVIDIA GeForce RTX 4070 index_adaptateur=0 index_sortie=2 nom_sortie=\\.\DISPLAY6 attachee=true
2026-08-02T18:42:47.542989Z  INFO agent::capture::ouverture: protection multi-fils activée sur le contexte immédiat D3D11 protection_precedente=false
2026-08-02T18:42:47.543246Z  INFO agent::capture: duplication de sortie établie desktop_width=1280 desktop_height=720
2026-08-02T18:42:47.543287Z  INFO agent::encode: encodeur matériel retenu encodeur=NVIDIA H.264 Encoder MFT
2026-08-02T18:42:47.560798Z  INFO agent::capture::ouverture: protection multi-fils activée sur le contexte immédiat D3D11 protection_precedente=false
2026-08-02T18:42:47.561063Z  INFO agent::capture: duplication de sortie établie desktop_width=1280 desktop_height=720
2026-08-02T18:42:47.561104Z  INFO agent::encode: encodeur matériel retenu encodeur=NVIDIA H.264 Encoder MFT
2026-08-02T18:42:47.650122Z  INFO agent::encode::arret: file de travail sérialisée imposée mft="encodeur" file=328165
2026-08-02T18:42:47.650349Z  INFO agent::encode: convertisseur BGRA→NV12 (Video Processor MFT) configuré converter_provides_samples=true
2026-08-02T18:42:47.650616Z  INFO agent::capteur::fenetre: fenêtre attachée au capteur session=w-2 sortie=\\.\DISPLAY5 largeur=1280 hauteur=720
2026-08-02T18:42:47.650628Z  INFO agent::capteur::fenetre: l'enfant a fermé le canal session=w-2 images=0
2026-08-02T18:42:47.650632Z  INFO agent::capteur::tube: attaché au capteur session=w-2 sortie=\\.\DISPLAY5 largeur=1280 hauteur=720
2026-08-02T18:42:47.650690Z  INFO agent::capteur::distante: canal rattaché au capteur largeur=1280 hauteur=720
2026-08-02T18:42:47.650690Z  INFO agent::encode::arret: IMFShutdown::Shutdown : avant mft="encodeur"
2026-08-02T18:42:47.650689Z  INFO agent::encode::arret: file de travail sérialisée imposée mft="encodeur" file=11076071
2026-08-02T18:42:47.650923Z  INFO agent::encode: convertisseur BGRA→NV12 (Video Processor MFT) configuré converter_provides_samples=true
2026-08-02T18:42:47.651157Z  INFO agent::encode::arret: IMFShutdown::Shutdown : après mft="encodeur"
2026-08-02T18:42:47.651177Z  INFO agent::capteur::fenetre: fenêtre attachée au capteur session=w-4 sortie=\\.\DISPLAY6 largeur=1280 hauteur=720
2026-08-02T18:42:47.651184Z  INFO agent::capteur::fenetre: l'enfant a fermé le canal session=w-4 images=0
2026-08-02T18:42:47.651191Z  INFO agent::capteur::tube: attaché au capteur session=w-4 sortie=\\.\DISPLAY6 largeur=1280 hauteur=720
2026-08-02T18:42:47.651214Z  INFO agent::encode::arret: IMFShutdown::Shutdown : avant mft="encodeur"
2026-08-02T18:42:47.651244Z  INFO agent::capteur::distante: canal rattaché au capteur largeur=1280 hauteur=720
2026-08-02T18:42:47.651806Z  INFO agent::encode::arret: IMFShutdown::Shutdown : après mft="encodeur"
2026-08-02T18:42:47.671583Z  WARN agent::capteur::serveur: DIAGNOSTIC : fil lecteur de commandes NON lancé
2026-08-02T18:42:47.672007Z  INFO agent::capture::ouverture: sortie retenue pour la duplication adaptateur=NVIDIA GeForce RTX 4070 index_adaptateur=0 index_sortie=1 nom_sortie=\\.\DISPLAY5 attachee=true
2026-08-02T18:42:47.681886Z  WARN agent::capteur::serveur: DIAGNOSTIC : fil lecteur de commandes NON lancé
2026-08-02T18:42:47.682253Z  INFO agent::capture::ouverture: sortie retenue pour la duplication adaptateur=NVIDIA GeForce RTX 4070 index_adaptateur=0 index_sortie=2 nom_sortie=\\.\DISPLAY6 attachee=true
2026-08-02T18:42:47.742721Z  INFO agent::capture::ouverture: protection multi-fils activée sur le contexte immédiat D3D11 protection_precedente=false
2026-08-02T18:42:47.742967Z  INFO agent::capture: duplication de sortie établie desktop_width=1280 desktop_height=720
2026-08-02T18:42:47.743008Z  INFO agent::encode: encodeur matériel retenu encodeur=NVIDIA H.264 Encoder MFT
2026-08-02T18:42:47.760122Z  INFO agent::capture::ouverture: protection multi-fils activée sur le contexte immédiat D3D11 protection_precedente=false
2026-08-02T18:42:47.760409Z  INFO agent::capture: duplication de sortie établie desktop_width=1280 desktop_height=720
2026-08-02T18:42:47.760448Z  INFO agent::encode: encodeur matériel retenu encodeur=NVIDIA H.264 Encoder MFT
2026-08-02T18:42:47.836643Z  INFO agent::encode::arret: file de travail sérialisée imposée mft="encodeur" file=328171
2026-08-02T18:42:47.836877Z  INFO agent::encode: convertisseur BGRA→NV12 (Video Processor MFT) configuré converter_provides_samples=true
2026-08-02T18:42:47.839250Z  INFO agent::capteur::fenetre: fenêtre attachée au capteur session=w-2 sortie=\\.\DISPLAY5 largeur=1280 hauteur=720
2026-08-02T18:42:47.839264Z  INFO agent::capteur::fenetre: l'enfant a fermé le canal session=w-2 images=0
2026-08-02T18:42:47.839265Z  INFO agent::capteur::tube: attaché au capteur session=w-2 sortie=\\.\DISPLAY5 largeur=1280 hauteur=720
2026-08-02T18:42:47.839320Z  INFO agent::encode::arret: IMFShutdown::Shutdown : avant mft="encodeur"
2026-08-02T18:42:47.839320Z  INFO agent::capteur::distante: canal rattaché au capteur largeur=1280 hauteur=720
2026-08-02T18:42:47.839792Z  INFO agent::encode::arret: IMFShutdown::Shutdown : après mft="encodeur"
2026-08-02T18:42:47.854078Z  INFO agent::encode::arret: file de travail sérialisée imposée mft="encodeur" file=11207149
2026-08-02T18:42:47.854376Z  INFO agent::encode: convertisseur BGRA→NV12 (Video Processor MFT) configuré converter_provides_samples=true
2026-08-02T18:42:47.854724Z  INFO agent::capteur::fenetre: fenêtre attachée au capteur session=w-4 sortie=\\.\DISPLAY6 largeur=1280 hauteur=720
2026-08-02T18:42:47.854736Z  INFO agent::capteur::fenetre: l'enfant a fermé le canal session=w-4 images=0
2026-08-02T18:42:47.854741Z  INFO agent::capteur::tube: attaché au capteur session=w-4 sortie=\\.\DISPLAY6 largeur=1280 hauteur=720
2026-08-02T18:42:47.854788Z  INFO agent::encode::arret: IMFShutdown::Shutdown : avant mft="encodeur"
2026-08-02T18:42:47.854809Z  INFO agent::capteur::distante: canal rattaché au capteur largeur=1280 hauteur=720
2026-08-02T18:42:47.855431Z  INFO agent::encode::arret: IMFShutdown::Shutdown : après mft="encodeur"
2026-08-02T18:42:47.871739Z  WARN agent::capteur::serveur: DIAGNOSTIC : fil lecteur de commandes NON lancé
2026-08-02T18:42:47.872194Z  INFO agent::capture::ouverture: sortie retenue pour la duplication adaptateur=NVIDIA GeForce RTX 4070 index_adaptateur=0 index_sortie=1 nom_sortie=\\.\DISPLAY5 attachee=true
2026-08-02T18:42:47.875267Z  WARN agent::capteur::serveur: DIAGNOSTIC : fil lecteur de commandes NON lancé
2026-08-02T18:42:47.875557Z  INFO agent::capture::ouverture: sortie retenue pour la duplication adaptateur=NVIDIA GeForce RTX 4070 index_adaptateur=0 index_sortie=2 nom_sortie=\\.\DISPLAY6 attachee=true
2026-08-02T18:42:47.934543Z  INFO agent::capture::ouverture: protection multi-fils activée sur le contexte immédiat D3D11 protection_precedente=false
2026-08-02T18:42:47.934804Z  INFO agent::capture: duplication de sortie établie desktop_width=1280 desktop_height=720
2026-08-02T18:42:47.934844Z  INFO agent::encode: encodeur matériel retenu encodeur=NVIDIA H.264 Encoder MFT
2026-08-02T18:42:47.953185Z  INFO agent::capture::ouverture: protection multi-fils activée sur le contexte immédiat D3D11 protection_precedente=false
2026-08-02T18:42:47.953488Z  INFO agent::capture: duplication de sortie établie desktop_width=1280 desktop_height=720
2026-08-02T18:42:47.953528Z  INFO agent::encode: encodeur matériel retenu encodeur=NVIDIA H.264 Encoder MFT
2026-08-02T18:42:48.043028Z  INFO agent::encode::arret: file de travail sérialisée imposée mft="encodeur" file=11338227
2026-08-02T18:42:48.043254Z  INFO agent::encode: convertisseur BGRA→NV12 (Video Processor MFT) configuré converter_provides_samples=true
2026-08-02T18:42:48.043353Z  INFO agent::encode::arret: file de travail sérialisée imposée mft="encodeur" file=328177
2026-08-02T18:42:48.043538Z  INFO agent::encode: convertisseur BGRA→NV12 (Video Processor MFT) configuré converter_provides_samples=true
2026-08-02T18:42:48.043548Z  INFO agent::capteur::fenetre: fenêtre attachée au capteur session=w-4 sortie=\\.\DISPLAY6 largeur=1280 hauteur=720
2026-08-02T18:42:48.043556Z  INFO agent::capteur::fenetre: l'enfant a fermé le canal session=w-4 images=0
2026-08-02T18:42:48.043564Z  INFO agent::capteur::tube: attaché au capteur session=w-4 sortie=\\.\DISPLAY6 largeur=1280 hauteur=720
2026-08-02T18:42:48.043604Z  INFO agent::encode::arret: IMFShutdown::Shutdown : avant mft="encodeur"
2026-08-02T18:42:48.043637Z  INFO agent::capteur::distante: canal rattaché au capteur largeur=1280 hauteur=720
2026-08-02T18:42:48.043806Z  INFO agent::capteur::fenetre: fenêtre attachée au capteur session=w-2 sortie=\\.\DISPLAY5 largeur=1280 hauteur=720
2026-08-02T18:42:48.043818Z  INFO agent::capteur::fenetre: l'enfant a fermé le canal session=w-2 images=0
2026-08-02T18:42:48.043817Z  INFO agent::capteur::tube: attaché au capteur session=w-2 sortie=\\.\DISPLAY5 largeur=1280 hauteur=720
2026-08-02T18:42:48.043852Z  INFO agent::capteur::distante: canal rattaché au capteur largeur=1280 hauteur=720
2026-08-02T18:42:48.043862Z  INFO agent::encode::arret: IMFShutdown::Shutdown : avant mft="encodeur"
2026-08-02T18:42:48.044251Z  INFO agent::encode::arret: IMFShutdown::Shutdown : après mft="encodeur"
2026-08-02T18:42:48.044537Z  INFO agent::encode::arret: IMFShutdown::Shutdown : après mft="encodeur"
2026-08-02T18:42:48.066835Z  WARN agent::capteur::serveur: DIAGNOSTIC : fil lecteur de commandes NON lancé
2026-08-02T18:42:48.067307Z  INFO agent::capture::ouverture: sortie retenue pour la duplication adaptateur=NVIDIA GeForce RTX 4070 index_adaptateur=0 index_sortie=1 nom_sortie=\\.\DISPLAY5 attachee=true
2026-08-02T18:42:48.074246Z  WARN agent::capteur::serveur: DIAGNOSTIC : fil lecteur de commandes NON lancé
2026-08-02T18:42:48.074551Z  INFO agent::capture::ouverture: sortie retenue pour la duplication adaptateur=NVIDIA GeForce RTX 4070 index_adaptateur=0 index_sortie=2 nom_sortie=\\.\DISPLAY6 attachee=true
2026-08-02T18:42:48.129478Z  INFO agent::capture::ouverture: protection multi-fils activée sur le contexte immédiat D3D11 protection_precedente=false
2026-08-02T18:42:48.129728Z  INFO agent::capture: duplication de sortie établie desktop_width=1280 desktop_height=720
2026-08-02T18:42:48.129768Z  INFO agent::encode: encodeur matériel retenu encodeur=NVIDIA H.264 Encoder MFT
2026-08-02T18:42:48.146888Z  INFO agent::capture::ouverture: protection multi-fils activée sur le contexte immédiat D3D11 protection_precedente=false
2026-08-02T18:42:48.147162Z  INFO agent::capture: duplication de sortie établie desktop_width=1280 desktop_height=720
2026-08-02T18:42:48.147202Z  INFO agent::encode: encodeur matériel retenu encodeur=NVIDIA H.264 Encoder MFT
2026-08-02T18:42:48.233881Z  INFO agent::encode::arret: file de travail sérialisée imposée mft="encodeur" file=11469305
2026-08-02T18:42:48.234091Z  INFO agent::encode::arret: file de travail sérialisée imposée mft="encodeur" file=328183
2026-08-02T18:42:48.234112Z  INFO agent::encode: convertisseur BGRA→NV12 (Video Processor MFT) configuré converter_provides_samples=true
2026-08-02T18:42:48.234272Z  INFO agent::encode: convertisseur BGRA→NV12 (Video Processor MFT) configuré converter_provides_samples=true
2026-08-02T18:42:48.234371Z  INFO agent::capteur::fenetre: fenêtre attachée au capteur session=w-4 sortie=\\.\DISPLAY6 largeur=1280 hauteur=720
2026-08-02T18:42:48.234380Z  INFO agent::capteur::fenetre: l'enfant a fermé le canal session=w-4 images=0
2026-08-02T18:42:48.234385Z  INFO agent::capteur::tube: attaché au capteur session=w-4 sortie=\\.\DISPLAY6 largeur=1280 hauteur=720
2026-08-02T18:42:48.234436Z  INFO agent::encode::arret: IMFShutdown::Shutdown : avant mft="encodeur"
2026-08-02T18:42:48.234438Z  INFO agent::capteur::distante: canal rattaché au capteur largeur=1280 hauteur=720
2026-08-02T18:42:48.234525Z  INFO agent::capteur::fenetre: fenêtre attachée au capteur session=w-2 sortie=\\.\DISPLAY5 largeur=1280 hauteur=720
2026-08-02T18:42:48.234536Z  INFO agent::capteur::fenetre: l'enfant a fermé le canal session=w-2 images=0
2026-08-02T18:42:48.234539Z  INFO agent::capteur::tube: attaché au capteur session=w-2 sortie=\\.\DISPLAY5 largeur=1280 hauteur=720
2026-08-02T18:42:48.234583Z  INFO agent::encode::arret: IMFShutdown::Shutdown : avant mft="encodeur"
2026-08-02T18:42:48.234591Z  INFO agent::capteur::distante: canal rattaché au capteur largeur=1280 hauteur=720
2026-08-02T18:42:48.234975Z  INFO agent::encode::arret: IMFShutdown::Shutdown : après mft="encodeur"
2026-08-02T18:42:48.235182Z  INFO agent::encode::arret: IMFShutdown::Shutdown : après mft="encodeur"
2026-08-02T18:42:48.255090Z  WARN agent::capteur::serveur: DIAGNOSTIC : fil lecteur de commandes NON lancé
2026-08-02T18:42:48.255618Z  INFO agent::capture::ouverture: sortie retenue pour la duplication adaptateur=NVIDIA GeForce RTX 4070 index_adaptateur=0 index_sortie=1 nom_sortie=\\.\DISPLAY5 attachee=true
2026-08-02T18:42:48.265115Z  WARN agent::capteur::serveur: DIAGNOSTIC : fil lecteur de commandes NON lancé
2026-08-02T18:42:48.265491Z  INFO agent::capture::ouverture: sortie retenue pour la duplication adaptateur=NVIDIA GeForce RTX 4070 index_adaptateur=0 index_sortie=2 nom_sortie=\\.\DISPLAY6 attachee=true
2026-08-02T18:42:48.323010Z  INFO agent::capture::ouverture: protection multi-fils activée sur le contexte immédiat D3D11 protection_precedente=false
2026-08-02T18:42:48.323254Z  INFO agent::capture: duplication de sortie établie desktop_width=1280 desktop_height=720
2026-08-02T18:42:48.323293Z  INFO agent::encode: encodeur matériel retenu encodeur=NVIDIA H.264 Encoder MFT
2026-08-02T18:42:48.340103Z  INFO agent::capture::ouverture: protection multi-fils activée sur le contexte immédiat D3D11 protection_precedente=false
2026-08-02T18:42:48.340328Z  INFO agent::capture: duplication de sortie établie desktop_width=1280 desktop_height=720
2026-08-02T18:42:48.340370Z  INFO agent::encode: encodeur matériel retenu encodeur=NVIDIA H.264 Encoder MFT
2026-08-02T18:42:48.419482Z  INFO agent::encode::arret: file de travail sérialisée imposée mft="encodeur" file=328189
2026-08-02T18:42:48.419704Z  INFO agent::encode: convertisseur BGRA→NV12 (Video Processor MFT) configuré converter_provides_samples=true
2026-08-02T18:42:48.420049Z  INFO agent::capteur::fenetre: fenêtre attachée au capteur session=w-2 sortie=\\.\DISPLAY5 largeur=1280 hauteur=720
2026-08-02T18:42:48.420062Z  INFO agent::capteur::fenetre: l'enfant a fermé le canal session=w-2 images=0
2026-08-02T18:42:48.420065Z  INFO agent::capteur::tube: attaché au capteur session=w-2 sortie=\\.\DISPLAY5 largeur=1280 hauteur=720
2026-08-02T18:42:48.420112Z  INFO agent::encode::arret: IMFShutdown::Shutdown : avant mft="encodeur"
2026-08-02T18:42:48.420115Z  INFO agent::capteur::distante: canal rattaché au capteur largeur=1280 hauteur=720
2026-08-02T18:42:48.420638Z  INFO agent::encode::arret: IMFShutdown::Shutdown : après mft="encodeur"
2026-08-02T18:42:48.432642Z  INFO agent::encode::arret: file de travail sérialisée imposée mft="encodeur" file=11600383
2026-08-02T18:42:48.432890Z  INFO agent::encode: convertisseur BGRA→NV12 (Video Processor MFT) configuré converter_provides_samples=true
2026-08-02T18:42:48.433215Z  INFO agent::capteur::fenetre: fenêtre attachée au capteur session=w-4 sortie=\\.\DISPLAY6 largeur=1280 hauteur=720
2026-08-02T18:42:48.433224Z  INFO agent::capteur::fenetre: l'enfant a fermé le canal session=w-4 images=0
2026-08-02T18:42:48.433232Z  INFO agent::capteur::tube: attaché au capteur session=w-4 sortie=\\.\DISPLAY6 largeur=1280 hauteur=720
2026-08-02T18:42:48.433264Z  INFO agent::encode::arret: IMFShutdown::Shutdown : avant mft="encodeur"
2026-08-02T18:42:48.433283Z  INFO agent::capteur::distante: canal rattaché au capteur largeur=1280 hauteur=720
2026-08-02T18:42:48.433855Z  INFO agent::encode::arret: IMFShutdown::Shutdown : après mft="encodeur"
2026-08-02T18:42:48.451605Z  WARN agent::capteur::serveur: DIAGNOSTIC : fil lecteur de commandes NON lancé
2026-08-02T18:42:48.452030Z  INFO agent::capture::ouverture: sortie retenue pour la duplication adaptateur=NVIDIA GeForce RTX 4070 index_adaptateur=0 index_sortie=1 nom_sortie=\\.\DISPLAY5 attachee=true
2026-08-02T18:42:48.453668Z  WARN agent::capteur::serveur: DIAGNOSTIC : fil lecteur de commandes NON lancé
2026-08-02T18:42:48.453970Z  INFO agent::capture::ouverture: sortie retenue pour la duplication adaptateur=NVIDIA GeForce RTX 4070 index_adaptateur=0 index_sortie=2 nom_sortie=\\.\DISPLAY6 attachee=true
2026-08-02T18:42:48.512890Z  INFO agent::capture::ouverture: protection multi-fils activée sur le contexte immédiat D3D11 protection_precedente=false
2026-08-02T18:42:48.513120Z  INFO agent::capture: duplication de sortie établie desktop_width=1280 desktop_height=720
2026-08-02T18:42:48.513166Z  INFO agent::encode: encodeur matériel retenu encodeur=NVIDIA H.264 Encoder MFT
2026-08-02T18:42:48.530382Z  INFO agent::capture::ouverture: protection multi-fils activée sur le contexte immédiat D3D11 protection_precedente=false
2026-08-02T18:42:48.530618Z  INFO agent::capture: duplication de sortie établie desktop_width=1280 desktop_height=720
2026-08-02T18:42:48.530659Z  INFO agent::encode: encodeur matériel retenu encodeur=NVIDIA H.264 Encoder MFT
2026-08-02T18:42:48.620164Z  INFO agent::encode::arret: file de travail sérialisée imposée mft="encodeur" file=11731461
2026-08-02T18:42:48.620397Z  INFO agent::encode: convertisseur BGRA→NV12 (Video Processor MFT) configuré converter_provides_samples=true
2026-08-02T18:42:48.620431Z  INFO agent::encode::arret: file de travail sérialisée imposée mft="encodeur" file=328195
2026-08-02T18:42:48.620628Z  INFO agent::encode: convertisseur BGRA→NV12 (Video Processor MFT) configuré converter_provides_samples=true
2026-08-02T18:42:48.620675Z  INFO agent::capteur::fenetre: fenêtre attachée au capteur session=w-4 sortie=\\.\DISPLAY6 largeur=1280 hauteur=720
2026-08-02T18:42:48.620686Z  INFO agent::capteur::fenetre: l'enfant a fermé le canal session=w-4 images=0
2026-08-02T18:42:48.620689Z  INFO agent::capteur::tube: attaché au capteur session=w-4 sortie=\\.\DISPLAY6 largeur=1280 hauteur=720
2026-08-02T18:42:48.620741Z  INFO agent::capteur::distante: canal rattaché au capteur largeur=1280 hauteur=720
2026-08-02T18:42:48.620745Z  INFO agent::encode::arret: IMFShutdown::Shutdown : avant mft="encodeur"
2026-08-02T18:42:48.620905Z  INFO agent::capteur::fenetre: fenêtre attachée au capteur session=w-2 sortie=\\.\DISPLAY5 largeur=1280 hauteur=720
2026-08-02T18:42:48.620916Z  INFO agent::capteur::tube: attaché au capteur session=w-2 sortie=\\.\DISPLAY5 largeur=1280 hauteur=720
2026-08-02T18:42:48.620919Z  INFO agent::capteur::fenetre: l'enfant a fermé le canal session=w-2 images=0
2026-08-02T18:42:48.620951Z  INFO agent::capteur::distante: canal rattaché au capteur largeur=1280 hauteur=720
2026-08-02T18:42:48.620961Z  INFO agent::encode::arret: IMFShutdown::Shutdown : avant mft="encodeur"
2026-08-02T18:42:48.621374Z  INFO agent::encode::arret: IMFShutdown::Shutdown : après mft="encodeur"
2026-08-02T18:42:48.621587Z  INFO agent::encode::arret: IMFShutdown::Shutdown : après mft="encodeur"
2026-08-02T18:42:48.640983Z  WARN agent::capteur::serveur: DIAGNOSTIC : fil lecteur de commandes NON lancé
2026-08-02T18:42:48.641945Z  INFO agent::capture::ouverture: sortie retenue pour la duplication adaptateur=NVIDIA GeForce RTX 4070 index_adaptateur=0 index_sortie=2 nom_sortie=\\.\DISPLAY6 attachee=true
2026-08-02T18:42:48.651697Z  WARN agent::capteur::serveur: DIAGNOSTIC : fil lecteur de commandes NON lancé
2026-08-02T18:42:48.652051Z  INFO agent::capture::ouverture: sortie retenue pour la duplication adaptateur=NVIDIA GeForce RTX 4070 index_adaptateur=0 index_sortie=1 nom_sortie=\\.\DISPLAY5 attachee=true
2026-08-02T18:42:48.706366Z  INFO agent::capture::ouverture: protection multi-fils activée sur le contexte immédiat D3D11 protection_precedente=false
2026-08-02T18:42:48.706647Z  INFO agent::capture: duplication de sortie établie desktop_width=1280 desktop_height=720
2026-08-02T18:42:48.706710Z  INFO agent::encode: encodeur matériel retenu encodeur=NVIDIA H.264 Encoder MFT
2026-08-02T18:42:48.724378Z  INFO agent::capture::ouverture: protection multi-fils activée sur le contexte immédiat D3D11 protection_precedente=false
2026-08-02T18:42:48.724613Z  INFO agent::capture: duplication de sortie établie desktop_width=1280 desktop_height=720
2026-08-02T18:42:48.724655Z  INFO agent::encode: encodeur matériel retenu encodeur=NVIDIA H.264 Encoder MFT
2026-08-02T18:42:48.811099Z  INFO agent::encode::arret: file de travail sérialisée imposée mft="encodeur" file=328201
2026-08-02T18:42:48.811325Z  INFO agent::encode: convertisseur BGRA→NV12 (Video Processor MFT) configuré converter_provides_samples=true
2026-08-02T18:42:48.811404Z  INFO agent::encode::arret: file de travail sérialisée imposée mft="encodeur" file=11862539
2026-08-02T18:42:48.811620Z  INFO agent::encode: convertisseur BGRA→NV12 (Video Processor MFT) configuré converter_provides_samples=true
2026-08-02T18:42:48.811625Z  INFO agent::capteur::fenetre: fenêtre attachée au capteur session=w-4 sortie=\\.\DISPLAY6 largeur=1280 hauteur=720
2026-08-02T18:42:48.811636Z  INFO agent::capteur::fenetre: l'enfant a fermé le canal session=w-4 images=0
2026-08-02T18:42:48.811639Z  INFO agent::capteur::tube: attaché au capteur session=w-4 sortie=\\.\DISPLAY6 largeur=1280 hauteur=720
2026-08-02T18:42:48.811683Z  INFO agent::encode::arret: IMFShutdown::Shutdown : avant mft="encodeur"
2026-08-02T18:42:48.811690Z  INFO agent::capteur::distante: canal rattaché au capteur largeur=1280 hauteur=720
2026-08-02T18:42:48.811921Z  INFO agent::capteur::fenetre: fenêtre attachée au capteur session=w-2 sortie=\\.\DISPLAY5 largeur=1280 hauteur=720
2026-08-02T18:42:48.811934Z  INFO agent::capteur::fenetre: l'enfant a fermé le canal session=w-2 images=0
2026-08-02T18:42:48.811932Z  INFO agent::capteur::tube: attaché au capteur session=w-2 sortie=\\.\DISPLAY5 largeur=1280 hauteur=720
2026-08-02T18:42:48.811974Z  INFO agent::capteur::distante: canal rattaché au capteur largeur=1280 hauteur=720
2026-08-02T18:42:48.811978Z  INFO agent::encode::arret: IMFShutdown::Shutdown : avant mft="encodeur"
2026-08-02T18:42:48.812221Z  INFO agent::encode::arret: IMFShutdown::Shutdown : après mft="encodeur"
2026-08-02T18:42:48.812597Z  INFO agent::encode::arret: IMFShutdown::Shutdown : après mft="encodeur"
2026-08-02T18:42:48.832547Z  WARN agent::capteur::serveur: DIAGNOSTIC : fil lecteur de commandes NON lancé
2026-08-02T18:42:48.833047Z  INFO agent::capture::ouverture: sortie retenue pour la duplication adaptateur=NVIDIA GeForce RTX 4070 index_adaptateur=0 index_sortie=2 nom_sortie=\\.\DISPLAY6 attachee=true
2026-08-02T18:42:48.843168Z  WARN agent::capteur::serveur: DIAGNOSTIC : fil lecteur de commandes NON lancé
2026-08-02T18:42:48.843551Z  INFO agent::capture::ouverture: sortie retenue pour la duplication adaptateur=NVIDIA GeForce RTX 4070 index_adaptateur=0 index_sortie=1 nom_sortie=\\.\DISPLAY5 attachee=true
2026-08-02T18:42:48.895053Z  INFO agent::capture::ouverture: protection multi-fils activée sur le contexte immédiat D3D11 protection_precedente=false
2026-08-02T18:42:48.895298Z  INFO agent::capture: duplication de sortie établie desktop_width=1280 desktop_height=720
2026-08-02T18:42:48.895338Z  INFO agent::encode: encodeur matériel retenu encodeur=NVIDIA H.264 Encoder MFT
2026-08-02T18:42:48.913857Z  INFO agent::capture::ouverture: protection multi-fils activée sur le contexte immédiat D3D11 protection_precedente=false
2026-08-02T18:42:48.914140Z  INFO agent::capture: duplication de sortie établie desktop_width=1280 desktop_height=720
2026-08-02T18:42:48.914188Z  INFO agent::encode: encodeur matériel retenu encodeur=NVIDIA H.264 Encoder MFT
2026-08-02T18:42:49.001784Z  INFO agent::encode::arret: file de travail sérialisée imposée mft="encodeur" file=328207
2026-08-02T18:42:49.002013Z  INFO agent::encode: convertisseur BGRA→NV12 (Video Processor MFT) configuré converter_provides_samples=true
2026-08-02T18:42:49.002279Z  INFO agent::capteur::fenetre: fenêtre attachée au capteur session=w-4 sortie=\\.\DISPLAY6 largeur=1280 hauteur=720
2026-08-02T18:42:49.002289Z  INFO agent::capteur::fenetre: l'enfant a fermé le canal session=w-4 images=0
2026-08-02T18:42:49.002305Z  INFO agent::capteur::tube: attaché au capteur session=w-4 sortie=\\.\DISPLAY6 largeur=1280 hauteur=720
2026-08-02T18:42:49.002348Z  INFO agent::encode::arret: IMFShutdown::Shutdown : avant mft="encodeur"
2026-08-02T18:42:49.002372Z  INFO agent::capteur::distante: canal rattaché au capteur largeur=1280 hauteur=720
2026-08-02T18:42:49.002552Z  INFO agent::encode::arret: file de travail sérialisée imposée mft="encodeur" file=11993617
2026-08-02T18:42:49.002787Z  INFO agent::encode: convertisseur BGRA→NV12 (Video Processor MFT) configuré converter_provides_samples=true
2026-08-02T18:42:49.002796Z  INFO agent::encode::arret: IMFShutdown::Shutdown : après mft="encodeur"
2026-08-02T18:42:49.003052Z  INFO agent::capteur::fenetre: fenêtre attachée au capteur session=w-2 sortie=\\.\DISPLAY5 largeur=1280 hauteur=720
2026-08-02T18:42:49.003064Z  INFO agent::capteur::fenetre: l'enfant a fermé le canal session=w-2 images=0
2026-08-02T18:42:49.003062Z  INFO agent::capteur::tube: attaché au capteur session=w-2 sortie=\\.\DISPLAY5 largeur=1280 hauteur=720
2026-08-02T18:42:49.003100Z  INFO agent::encode::arret: IMFShutdown::Shutdown : avant mft="encodeur"
2026-08-02T18:42:49.003102Z  INFO agent::capteur::distante: canal rattaché au capteur largeur=1280 hauteur=720
2026-08-02T18:42:49.003755Z  INFO agent::encode::arret: IMFShutdown::Shutdown : après mft="encodeur"
2026-08-02T18:42:49.023151Z  WARN agent::capteur::serveur: DIAGNOSTIC : fil lecteur de commandes NON lancé
2026-08-02T18:42:49.023556Z  INFO agent::capture::ouverture: sortie retenue pour la duplication adaptateur=NVIDIA GeForce RTX 4070 index_adaptateur=0 index_sortie=2 nom_sortie=\\.\DISPLAY6 attachee=true
2026-08-02T18:42:49.033849Z  WARN agent::capteur::serveur: DIAGNOSTIC : fil lecteur de commandes NON lancé
2026-08-02T18:42:49.034216Z  INFO agent::capture::ouverture: sortie retenue pour la duplication adaptateur=NVIDIA GeForce RTX 4070 index_adaptateur=0 index_sortie=1 nom_sortie=\\.\DISPLAY5 attachee=true
2026-08-02T18:42:49.086102Z  INFO agent::capture::ouverture: protection multi-fils activée sur le contexte immédiat D3D11 protection_precedente=false
2026-08-02T18:42:49.086328Z  INFO agent::capture: duplication de sortie établie desktop_width=1280 desktop_height=720
2026-08-02T18:42:49.086372Z  INFO agent::encode: encodeur matériel retenu encodeur=NVIDIA H.264 Encoder MFT
2026-08-02T18:42:49.104093Z  INFO agent::capture::ouverture: protection multi-fils activée sur le contexte immédiat D3D11 protection_precedente=false
2026-08-02T18:42:49.104349Z  INFO agent::capture: duplication de sortie établie desktop_width=1280 desktop_height=720
2026-08-02T18:42:49.104392Z  INFO agent::encode: encodeur matériel retenu encodeur=NVIDIA H.264 Encoder MFT
2026-08-02T18:42:49.180666Z  INFO agent::encode::arret: file de travail sérialisée imposée mft="encodeur" file=328213
2026-08-02T18:42:49.180884Z  INFO agent::encode: convertisseur BGRA→NV12 (Video Processor MFT) configuré converter_provides_samples=true
2026-08-02T18:42:49.181158Z  INFO agent::capteur::fenetre: fenêtre attachée au capteur session=w-4 sortie=\\.\DISPLAY6 largeur=1280 hauteur=720
2026-08-02T18:42:49.181168Z  INFO agent::capteur::fenetre: l'enfant a fermé le canal session=w-4 images=0
2026-08-02T18:42:49.181203Z  INFO agent::capteur::tube: attaché au capteur session=w-4 sortie=\\.\DISPLAY6 largeur=1280 hauteur=720
2026-08-02T18:42:49.181213Z  INFO agent::encode::arret: IMFShutdown::Shutdown : avant mft="encodeur"
2026-08-02T18:42:49.181257Z  INFO agent::capteur::distante: canal rattaché au capteur largeur=1280 hauteur=720
2026-08-02T18:42:49.181785Z  INFO agent::encode::arret: IMFShutdown::Shutdown : après mft="encodeur"
2026-08-02T18:42:49.196205Z  INFO agent::encode::arret: file de travail sérialisée imposée mft="encodeur" file=12124695
2026-08-02T18:42:49.196433Z  INFO agent::encode: convertisseur BGRA→NV12 (Video Processor MFT) configuré converter_provides_samples=true
2026-08-02T18:42:49.196827Z  INFO agent::capteur::fenetre: fenêtre attachée au capteur session=w-2 sortie=\\.\DISPLAY5 largeur=1280 hauteur=720
2026-08-02T18:42:49.196840Z  INFO agent::capteur::fenetre: l'enfant a fermé le canal session=w-2 images=0
2026-08-02T18:42:49.196842Z  INFO agent::capteur::tube: attaché au capteur session=w-2 sortie=\\.\DISPLAY5 largeur=1280 hauteur=720
2026-08-02T18:42:49.196894Z  INFO agent::encode::arret: IMFShutdown::Shutdown : avant mft="encodeur"
2026-08-02T18:42:49.196901Z  INFO agent::capteur::distante: canal rattaché au capteur largeur=1280 hauteur=720
2026-08-02T18:42:49.197536Z  INFO agent::encode::arret: IMFShutdown::Shutdown : après mft="encodeur"
2026-08-02T18:42:49.218560Z  WARN agent::capteur::serveur: DIAGNOSTIC : fil lecteur de commandes NON lancé
2026-08-02T18:42:49.219052Z  INFO agent::capture::ouverture: sortie retenue pour la duplication adaptateur=NVIDIA GeForce RTX 4070 index_adaptateur=0 index_sortie=2 nom_sortie=\\.\DISPLAY6 attachee=true
2026-08-02T18:42:49.227455Z  WARN agent::capteur::serveur: DIAGNOSTIC : fil lecteur de commandes NON lancé
2026-08-02T18:42:49.227761Z  INFO agent::capture::ouverture: sortie retenue pour la duplication adaptateur=NVIDIA GeForce RTX 4070 index_adaptateur=0 index_sortie=1 nom_sortie=\\.\DISPLAY5 attachee=true
2026-08-02T18:42:49.283724Z  INFO agent::capture::ouverture: protection multi-fils activée sur le contexte immédiat D3D11 protection_precedente=false
2026-08-02T18:42:49.283959Z  INFO agent::capture: duplication de sortie établie desktop_width=1280 desktop_height=720
2026-08-02T18:42:49.283996Z  INFO agent::encode: encodeur matériel retenu encodeur=NVIDIA H.264 Encoder MFT
2026-08-02T18:42:49.300853Z  INFO agent::capture::ouverture: protection multi-fils activée sur le contexte immédiat D3D11 protection_precedente=false
2026-08-02T18:42:49.301072Z  INFO agent::capture: duplication de sortie établie desktop_width=1280 desktop_height=720
2026-08-02T18:42:49.301115Z  INFO agent::encode: encodeur matériel retenu encodeur=NVIDIA H.264 Encoder MFT
2026-08-02T18:42:49.387594Z  INFO agent::encode::arret: file de travail sérialisée imposée mft="encodeur" file=328219
2026-08-02T18:42:49.387815Z  INFO agent::encode: convertisseur BGRA→NV12 (Video Processor MFT) configuré converter_provides_samples=true
2026-08-02T18:42:49.387842Z  INFO agent::encode::arret: file de travail sérialisée imposée mft="encodeur" file=12255773
2026-08-02T18:42:49.388022Z  INFO agent::encode: convertisseur BGRA→NV12 (Video Processor MFT) configuré converter_provides_samples=true
2026-08-02T18:42:49.388071Z  INFO agent::capteur::fenetre: fenêtre attachée au capteur session=w-4 sortie=\\.\DISPLAY6 largeur=1280 hauteur=720
2026-08-02T18:42:49.388080Z  INFO agent::capteur::fenetre: l'enfant a fermé le canal session=w-4 images=0
2026-08-02T18:42:49.388084Z  INFO agent::capteur::tube: attaché au capteur session=w-4 sortie=\\.\DISPLAY6 largeur=1280 hauteur=720
2026-08-02T18:42:49.388133Z  INFO agent::capteur::distante: canal rattaché au capteur largeur=1280 hauteur=720
2026-08-02T18:42:49.388136Z  INFO agent::encode::arret: IMFShutdown::Shutdown : avant mft="encodeur"
2026-08-02T18:42:49.388141Z  INFO agent::transport::cadence_video: cadence de la piste vidéo (côté enfant) session=w-4 unites=0 cadence="0.0"
2026-08-02T18:42:49.388278Z  INFO agent::capteur::tube: attaché au capteur session=w-2 sortie=\\.\DISPLAY5 largeur=1280 hauteur=720
2026-08-02T18:42:49.388272Z  INFO agent::capteur::fenetre: fenêtre attachée au capteur session=w-2 sortie=\\.\DISPLAY5 largeur=1280 hauteur=720
2026-08-02T18:42:49.388307Z  INFO agent::capteur::fenetre: l'enfant a fermé le canal session=w-2 images=0
2026-08-02T18:42:49.388312Z  INFO agent::capteur::distante: canal rattaché au capteur largeur=1280 hauteur=720
2026-08-02T18:42:49.388351Z  INFO agent::encode::arret: IMFShutdown::Shutdown : avant mft="encodeur"
2026-08-02T18:42:49.388770Z  INFO agent::encode::arret: IMFShutdown::Shutdown : après mft="encodeur"
2026-08-02T18:42:49.388990Z  INFO agent::encode::arret: IMFShutdown::Shutdown : après mft="encodeur"
2026-08-02T18:42:49.408504Z  WARN agent::capteur::serveur: DIAGNOSTIC : fil lecteur de commandes NON lancé
2026-08-02T18:42:49.417063Z  INFO agent::capture::ouverture: sortie retenue pour la duplication adaptateur=NVIDIA GeForce RTX 4070 index_adaptateur=0 index_sortie=2 nom_sortie=\\.\DISPLAY6 attachee=true
2026-08-02T18:42:49.418778Z  WARN agent::capteur::serveur: DIAGNOSTIC : fil lecteur de commandes NON lancé
2026-08-02T18:42:49.419060Z  INFO agent::capture::ouverture: sortie retenue pour la duplication adaptateur=NVIDIA GeForce RTX 4070 index_adaptateur=0 index_sortie=1 nom_sortie=\\.\DISPLAY5 attachee=true
2026-08-02T18:42:49.477761Z  INFO agent::capture::ouverture: protection multi-fils activée sur le contexte immédiat D3D11 protection_precedente=false
2026-08-02T18:42:49.477996Z  INFO agent::capture: duplication de sortie établie desktop_width=1280 desktop_height=720
2026-08-02T18:42:49.478035Z  INFO agent::encode: encodeur matériel retenu encodeur=NVIDIA H.264 Encoder MFT
2026-08-02T18:42:49.495485Z  INFO agent::capture::ouverture: protection multi-fils activée sur le contexte immédiat D3D11 protection_precedente=false
2026-08-02T18:42:49.495773Z  INFO agent::capture: duplication de sortie établie desktop_width=1280 desktop_height=720
2026-08-02T18:42:49.495814Z  INFO agent::encode: encodeur matériel retenu encodeur=NVIDIA H.264 Encoder MFT
2026-08-02T18:42:49.584579Z  INFO agent::encode::arret: file de travail sérialisée imposée mft="encodeur" file=328225
2026-08-02T18:42:49.584813Z  INFO agent::encode::arret: file de travail sérialisée imposée mft="encodeur" file=12386851
2026-08-02T18:42:49.584822Z  INFO agent::encode: convertisseur BGRA→NV12 (Video Processor MFT) configuré converter_provides_samples=true
2026-08-02T18:42:49.584991Z  INFO agent::encode: convertisseur BGRA→NV12 (Video Processor MFT) configuré converter_provides_samples=true
2026-08-02T18:42:49.585084Z  INFO agent::capteur::fenetre: fenêtre attachée au capteur session=w-4 sortie=\\.\DISPLAY6 largeur=1280 hauteur=720
2026-08-02T18:42:49.585094Z  INFO agent::capteur::fenetre: l'enfant a fermé le canal session=w-4 images=0
2026-08-02T18:42:49.585096Z  INFO agent::capteur::tube: attaché au capteur session=w-4 sortie=\\.\DISPLAY6 largeur=1280 hauteur=720
2026-08-02T18:42:49.585137Z  INFO agent::encode::arret: IMFShutdown::Shutdown : avant mft="encodeur"
2026-08-02T18:42:49.585146Z  INFO agent::capteur::distante: canal rattaché au capteur largeur=1280 hauteur=720
2026-08-02T18:42:49.585280Z  INFO agent::capteur::tube: attaché au capteur session=w-2 sortie=\\.\DISPLAY5 largeur=1280 hauteur=720
2026-08-02T18:42:49.585267Z  INFO agent::capteur::fenetre: fenêtre attachée au capteur session=w-2 sortie=\\.\DISPLAY5 largeur=1280 hauteur=720
2026-08-02T18:42:49.585304Z  INFO agent::capteur::fenetre: l'enfant a fermé le canal session=w-2 images=0
2026-08-02T18:42:49.585336Z  INFO agent::capteur::distante: canal rattaché au capteur largeur=1280 hauteur=720
2026-08-02T18:42:49.585359Z  INFO agent::encode::arret: IMFShutdown::Shutdown : avant mft="encodeur"
2026-08-02T18:42:49.585756Z  INFO agent::encode::arret: IMFShutdown::Shutdown : après mft="encodeur"
2026-08-02T18:42:49.586032Z  INFO agent::encode::arret: IMFShutdown::Shutdown : après mft="encodeur"
2026-08-02T18:42:49.605963Z  WARN agent::capteur::serveur: DIAGNOSTIC : fil lecteur de commandes NON lancé
2026-08-02T18:42:49.606448Z  INFO agent::capture::ouverture: sortie retenue pour la duplication adaptateur=NVIDIA GeForce RTX 4070 index_adaptateur=0 index_sortie=2 nom_sortie=\\.\DISPLAY6 attachee=true
2026-08-02T18:42:49.615672Z  WARN agent::capteur::serveur: DIAGNOSTIC : fil lecteur de commandes NON lancé
2026-08-02T18:42:49.615945Z  INFO agent::capture::ouverture: sortie retenue pour la duplication adaptateur=NVIDIA GeForce RTX 4070 index_adaptateur=0 index_sortie=1 nom_sortie=\\.\DISPLAY5 attachee=true
2026-08-02T18:42:49.673144Z  INFO agent::capture::ouverture: protection multi-fils activée sur le contexte immédiat D3D11 protection_precedente=false
2026-08-02T18:42:49.673398Z  INFO agent::capture: duplication de sortie établie desktop_width=1280 desktop_height=720
2026-08-02T18:42:49.673437Z  INFO agent::encode: encodeur matériel retenu encodeur=NVIDIA H.264 Encoder MFT
2026-08-02T18:42:49.691221Z  INFO agent::capture::ouverture: protection multi-fils activée sur le contexte immédiat D3D11 protection_precedente=false
2026-08-02T18:42:49.691483Z  INFO agent::capture: duplication de sortie établie desktop_width=1280 desktop_height=720
2026-08-02T18:42:49.691530Z  INFO agent::encode: encodeur matériel retenu encodeur=NVIDIA H.264 Encoder MFT
2026-08-02T18:42:49.777776Z  INFO agent::encode::arret: file de travail sérialisée imposée mft="encodeur" file=328231
2026-08-02T18:42:49.777979Z  INFO agent::encode::arret: file de travail sérialisée imposée mft="encodeur" file=12517929
2026-08-02T18:42:49.778003Z  INFO agent::encode: convertisseur BGRA→NV12 (Video Processor MFT) configuré converter_provides_samples=true
2026-08-02T18:42:49.778163Z  INFO agent::encode: convertisseur BGRA→NV12 (Video Processor MFT) configuré converter_provides_samples=true
2026-08-02T18:42:49.778276Z  INFO agent::capteur::fenetre: fenêtre attachée au capteur session=w-4 sortie=\\.\DISPLAY6 largeur=1280 hauteur=720
2026-08-02T18:42:49.778286Z  INFO agent::capteur::fenetre: l'enfant a fermé le canal session=w-4 images=0
2026-08-02T18:42:49.778290Z  INFO agent::capteur::tube: attaché au capteur session=w-4 sortie=\\.\DISPLAY6 largeur=1280 hauteur=720
2026-08-02T18:42:49.778330Z  INFO agent::encode::arret: IMFShutdown::Shutdown : avant mft="encodeur"
2026-08-02T18:42:49.778347Z  INFO agent::capteur::distante: canal rattaché au capteur largeur=1280 hauteur=720
2026-08-02T18:42:49.778397Z  INFO agent::capteur::fenetre: fenêtre attachée au capteur session=w-2 sortie=\\.\DISPLAY5 largeur=1280 hauteur=720
2026-08-02T18:42:49.778408Z  INFO agent::capteur::fenetre: l'enfant a fermé le canal session=w-2 images=0
2026-08-02T18:42:49.778409Z  INFO agent::capteur::tube: attaché au capteur session=w-2 sortie=\\.\DISPLAY5 largeur=1280 hauteur=720
2026-08-02T18:42:49.778443Z  INFO agent::encode::arret: IMFShutdown::Shutdown : avant mft="encodeur"
2026-08-02T18:42:49.778460Z  INFO agent::capteur::distante: canal rattaché au capteur largeur=1280 hauteur=720
2026-08-02T18:42:49.779013Z  INFO agent::encode::arret: IMFShutdown::Shutdown : après mft="encodeur"
2026-08-02T18:42:49.779156Z  INFO agent::encode::arret: IMFShutdown::Shutdown : après mft="encodeur"
2026-08-02T18:42:49.799023Z  WARN agent::capteur::serveur: DIAGNOSTIC : fil lecteur de commandes NON lancé
2026-08-02T18:42:49.799511Z  INFO agent::capture::ouverture: sortie retenue pour la duplication adaptateur=NVIDIA GeForce RTX 4070 index_adaptateur=0 index_sortie=2 nom_sortie=\\.\DISPLAY6 attachee=true
2026-08-02T18:42:49.809630Z  WARN agent::capteur::serveur: DIAGNOSTIC : fil lecteur de commandes NON lancé
2026-08-02T18:42:49.809970Z  INFO agent::capture::ouverture: sortie retenue pour la duplication adaptateur=NVIDIA GeForce RTX 4070 index_adaptateur=0 index_sortie=1 nom_sortie=\\.\DISPLAY5 attachee=true
2026-08-02T18:42:49.866017Z  INFO agent::capture::ouverture: protection multi-fils activée sur le contexte immédiat D3D11 protection_precedente=false
2026-08-02T18:42:49.866290Z  INFO agent::capture: duplication de sortie établie desktop_width=1280 desktop_height=720
2026-08-02T18:42:49.866332Z  INFO agent::encode: encodeur matériel retenu encodeur=NVIDIA H.264 Encoder MFT
2026-08-02T18:42:49.883778Z  INFO agent::capture::ouverture: protection multi-fils activée sur le contexte immédiat D3D11 protection_precedente=false
2026-08-02T18:42:49.884017Z  INFO agent::capture: duplication de sortie établie desktop_width=1280 desktop_height=720
2026-08-02T18:42:49.884058Z  INFO agent::encode: encodeur matériel retenu encodeur=NVIDIA H.264 Encoder MFT
2026-08-02T18:42:49.964754Z  INFO agent::encode::arret: file de travail sérialisée imposée mft="encodeur" file=12649007
2026-08-02T18:42:49.964979Z  INFO agent::encode: convertisseur BGRA→NV12 (Video Processor MFT) configuré converter_provides_samples=true
2026-08-02T18:42:49.965291Z  INFO agent::capteur::fenetre: fenêtre attachée au capteur session=w-2 sortie=\\.\DISPLAY5 largeur=1280 hauteur=720
2026-08-02T18:42:49.965302Z  INFO agent::capteur::fenetre: l'enfant a fermé le canal session=w-2 images=0
2026-08-02T18:42:49.965306Z  INFO agent::capteur::tube: attaché au capteur session=w-2 sortie=\\.\DISPLAY5 largeur=1280 hauteur=720
2026-08-02T18:42:49.965355Z  INFO agent::encode::arret: IMFShutdown::Shutdown : avant mft="encodeur"
2026-08-02T18:42:49.965357Z  INFO agent::capteur::distante: canal rattaché au capteur largeur=1280 hauteur=720
2026-08-02T18:42:49.965802Z  INFO agent::encode::arret: IMFShutdown::Shutdown : après mft="encodeur"
2026-08-02T18:42:49.982734Z  INFO agent::encode::arret: file de travail sérialisée imposée mft="encodeur" file=328237
2026-08-02T18:42:49.982954Z  INFO agent::encode: convertisseur BGRA→NV12 (Video Processor MFT) configuré converter_provides_samples=true
2026-08-02T18:42:49.983298Z  INFO agent::capteur::fenetre: fenêtre attachée au capteur session=w-4 sortie=\\.\DISPLAY6 largeur=1280 hauteur=720
2026-08-02T18:42:49.983311Z  INFO agent::capteur::fenetre: l'enfant a fermé le canal session=w-4 images=0
2026-08-02T18:42:49.983311Z  INFO agent::capteur::tube: attaché au capteur session=w-4 sortie=\\.\DISPLAY6 largeur=1280 hauteur=720
2026-08-02T18:42:49.983361Z  INFO agent::encode::arret: IMFShutdown::Shutdown : avant mft="encodeur"
2026-08-02T18:42:49.983367Z  INFO agent::capteur::distante: canal rattaché au capteur largeur=1280 hauteur=720
2026-08-02T18:42:49.983937Z  INFO agent::encode::arret: IMFShutdown::Shutdown : après mft="encodeur"
2026-08-02T18:42:49.995970Z  WARN agent::capteur::serveur: DIAGNOSTIC : fil lecteur de commandes NON lancé
2026-08-02T18:42:49.996477Z  INFO agent::capture::ouverture: sortie retenue pour la duplication adaptateur=NVIDIA GeForce RTX 4070 index_adaptateur=0 index_sortie=1 nom_sortie=\\.\DISPLAY5 attachee=true
2026-08-02T18:42:50.004230Z  WARN agent::capteur::serveur: DIAGNOSTIC : fil lecteur de commandes NON lancé
2026-08-02T18:42:50.004540Z  INFO agent::capture::ouverture: sortie retenue pour la duplication adaptateur=NVIDIA GeForce RTX 4070 index_adaptateur=0 index_sortie=2 nom_sortie=\\.\DISPLAY6 attachee=true
2026-08-02T18:42:50.063451Z  INFO agent::capture::ouverture: protection multi-fils activée sur le contexte immédiat D3D11 protection_precedente=false
2026-08-02T18:42:50.064290Z  INFO agent::capture: duplication de sortie établie desktop_width=1280 desktop_height=720
2026-08-02T18:42:50.064332Z  INFO agent::encode: encodeur matériel retenu encodeur=NVIDIA H.264 Encoder MFT
2026-08-02T18:42:50.082154Z  INFO agent::capture::ouverture: protection multi-fils activée sur le contexte immédiat D3D11 protection_precedente=false
2026-08-02T18:42:50.082398Z  INFO agent::capture: duplication de sortie établie desktop_width=1280 desktop_height=720
2026-08-02T18:42:50.082438Z  INFO agent::encode: encodeur matériel retenu encodeur=NVIDIA H.264 Encoder MFT
2026-08-02T18:42:50.171380Z  INFO agent::encode::arret: file de travail sérialisée imposée mft="encodeur" file=328243
2026-08-02T18:42:50.171611Z  INFO agent::encode: convertisseur BGRA→NV12 (Video Processor MFT) configuré converter_provides_samples=true
2026-08-02T18:42:50.171636Z  INFO agent::encode::arret: file de travail sérialisée imposée mft="encodeur" file=12780085
2026-08-02T18:42:50.171837Z  INFO agent::encode: convertisseur BGRA→NV12 (Video Processor MFT) configuré converter_provides_samples=true
2026-08-02T18:42:50.171882Z  INFO agent::capteur::fenetre: fenêtre attachée au capteur session=w-2 sortie=\\.\DISPLAY5 largeur=1280 hauteur=720
2026-08-02T18:42:50.171891Z  INFO agent::capteur::fenetre: l'enfant a fermé le canal session=w-2 images=0
2026-08-02T18:42:50.171897Z  INFO agent::capteur::tube: attaché au capteur session=w-2 sortie=\\.\DISPLAY5 largeur=1280 hauteur=720
2026-08-02T18:42:50.171938Z  INFO agent::encode::arret: IMFShutdown::Shutdown : avant mft="encodeur"
2026-08-02T18:42:50.171958Z  INFO agent::capteur::distante: canal rattaché au capteur largeur=1280 hauteur=720
2026-08-02T18:42:50.172107Z  INFO agent::capteur::fenetre: fenêtre attachée au capteur session=w-4 sortie=\\.\DISPLAY6 largeur=1280 hauteur=720
2026-08-02T18:42:50.172119Z  INFO agent::capteur::fenetre: l'enfant a fermé le canal session=w-4 images=0
2026-08-02T18:42:50.172117Z  INFO agent::capteur::tube: attaché au capteur session=w-4 sortie=\\.\DISPLAY6 largeur=1280 hauteur=720
2026-08-02T18:42:50.172163Z  INFO agent::capteur::distante: canal rattaché au capteur largeur=1280 hauteur=720
2026-08-02T18:42:50.172165Z  INFO agent::encode::arret: IMFShutdown::Shutdown : avant mft="encodeur"
2026-08-02T18:42:50.172599Z  INFO agent::encode::arret: IMFShutdown::Shutdown : après mft="encodeur"
2026-08-02T18:42:50.172827Z  INFO agent::encode::arret: IMFShutdown::Shutdown : après mft="encodeur"
2026-08-02T18:42:50.174034Z  WARN agent::transport::socket: échec de réception UDP transitoire, ignoré erreur=Une connexion existante a dû être fermée par l’hôte distant. (os error 10054) consecutives=1 backoff_ms=2
2026-08-02T18:42:50.192753Z  WARN agent::capteur::serveur: DIAGNOSTIC : fil lecteur de commandes NON lancé
2026-08-02T18:42:50.193222Z  INFO agent::capture::ouverture: sortie retenue pour la duplication adaptateur=NVIDIA GeForce RTX 4070 index_adaptateur=0 index_sortie=1 nom_sortie=\\.\DISPLAY5 attachee=true
2026-08-02T18:42:50.202666Z  WARN agent::capteur::serveur: DIAGNOSTIC : fil lecteur de commandes NON lancé
2026-08-02T18:42:50.203016Z  INFO agent::capture::ouverture: sortie retenue pour la duplication adaptateur=NVIDIA GeForce RTX 4070 index_adaptateur=0 index_sortie=2 nom_sortie=\\.\DISPLAY6 attachee=true
2026-08-02T18:42:50.257679Z  INFO agent::capture::ouverture: protection multi-fils activée sur le contexte immédiat D3D11 protection_precedente=false
2026-08-02T18:42:50.257927Z  INFO agent::capture: duplication de sortie établie desktop_width=1280 desktop_height=720
2026-08-02T18:42:50.257967Z  INFO agent::encode: encodeur matériel retenu encodeur=NVIDIA H.264 Encoder MFT
2026-08-02T18:42:50.277090Z  INFO agent::capture::ouverture: protection multi-fils activée sur le contexte immédiat D3D11 protection_precedente=false
2026-08-02T18:42:50.277367Z  INFO agent::capture: duplication de sortie établie desktop_width=1280 desktop_height=720
2026-08-02T18:42:50.277415Z  INFO agent::encode: encodeur matériel retenu encodeur=NVIDIA H.264 Encoder MFT
2026-08-02T18:42:50.352763Z  INFO agent::encode::arret: file de travail sérialisée imposée mft="encodeur" file=328249
2026-08-02T18:42:50.352989Z  INFO agent::encode: convertisseur BGRA→NV12 (Video Processor MFT) configuré converter_provides_samples=true
2026-08-02T18:42:50.353260Z  INFO agent::capteur::fenetre: fenêtre attachée au capteur session=w-2 sortie=\\.\DISPLAY5 largeur=1280 hauteur=720
2026-08-02T18:42:50.353270Z  INFO agent::capteur::fenetre: l'enfant a fermé le canal session=w-2 images=0
2026-08-02T18:42:50.353308Z  INFO agent::capteur::tube: attaché au capteur session=w-2 sortie=\\.\DISPLAY5 largeur=1280 hauteur=720
2026-08-02T18:42:50.353323Z  INFO agent::encode::arret: IMFShutdown::Shutdown : avant mft="encodeur"
2026-08-02T18:42:50.353367Z  INFO agent::capteur::distante: canal rattaché au capteur largeur=1280 hauteur=720
2026-08-02T18:42:50.355370Z  INFO agent::encode::arret: IMFShutdown::Shutdown : après mft="encodeur"
2026-08-02T18:42:50.374505Z  INFO agent::encode::arret: file de travail sérialisée imposée mft="encodeur" file=12911163
2026-08-02T18:42:50.374747Z  INFO agent::encode: convertisseur BGRA→NV12 (Video Processor MFT) configuré converter_provides_samples=true
2026-08-02T18:42:50.375058Z  INFO agent::capteur::fenetre: fenêtre attachée au capteur session=w-4 sortie=\\.\DISPLAY6 largeur=1280 hauteur=720
2026-08-02T18:42:50.375068Z  INFO agent::capteur::fenetre: l'enfant a fermé le canal session=w-4 images=0
2026-08-02T18:42:50.375078Z  INFO agent::capteur::tube: attaché au capteur session=w-4 sortie=\\.\DISPLAY6 largeur=1280 hauteur=720
2026-08-02T18:42:50.375140Z  INFO agent::encode::arret: IMFShutdown::Shutdown : avant mft="encodeur"
2026-08-02T18:42:50.375157Z  INFO agent::capteur::distante: canal rattaché au capteur largeur=1280 hauteur=720
2026-08-02T18:42:50.375743Z  INFO agent::encode::arret: IMFShutdown::Shutdown : après mft="encodeur"
2026-08-02T18:42:50.377143Z  WARN agent::transport::socket: échec de réception UDP transitoire, ignoré erreur=Une connexion existante a dû être fermée par l’hôte distant. (os error 10054) consecutives=1 backoff_ms=2
2026-08-02T18:42:50.383929Z  WARN agent::capteur::serveur: DIAGNOSTIC : fil lecteur de commandes NON lancé
2026-08-02T18:42:50.384348Z  INFO agent::capture::ouverture: sortie retenue pour la duplication adaptateur=NVIDIA GeForce RTX 4070 index_adaptateur=0 index_sortie=1 nom_sortie=\\.\DISPLAY5 attachee=true
2026-08-02T18:42:50.395768Z  WARN agent::capteur::serveur: DIAGNOSTIC : fil lecteur de commandes NON lancé
2026-08-02T18:42:50.396131Z  INFO agent::capture::ouverture: sortie retenue pour la duplication adaptateur=NVIDIA GeForce RTX 4070 index_adaptateur=0 index_sortie=2 nom_sortie=\\.\DISPLAY6 attachee=true
2026-08-02T18:42:50.405199Z  INFO agent::capture::ouverture: protection multi-fils activée sur le contexte immédiat D3D11 protection_precedente=false
2026-08-02T18:42:50.405425Z  INFO agent::capture: duplication de sortie établie desktop_width=1280 desktop_height=720
2026-08-02T18:42:50.405464Z  INFO agent::encode: encodeur matériel retenu encodeur=NVIDIA H.264 Encoder MFT
2026-08-02T18:42:50.428644Z  INFO agent::capture::ouverture: protection multi-fils activée sur le contexte immédiat D3D11 protection_precedente=false
2026-08-02T18:42:50.428896Z  INFO agent::capture: duplication de sortie établie desktop_width=1280 desktop_height=720
2026-08-02T18:42:50.428937Z  INFO agent::encode: encodeur matériel retenu encodeur=NVIDIA H.264 Encoder MFT
2026-08-02T18:42:50.517146Z  INFO agent::encode::arret: file de travail sérialisée imposée mft="encodeur" file=328255
2026-08-02T18:42:50.517377Z  INFO agent::encode: convertisseur BGRA→NV12 (Video Processor MFT) configuré converter_provides_samples=true
2026-08-02T18:42:50.517650Z  INFO agent::capteur::fenetre: fenêtre attachée au capteur session=w-2 sortie=\\.\DISPLAY5 largeur=1280 hauteur=720
2026-08-02T18:42:50.517661Z  INFO agent::capteur::fenetre: l'enfant a fermé le canal session=w-2 images=0
2026-08-02T18:42:50.517665Z  INFO agent::capteur::tube: attaché au capteur session=w-2 sortie=\\.\DISPLAY5 largeur=1280 hauteur=720
2026-08-02T18:42:50.517711Z  INFO agent::encode::arret: IMFShutdown::Shutdown : avant mft="encodeur"
2026-08-02T18:42:50.517718Z  INFO agent::capteur::distante: canal rattaché au capteur largeur=1280 hauteur=720
2026-08-02T18:42:50.517982Z  INFO agent::encode::arret: file de travail sérialisée imposée mft="encodeur" file=13042241
2026-08-02T18:42:50.518179Z  INFO agent::encode::arret: IMFShutdown::Shutdown : après mft="encodeur"
2026-08-02T18:42:50.518197Z  INFO agent::encode: convertisseur BGRA→NV12 (Video Processor MFT) configuré converter_provides_samples=true
2026-08-02T18:42:50.518445Z  INFO agent::capteur::fenetre: fenêtre attachée au capteur session=w-4 sortie=\\.\DISPLAY6 largeur=1280 hauteur=720
2026-08-02T18:42:50.518454Z  INFO agent::capteur::fenetre: l'enfant a fermé le canal session=w-4 images=0
2026-08-02T18:42:50.518457Z  INFO agent::capteur::tube: attaché au capteur session=w-4 sortie=\\.\DISPLAY6 largeur=1280 hauteur=720
2026-08-02T18:42:50.518493Z  INFO agent::encode::arret: IMFShutdown::Shutdown : avant mft="encodeur"
2026-08-02T18:42:50.518508Z  INFO agent::capteur::distante: canal rattaché au capteur largeur=1280 hauteur=720
2026-08-02T18:42:50.519017Z  INFO agent::encode::arret: IMFShutdown::Shutdown : après mft="encodeur"
2026-08-02T18:42:50.538755Z  WARN agent::capteur::serveur: DIAGNOSTIC : fil lecteur de commandes NON lancé
2026-08-02T18:42:50.539144Z  INFO agent::capture::ouverture: sortie retenue pour la duplication adaptateur=NVIDIA GeForce RTX 4070 index_adaptateur=0 index_sortie=1 nom_sortie=\\.\DISPLAY5 attachee=true
2026-08-02T18:42:50.549040Z  WARN agent::capteur::serveur: DIAGNOSTIC : fil lecteur de commandes NON lancé
2026-08-02T18:42:50.549360Z  INFO agent::capture::ouverture: sortie retenue pour la duplication adaptateur=NVIDIA GeForce RTX 4070 index_adaptateur=0 index_sortie=2 nom_sortie=\\.\DISPLAY6 attachee=true
2026-08-02T18:42:50.604348Z  INFO agent::capture::ouverture: protection multi-fils activée sur le contexte immédiat D3D11 protection_precedente=false
2026-08-02T18:42:50.604595Z  INFO agent::capture: duplication de sortie établie desktop_width=1280 desktop_height=720
2026-08-02T18:42:50.604635Z  INFO agent::encode: encodeur matériel retenu encodeur=NVIDIA H.264 Encoder MFT
2026-08-02T18:42:50.628217Z  INFO agent::capture::ouverture: protection multi-fils activée sur le contexte immédiat D3D11 protection_precedente=false
2026-08-02T18:42:50.628491Z  INFO agent::capture: duplication de sortie établie desktop_width=1280 desktop_height=720
2026-08-02T18:42:50.628529Z  INFO agent::encode: encodeur matériel retenu encodeur=NVIDIA H.264 Encoder MFT
2026-08-02T18:42:50.714756Z  INFO agent::encode::arret: file de travail sérialisée imposée mft="encodeur" file=13173319
2026-08-02T18:42:50.715000Z  INFO agent::encode: convertisseur BGRA→NV12 (Video Processor MFT) configuré converter_provides_samples=true
2026-08-02T18:42:50.715313Z  INFO agent::capteur::fenetre: fenêtre attachée au capteur session=w-4 sortie=\\.\DISPLAY6 largeur=1280 hauteur=720
2026-08-02T18:42:50.715323Z  INFO agent::capteur::fenetre: l'enfant a fermé le canal session=w-4 images=0
2026-08-02T18:42:50.715341Z  INFO agent::capteur::tube: attaché au capteur session=w-4 sortie=\\.\DISPLAY6 largeur=1280 hauteur=720
2026-08-02T18:42:50.715381Z  INFO agent::encode::arret: IMFShutdown::Shutdown : avant mft="encodeur"
2026-08-02T18:42:50.715381Z  INFO agent::encode::arret: file de travail sérialisée imposée mft="encodeur" file=328261
2026-08-02T18:42:50.715399Z  INFO agent::capteur::distante: canal rattaché au capteur largeur=1280 hauteur=720
2026-08-02T18:42:50.715597Z  INFO agent::encode: convertisseur BGRA→NV12 (Video Processor MFT) configuré converter_provides_samples=true
2026-08-02T18:42:50.715860Z  INFO agent::encode::arret: IMFShutdown::Shutdown : après mft="encodeur"
2026-08-02T18:42:50.715880Z  INFO agent::capteur::fenetre: fenêtre attachée au capteur session=w-2 sortie=\\.\DISPLAY5 largeur=1280 hauteur=720
2026-08-02T18:42:50.715888Z  INFO agent::capteur::fenetre: l'enfant a fermé le canal session=w-2 images=0
2026-08-02T18:42:50.715891Z  INFO agent::capteur::tube: attaché au capteur session=w-2 sortie=\\.\DISPLAY5 largeur=1280 hauteur=720
2026-08-02T18:42:50.715935Z  INFO agent::encode::arret: IMFShutdown::Shutdown : avant mft="encodeur"
2026-08-02T18:42:50.715941Z  INFO agent::capteur::distante: canal rattaché au capteur largeur=1280 hauteur=720
2026-08-02T18:42:50.716519Z  INFO agent::encode::arret: IMFShutdown::Shutdown : après mft="encodeur"
2026-08-02T18:42:50.736654Z  WARN agent::capteur::serveur: DIAGNOSTIC : fil lecteur de commandes NON lancé
2026-08-02T18:42:50.737120Z  INFO agent::capture::ouverture: sortie retenue pour la duplication adaptateur=NVIDIA GeForce RTX 4070 index_adaptateur=0 index_sortie=2 nom_sortie=\\.\DISPLAY6 attachee=true
2026-08-02T18:42:50.746929Z  WARN agent::capteur::serveur: DIAGNOSTIC : fil lecteur de commandes NON lancé
2026-08-02T18:42:50.747273Z  INFO agent::capture::ouverture: sortie retenue pour la duplication adaptateur=NVIDIA GeForce RTX 4070 index_adaptateur=0 index_sortie=1 nom_sortie=\\.\DISPLAY5 attachee=true
2026-08-02T18:42:50.802328Z  INFO agent::capture::ouverture: protection multi-fils activée sur le contexte immédiat D3D11 protection_precedente=false
2026-08-02T18:42:50.802570Z  INFO agent::capture: duplication de sortie établie desktop_width=1280 desktop_height=720
2026-08-02T18:42:50.802607Z  INFO agent::encode: encodeur matériel retenu encodeur=NVIDIA H.264 Encoder MFT
2026-08-02T18:42:50.827993Z  INFO agent::capture::ouverture: protection multi-fils activée sur le contexte immédiat D3D11 protection_precedente=false
2026-08-02T18:42:50.828243Z  INFO agent::capture: duplication de sortie établie desktop_width=1280 desktop_height=720
2026-08-02T18:42:50.828281Z  INFO agent::encode: encodeur matériel retenu encodeur=NVIDIA H.264 Encoder MFT
2026-08-02T18:42:50.916455Z  INFO agent::encode::arret: file de travail sérialisée imposée mft="encodeur" file=328267
2026-08-02T18:42:50.916657Z  INFO agent::encode::arret: file de travail sérialisée imposée mft="encodeur" file=13304397
2026-08-02T18:42:50.916686Z  INFO agent::encode: convertisseur BGRA→NV12 (Video Processor MFT) configuré converter_provides_samples=true
2026-08-02T18:42:50.916858Z  INFO agent::encode: convertisseur BGRA→NV12 (Video Processor MFT) configuré converter_provides_samples=true
2026-08-02T18:42:50.916979Z  INFO agent::capteur::fenetre: fenêtre attachée au capteur session=w-4 sortie=\\.\DISPLAY6 largeur=1280 hauteur=720
2026-08-02T18:42:50.916989Z  INFO agent::capteur::fenetre: l'enfant a fermé le canal session=w-4 images=0
2026-08-02T18:42:50.916994Z  INFO agent::capteur::tube: attaché au capteur session=w-4 sortie=\\.\DISPLAY6 largeur=1280 hauteur=720
2026-08-02T18:42:50.917035Z  INFO agent::encode::arret: IMFShutdown::Shutdown : avant mft="encodeur"
2026-08-02T18:42:50.917049Z  INFO agent::capteur::distante: canal rattaché au capteur largeur=1280 hauteur=720
2026-08-02T18:42:50.917103Z  INFO agent::capteur::fenetre: fenêtre attachée au capteur session=w-2 sortie=\\.\DISPLAY5 largeur=1280 hauteur=720
2026-08-02T18:42:50.917117Z  INFO agent::capteur::fenetre: l'enfant a fermé le canal session=w-2 images=0
2026-08-02T18:42:50.917119Z  INFO agent::capteur::tube: attaché au capteur session=w-2 sortie=\\.\DISPLAY5 largeur=1280 hauteur=720
2026-08-02T18:42:50.917153Z  INFO agent::encode::arret: IMFShutdown::Shutdown : avant mft="encodeur"
2026-08-02T18:42:50.917168Z  INFO agent::capteur::distante: canal rattaché au capteur largeur=1280 hauteur=720
2026-08-02T18:42:50.917629Z  INFO agent::encode::arret: IMFShutdown::Shutdown : après mft="encodeur"
2026-08-02T18:42:50.917848Z  INFO agent::encode::arret: IMFShutdown::Shutdown : après mft="encodeur"
2026-08-02T18:42:50.937742Z  WARN agent::capteur::serveur: DIAGNOSTIC : fil lecteur de commandes NON lancé
2026-08-02T18:42:50.938232Z  INFO agent::capture::ouverture: sortie retenue pour la duplication adaptateur=NVIDIA GeForce RTX 4070 index_adaptateur=0 index_sortie=2 nom_sortie=\\.\DISPLAY6 attachee=true
2026-08-02T18:42:50.947445Z  WARN agent::capteur::serveur: DIAGNOSTIC : fil lecteur de commandes NON lancé
2026-08-02T18:42:50.947774Z  INFO agent::capture::ouverture: sortie retenue pour la duplication adaptateur=NVIDIA GeForce RTX 4070 index_adaptateur=0 index_sortie=1 nom_sortie=\\.\DISPLAY5 attachee=true
2026-08-02T18:42:51.005691Z  INFO agent::capture::ouverture: protection multi-fils activée sur le contexte immédiat D3D11 protection_precedente=false
2026-08-02T18:42:51.005953Z  INFO agent::capture: duplication de sortie établie desktop_width=1280 desktop_height=720
2026-08-02T18:42:51.005999Z  INFO agent::encode: encodeur matériel retenu encodeur=NVIDIA H.264 Encoder MFT
2026-08-02T18:42:51.027245Z  INFO agent::capture::ouverture: protection multi-fils activée sur le contexte immédiat D3D11 protection_precedente=false
2026-08-02T18:42:51.027504Z  INFO agent::capture: duplication de sortie établie desktop_width=1280 desktop_height=720
2026-08-02T18:42:51.027546Z  INFO agent::encode: encodeur matériel retenu encodeur=NVIDIA H.264 Encoder MFT
2026-08-02T18:42:51.114020Z  INFO agent::encode::arret: file de travail sérialisée imposée mft="encodeur" file=328273
2026-08-02T18:42:51.114179Z  INFO agent::encode::arret: file de travail sérialisée imposée mft="encodeur" file=13435475
2026-08-02T18:42:51.114306Z  INFO agent::encode: convertisseur BGRA→NV12 (Video Processor MFT) configuré converter_provides_samples=true
2026-08-02T18:42:51.114376Z  INFO agent::encode: convertisseur BGRA→NV12 (Video Processor MFT) configuré converter_provides_samples=true
2026-08-02T18:42:51.114592Z  INFO agent::capteur::fenetre: fenêtre attachée au capteur session=w-4 sortie=\\.\DISPLAY6 largeur=1280 hauteur=720
2026-08-02T18:42:51.114603Z  INFO agent::capteur::fenetre: l'enfant a fermé le canal session=w-4 images=0
2026-08-02T18:42:51.114605Z  INFO agent::capteur::tube: attaché au capteur session=w-4 sortie=\\.\DISPLAY6 largeur=1280 hauteur=720
2026-08-02T18:42:51.114647Z  INFO agent::capteur::fenetre: fenêtre attachée au capteur session=w-2 sortie=\\.\DISPLAY5 largeur=1280 hauteur=720
2026-08-02T18:42:51.114652Z  INFO agent::encode::arret: IMFShutdown::Shutdown : avant mft="encodeur"
2026-08-02T18:42:51.114659Z  INFO agent::capteur::fenetre: l'enfant a fermé le canal session=w-2 images=0
2026-08-02T18:42:51.114667Z  INFO agent::capteur::distante: canal rattaché au capteur largeur=1280 hauteur=720
2026-08-02T18:42:51.114667Z  INFO agent::capteur::tube: attaché au capteur session=w-2 sortie=\\.\DISPLAY5 largeur=1280 hauteur=720
2026-08-02T18:42:51.114696Z  INFO agent::encode::arret: IMFShutdown::Shutdown : avant mft="encodeur"
2026-08-02T18:42:51.114720Z  INFO agent::capteur::distante: canal rattaché au capteur largeur=1280 hauteur=720
2026-08-02T18:42:51.115215Z  INFO agent::encode::arret: IMFShutdown::Shutdown : après mft="encodeur"
2026-08-02T18:42:51.115373Z  INFO agent::encode::arret: IMFShutdown::Shutdown : après mft="encodeur"
2026-08-02T18:42:51.136158Z  WARN agent::capteur::serveur: DIAGNOSTIC : fil lecteur de commandes NON lancé
2026-08-02T18:42:51.136597Z  INFO agent::capture::ouverture: sortie retenue pour la duplication adaptateur=NVIDIA GeForce RTX 4070 index_adaptateur=0 index_sortie=1 nom_sortie=\\.\DISPLAY5 attachee=true
2026-08-02T18:42:51.145174Z  WARN agent::capteur::serveur: DIAGNOSTIC : fil lecteur de commandes NON lancé
2026-08-02T18:42:51.145547Z  INFO agent::capture::ouverture: sortie retenue pour la duplication adaptateur=NVIDIA GeForce RTX 4070 index_adaptateur=0 index_sortie=2 nom_sortie=\\.\DISPLAY6 attachee=true
2026-08-02T18:42:51.200753Z  INFO agent::capture::ouverture: protection multi-fils activée sur le contexte immédiat D3D11 protection_precedente=false
2026-08-02T18:42:51.200996Z  INFO agent::capture: duplication de sortie établie desktop_width=1280 desktop_height=720
2026-08-02T18:42:51.201035Z  INFO agent::encode: encodeur matériel retenu encodeur=NVIDIA H.264 Encoder MFT
2026-08-02T18:42:51.226977Z  INFO agent::capture::ouverture: protection multi-fils activée sur le contexte immédiat D3D11 protection_precedente=false
2026-08-02T18:42:51.227211Z  INFO agent::capture: duplication de sortie établie desktop_width=1280 desktop_height=720
2026-08-02T18:42:51.227251Z  INFO agent::encode: encodeur matériel retenu encodeur=NVIDIA H.264 Encoder MFT
2026-08-02T18:42:51.312565Z  INFO agent::encode::arret: file de travail sérialisée imposée mft="encodeur" file=328279
2026-08-02T18:42:51.312800Z  INFO agent::encode: convertisseur BGRA→NV12 (Video Processor MFT) configuré converter_provides_samples=true
2026-08-02T18:42:51.313102Z  INFO agent::capteur::fenetre: fenêtre attachée au capteur session=w-2 sortie=\\.\DISPLAY5 largeur=1280 hauteur=720
2026-08-02T18:42:51.313116Z  INFO agent::capteur::fenetre: l'enfant a fermé le canal session=w-2 images=0
2026-08-02T18:42:51.313116Z  INFO agent::capteur::tube: attaché au capteur session=w-2 sortie=\\.\DISPLAY5 largeur=1280 hauteur=720
2026-08-02T18:42:51.313166Z  INFO agent::encode::arret: IMFShutdown::Shutdown : avant mft="encodeur"
2026-08-02T18:42:51.313169Z  INFO agent::capteur::distante: canal rattaché au capteur largeur=1280 hauteur=720
2026-08-02T18:42:51.313288Z  INFO agent::encode::arret: file de travail sérialisée imposée mft="encodeur" file=13566553
2026-08-02T18:42:51.313550Z  INFO agent::encode: convertisseur BGRA→NV12 (Video Processor MFT) configuré converter_provides_samples=true
2026-08-02T18:42:51.313602Z  INFO agent::encode::arret: IMFShutdown::Shutdown : après mft="encodeur"
2026-08-02T18:42:51.313806Z  INFO agent::capteur::fenetre: fenêtre attachée au capteur session=w-4 sortie=\\.\DISPLAY6 largeur=1280 hauteur=720
2026-08-02T18:42:51.313815Z  INFO agent::capteur::fenetre: l'enfant a fermé le canal session=w-4 images=0
2026-08-02T18:42:51.313823Z  INFO agent::capteur::tube: attaché au capteur session=w-4 sortie=\\.\DISPLAY6 largeur=1280 hauteur=720
2026-08-02T18:42:51.313857Z  INFO agent::encode::arret: IMFShutdown::Shutdown : avant mft="encodeur"
2026-08-02T18:42:51.313873Z  INFO agent::capteur::distante: canal rattaché au capteur largeur=1280 hauteur=720
2026-08-02T18:42:51.314455Z  INFO agent::encode::arret: IMFShutdown::Shutdown : après mft="encodeur"
2026-08-02T18:42:51.339462Z  WARN agent::capteur::serveur: DIAGNOSTIC : fil lecteur de commandes NON lancé
2026-08-02T18:42:51.339960Z  INFO agent::capture::ouverture: sortie retenue pour la duplication adaptateur=NVIDIA GeForce RTX 4070 index_adaptateur=0 index_sortie=1 nom_sortie=\\.\DISPLAY5 attachee=true
2026-08-02T18:42:51.344661Z  WARN agent::capteur::serveur: DIAGNOSTIC : fil lecteur de commandes NON lancé
2026-08-02T18:42:51.345004Z  INFO agent::capture::ouverture: sortie retenue pour la duplication adaptateur=NVIDIA GeForce RTX 4070 index_adaptateur=0 index_sortie=2 nom_sortie=\\.\DISPLAY6 attachee=true
2026-08-02T18:42:51.400498Z  INFO agent::capture::ouverture: protection multi-fils activée sur le contexte immédiat D3D11 protection_precedente=false
2026-08-02T18:42:51.400771Z  INFO agent::capture: duplication de sortie établie desktop_width=1280 desktop_height=720
2026-08-02T18:42:51.400811Z  INFO agent::encode: encodeur matériel retenu encodeur=NVIDIA H.264 Encoder MFT
2026-08-02T18:42:51.426942Z  INFO agent::capture::ouverture: protection multi-fils activée sur le contexte immédiat D3D11 protection_precedente=false
2026-08-02T18:42:51.427206Z  INFO agent::capture: duplication de sortie établie desktop_width=1280 desktop_height=720
2026-08-02T18:42:51.427245Z  INFO agent::encode: encodeur matériel retenu encodeur=NVIDIA H.264 Encoder MFT
2026-08-02T18:42:51.521488Z  INFO agent::encode::arret: file de travail sérialisée imposée mft="encodeur" file=328285
2026-08-02T18:42:51.521722Z  INFO agent::encode::arret: file de travail sérialisée imposée mft="encodeur" file=13697631
2026-08-02T18:42:51.521737Z  INFO agent::encode: convertisseur BGRA→NV12 (Video Processor MFT) configuré converter_provides_samples=true
2026-08-02T18:42:51.521918Z  INFO agent::encode: convertisseur BGRA→NV12 (Video Processor MFT) configuré converter_provides_samples=true
2026-08-02T18:42:51.522024Z  INFO agent::capteur::fenetre: fenêtre attachée au capteur session=w-2 sortie=\\.\DISPLAY5 largeur=1280 hauteur=720
2026-08-02T18:42:51.522034Z  INFO agent::capteur::fenetre: l'enfant a fermé le canal session=w-2 images=0
2026-08-02T18:42:51.522041Z  INFO agent::capteur::tube: attaché au capteur session=w-2 sortie=\\.\DISPLAY5 largeur=1280 hauteur=720
2026-08-02T18:42:51.522097Z  INFO agent::encode::arret: IMFShutdown::Shutdown : avant mft="encodeur"
2026-08-02T18:42:51.522099Z  INFO agent::capteur::distante: canal rattaché au capteur largeur=1280 hauteur=720
2026-08-02T18:42:51.522220Z  INFO agent::capteur::fenetre: fenêtre attachée au capteur session=w-4 sortie=\\.\DISPLAY6 largeur=1280 hauteur=720
2026-08-02T18:42:51.522238Z  INFO agent::capteur::tube: attaché au capteur session=w-4 sortie=\\.\DISPLAY6 largeur=1280 hauteur=720
2026-08-02T18:42:51.522241Z  INFO agent::capteur::fenetre: l'enfant a fermé le canal session=w-4 images=0
2026-08-02T18:42:51.522284Z  INFO agent::capteur::distante: canal rattaché au capteur largeur=1280 hauteur=720
2026-08-02T18:42:51.522299Z  INFO agent::encode::arret: IMFShutdown::Shutdown : avant mft="encodeur"
2026-08-02T18:42:51.522782Z  INFO agent::encode::arret: IMFShutdown::Shutdown : après mft="encodeur"
2026-08-02T18:42:51.523019Z  INFO agent::encode::arret: IMFShutdown::Shutdown : après mft="encodeur"
2026-08-02T18:42:51.552656Z  WARN agent::capteur::serveur: DIAGNOSTIC : fil lecteur de commandes NON lancé
2026-08-02T18:42:51.553033Z  INFO agent::capture::ouverture: sortie retenue pour la duplication adaptateur=NVIDIA GeForce RTX 4070 index_adaptateur=0 index_sortie=2 nom_sortie=\\.\DISPLAY6 attachee=true
2026-08-02T18:42:51.619625Z  INFO agent::capture::ouverture: protection multi-fils activée sur le contexte immédiat D3D11 protection_precedente=false
2026-08-02T18:42:51.619871Z  INFO agent::capture: duplication de sortie établie desktop_width=1280 desktop_height=720
2026-08-02T18:42:51.619909Z  INFO agent::encode: encodeur matériel retenu encodeur=NVIDIA H.264 Encoder MFT
2026-08-02T18:42:51.670402Z  INFO agent::encode::arret: file de travail sérialisée imposée mft="encodeur" file=328291
2026-08-02T18:42:51.670642Z  INFO agent::encode: convertisseur BGRA→NV12 (Video Processor MFT) configuré converter_provides_samples=true
2026-08-02T18:42:51.670929Z  INFO agent::capteur::fenetre: fenêtre attachée au capteur session=w-4 sortie=\\.\DISPLAY6 largeur=1280 hauteur=720
2026-08-02T18:42:51.670938Z  INFO agent::capteur::fenetre: l'enfant a fermé le canal session=w-4 images=0
2026-08-02T18:42:51.670974Z  INFO agent::capteur::tube: attaché au capteur session=w-4 sortie=\\.\DISPLAY6 largeur=1280 hauteur=720
2026-08-02T18:42:51.670993Z  INFO agent::encode::arret: IMFShutdown::Shutdown : avant mft="encodeur"
2026-08-02T18:42:51.671035Z  INFO agent::capteur::distante: canal rattaché au capteur largeur=1280 hauteur=720
2026-08-02T18:42:51.671538Z  INFO agent::encode::arret: IMFShutdown::Shutdown : après mft="encodeur"
2026-08-02T18:42:51.701441Z  WARN agent::capteur::serveur: DIAGNOSTIC : fil lecteur de commandes NON lancé
2026-08-02T18:42:51.701807Z  INFO agent::capture::ouverture: sortie retenue pour la duplication adaptateur=NVIDIA GeForce RTX 4070 index_adaptateur=0 index_sortie=2 nom_sortie=\\.\DISPLAY6 attachee=true
2026-08-02T18:42:51.762255Z  INFO agent::capture::ouverture: protection multi-fils activée sur le contexte immédiat D3D11 protection_precedente=false
2026-08-02T18:42:51.762488Z  INFO agent::capture: duplication de sortie établie desktop_width=1280 desktop_height=720
2026-08-02T18:42:51.762526Z  INFO agent::encode: encodeur matériel retenu encodeur=NVIDIA H.264 Encoder MFT
2026-08-02T18:42:51.802729Z  WARN agent::capteur::serveur: DIAGNOSTIC : fil lecteur de commandes NON lancé
2026-08-02T18:42:51.803076Z  INFO agent::capture::ouverture: sortie retenue pour la duplication adaptateur=NVIDIA GeForce RTX 4070 index_adaptateur=0 index_sortie=1 nom_sortie=\\.\DISPLAY5 attachee=true
2026-08-02T18:42:51.821134Z  INFO agent::encode::arret: file de travail sérialisée imposée mft="encodeur" file=328294
2026-08-02T18:42:51.821351Z  INFO agent::encode: convertisseur BGRA→NV12 (Video Processor MFT) configuré converter_provides_samples=true
2026-08-02T18:42:51.821660Z  INFO agent::capteur::fenetre: fenêtre attachée au capteur session=w-4 sortie=\\.\DISPLAY6 largeur=1280 hauteur=720
2026-08-02T18:42:51.821671Z  INFO agent::capteur::fenetre: l'enfant a fermé le canal session=w-4 images=0
2026-08-02T18:42:51.821673Z  INFO agent::capteur::tube: attaché au capteur session=w-4 sortie=\\.\DISPLAY6 largeur=1280 hauteur=720
2026-08-02T18:42:51.821720Z  INFO agent::capteur::distante: canal rattaché au capteur largeur=1280 hauteur=720
2026-08-02T18:42:51.821726Z  INFO agent::encode::arret: IMFShutdown::Shutdown : avant mft="encodeur"
2026-08-02T18:42:51.822310Z  INFO agent::encode::arret: IMFShutdown::Shutdown : après mft="encodeur"
2026-08-02T18:42:51.828267Z  INFO agent::capture::ouverture: protection multi-fils activée sur le contexte immédiat D3D11 protection_precedente=false
2026-08-02T18:42:51.828527Z  INFO agent::capture: duplication de sortie établie desktop_width=1280 desktop_height=720
2026-08-02T18:42:51.828579Z  INFO agent::encode: encodeur matériel retenu encodeur=NVIDIA H.264 Encoder MFT
2026-08-02T18:42:51.851943Z  WARN agent::capteur::serveur: DIAGNOSTIC : fil lecteur de commandes NON lancé
2026-08-02T18:42:51.852357Z  INFO agent::capture::ouverture: sortie retenue pour la duplication adaptateur=NVIDIA GeForce RTX 4070 index_adaptateur=0 index_sortie=2 nom_sortie=\\.\DISPLAY6 attachee=true
2026-08-02T18:42:51.876653Z  INFO agent::capture::ouverture: protection multi-fils activée sur le contexte immédiat D3D11 protection_precedente=false
2026-08-02T18:42:51.876923Z  INFO agent::capture: duplication de sortie établie desktop_width=1280 desktop_height=720
2026-08-02T18:42:51.876965Z  INFO agent::encode: encodeur matériel retenu encodeur=NVIDIA H.264 Encoder MFT
2026-08-02T18:42:51.903539Z  INFO agent::encode::arret: file de travail sérialisée imposée mft="encodeur" file=13894249
2026-08-02T18:42:51.903794Z  INFO agent::encode: convertisseur BGRA→NV12 (Video Processor MFT) configuré converter_provides_samples=true
2026-08-02T18:42:51.904060Z  INFO agent::capteur::fenetre: fenêtre attachée au capteur session=w-2 sortie=\\.\DISPLAY5 largeur=1280 hauteur=720
2026-08-02T18:42:51.904074Z  INFO agent::capteur::tube: attaché au capteur session=w-2 sortie=\\.\DISPLAY5 largeur=1280 hauteur=720
2026-08-02T18:42:51.904080Z  INFO agent::capteur::fenetre: l'enfant a fermé le canal session=w-2 images=0
2026-08-02T18:42:51.904121Z  INFO agent::capteur::distante: canal rattaché au capteur largeur=1280 hauteur=720
2026-08-02T18:42:51.904147Z  INFO agent::encode::arret: IMFShutdown::Shutdown : avant mft="encodeur"
2026-08-02T18:42:51.904650Z  INFO agent::encode::arret: IMFShutdown::Shutdown : après mft="encodeur"
2026-08-02T18:42:51.924837Z  WARN agent::capteur::serveur: DIAGNOSTIC : fil lecteur de commandes NON lancé
2026-08-02T18:42:51.925214Z  INFO agent::capture::ouverture: sortie retenue pour la duplication adaptateur=NVIDIA GeForce RTX 4070 index_adaptateur=0 index_sortie=1 nom_sortie=\\.\DISPLAY5 attachee=true
2026-08-02T18:42:51.952588Z  INFO agent::encode::arret: file de travail sérialisée imposée mft="encodeur" file=328299
2026-08-02T18:42:51.952806Z  INFO agent::encode: convertisseur BGRA→NV12 (Video Processor MFT) configuré converter_provides_samples=true
2026-08-02T18:42:51.953074Z  INFO agent::capteur::fenetre: fenêtre attachée au capteur session=w-4 sortie=\\.\DISPLAY6 largeur=1280 hauteur=720
2026-08-02T18:42:51.953084Z  INFO agent::capteur::fenetre: l'enfant a fermé le canal session=w-4 images=0
2026-08-02T18:42:51.953090Z  INFO agent::capteur::tube: attaché au capteur session=w-4 sortie=\\.\DISPLAY6 largeur=1280 hauteur=720
2026-08-02T18:42:51.953137Z  INFO agent::encode::arret: IMFShutdown::Shutdown : avant mft="encodeur"
2026-08-02T18:42:51.953147Z  INFO agent::capteur::distante: canal rattaché au capteur largeur=1280 hauteur=720
2026-08-02T18:42:51.953856Z  INFO agent::encode::arret: IMFShutdown::Shutdown : après mft="encodeur"
2026-08-02T18:42:51.955565Z  INFO agent::capture::ouverture: protection multi-fils activée sur le contexte immédiat D3D11 protection_precedente=false
2026-08-02T18:42:51.955842Z  INFO agent::capture: duplication de sortie établie desktop_width=1280 desktop_height=720
2026-08-02T18:42:51.955882Z  INFO agent::encode: encodeur matériel retenu encodeur=NVIDIA H.264 Encoder MFT
2026-08-02T18:42:51.983993Z  WARN agent::capteur::serveur: DIAGNOSTIC : fil lecteur de commandes NON lancé
2026-08-02T18:42:51.984446Z  INFO agent::capture::ouverture: sortie retenue pour la duplication adaptateur=NVIDIA GeForce RTX 4070 index_adaptateur=0 index_sortie=2 nom_sortie=\\.\DISPLAY6 attachee=true
2026-08-02T18:42:52.020358Z  INFO agent::encode::arret: file de travail sérialisée imposée mft="encodeur" file=14025327
2026-08-02T18:42:52.020578Z  INFO agent::encode: convertisseur BGRA→NV12 (Video Processor MFT) configuré converter_provides_samples=true
2026-08-02T18:42:52.021106Z  INFO agent::capteur::fenetre: fenêtre attachée au capteur session=w-2 sortie=\\.\DISPLAY5 largeur=1280 hauteur=720
2026-08-02T18:42:52.021119Z  INFO agent::capteur::fenetre: l'enfant a fermé le canal session=w-2 images=0
2026-08-02T18:42:52.021121Z  INFO agent::capteur::tube: attaché au capteur session=w-2 sortie=\\.\DISPLAY5 largeur=1280 hauteur=720
2026-08-02T18:42:52.021179Z  INFO agent::encode::arret: IMFShutdown::Shutdown : avant mft="encodeur"
2026-08-02T18:42:52.021183Z  INFO agent::capteur::distante: canal rattaché au capteur largeur=1280 hauteur=720
2026-08-02T18:42:52.021758Z  INFO agent::encode::arret: IMFShutdown::Shutdown : après mft="encodeur"
2026-08-02T18:42:52.023497Z  INFO agent::capture::ouverture: protection multi-fils activée sur le contexte immédiat D3D11 protection_precedente=false
2026-08-02T18:42:52.023721Z  INFO agent::capture: duplication de sortie établie desktop_width=1280 desktop_height=720
2026-08-02T18:42:52.023801Z  INFO agent::encode: encodeur matériel retenu encodeur=NVIDIA H.264 Encoder MFT
2026-08-02T18:42:52.051778Z  WARN agent::capteur::serveur: DIAGNOSTIC : fil lecteur de commandes NON lancé
2026-08-02T18:42:52.052278Z  INFO agent::capture::ouverture: sortie retenue pour la duplication adaptateur=NVIDIA GeForce RTX 4070 index_adaptateur=0 index_sortie=1 nom_sortie=\\.\DISPLAY5 attachee=true
2026-08-02T18:42:52.071076Z  INFO agent::capture::ouverture: protection multi-fils activée sur le contexte immédiat D3D11 protection_precedente=false
2026-08-02T18:42:52.071338Z  INFO agent::capture: duplication de sortie établie desktop_width=1280 desktop_height=720
2026-08-02T18:42:52.071377Z  INFO agent::encode: encodeur matériel retenu encodeur=NVIDIA H.264 Encoder MFT
2026-08-02T18:42:52.109457Z  INFO agent::encode::arret: file de travail sérialisée imposée mft="encodeur" file=14090866
2026-08-02T18:42:52.109688Z  INFO agent::encode: convertisseur BGRA→NV12 (Video Processor MFT) configuré converter_provides_samples=true
2026-08-02T18:42:52.109979Z  INFO agent::capteur::fenetre: fenêtre attachée au capteur session=w-4 sortie=\\.\DISPLAY6 largeur=1280 hauteur=720
2026-08-02T18:42:52.109990Z  INFO agent::capteur::fenetre: l'enfant a fermé le canal session=w-4 images=0
2026-08-02T18:42:52.109996Z  INFO agent::capteur::tube: attaché au capteur session=w-4 sortie=\\.\DISPLAY6 largeur=1280 hauteur=720
2026-08-02T18:42:52.110050Z  INFO agent::encode::arret: IMFShutdown::Shutdown : avant mft="encodeur"
2026-08-02T18:42:52.110055Z  INFO agent::capteur::distante: canal rattaché au capteur largeur=1280 hauteur=720
2026-08-02T18:42:52.110658Z  INFO agent::encode::arret: IMFShutdown::Shutdown : après mft="encodeur"
2026-08-02T18:42:52.139900Z  INFO agent::encode::arret: file de travail sérialisée imposée mft="encodeur" file=14025332
2026-08-02T18:42:52.140121Z  INFO agent::encode: convertisseur BGRA→NV12 (Video Processor MFT) configuré converter_provides_samples=true
2026-08-02T18:42:52.140388Z  INFO agent::capteur::fenetre: fenêtre attachée au capteur session=w-2 sortie=\\.\DISPLAY5 largeur=1280 hauteur=720
2026-08-02T18:42:52.140398Z  INFO agent::capteur::fenetre: l'enfant a fermé le canal session=w-2 images=0
2026-08-02T18:42:52.140402Z  INFO agent::capteur::tube: attaché au capteur session=w-2 sortie=\\.\DISPLAY5 largeur=1280 hauteur=720
2026-08-02T18:42:52.140446Z  INFO agent::encode::arret: IMFShutdown::Shutdown : avant mft="encodeur"
2026-08-02T18:42:52.140460Z  INFO agent::capteur::distante: canal rattaché au capteur largeur=1280 hauteur=720
2026-08-02T18:42:52.141030Z  INFO agent::encode::arret: IMFShutdown::Shutdown : après mft="encodeur"
2026-08-02T18:42:52.150697Z  WARN agent::capteur::serveur: DIAGNOSTIC : fil lecteur de commandes NON lancé
2026-08-02T18:42:52.151067Z  INFO agent::capture::ouverture: sortie retenue pour la duplication adaptateur=NVIDIA GeForce RTX 4070 index_adaptateur=0 index_sortie=2 nom_sortie=\\.\DISPLAY6 attachee=true
2026-08-02T18:42:52.160986Z  WARN agent::capteur::serveur: DIAGNOSTIC : fil lecteur de commandes NON lancé
2026-08-02T18:42:52.161344Z  INFO agent::capture::ouverture: sortie retenue pour la duplication adaptateur=NVIDIA GeForce RTX 4070 index_adaptateur=0 index_sortie=1 nom_sortie=\\.\DISPLAY5 attachee=true
2026-08-02T18:42:52.170688Z  INFO agent::capture::ouverture: protection multi-fils activée sur le contexte immédiat D3D11 protection_precedente=false
2026-08-02T18:42:52.170925Z  INFO agent::capture: duplication de sortie établie desktop_width=1280 desktop_height=720
2026-08-02T18:42:52.170965Z  INFO agent::encode: encodeur matériel retenu encodeur=NVIDIA H.264 Encoder MFT
2026-08-02T18:42:52.187951Z  INFO agent::capture::ouverture: protection multi-fils activée sur le contexte immédiat D3D11 protection_precedente=false
2026-08-02T18:42:52.188224Z  INFO agent::capture: duplication de sortie établie desktop_width=1280 desktop_height=720
2026-08-02T18:42:52.188263Z  INFO agent::encode: encodeur matériel retenu encodeur=NVIDIA H.264 Encoder MFT
2026-08-02T18:42:52.278851Z  INFO agent::encode::arret: file de travail sérialisée imposée mft="encodeur" file=14025336
2026-08-02T18:42:52.279079Z  INFO agent::encode: convertisseur BGRA→NV12 (Video Processor MFT) configuré converter_provides_samples=true
2026-08-02T18:42:52.279402Z  INFO agent::capteur::fenetre: fenêtre attachée au capteur session=w-4 sortie=\\.\DISPLAY6 largeur=1280 hauteur=720
2026-08-02T18:42:52.279414Z  INFO agent::capteur::fenetre: l'enfant a fermé le canal session=w-4 images=0
2026-08-02T18:42:52.279416Z  INFO agent::capteur::tube: attaché au capteur session=w-4 sortie=\\.\DISPLAY6 largeur=1280 hauteur=720
2026-08-02T18:42:52.279471Z  INFO agent::encode::arret: IMFShutdown::Shutdown : avant mft="encodeur"
2026-08-02T18:42:52.279486Z  INFO agent::capteur::distante: canal rattaché au capteur largeur=1280 hauteur=720
2026-08-02T18:42:52.279810Z  INFO agent::encode::arret: file de travail sérialisée imposée mft="encodeur" file=14287482
2026-08-02T18:42:52.279976Z  INFO agent::encode::arret: IMFShutdown::Shutdown : après mft="encodeur"
2026-08-02T18:42:52.280029Z  INFO agent::encode: convertisseur BGRA→NV12 (Video Processor MFT) configuré converter_provides_samples=true
2026-08-02T18:42:52.280276Z  INFO agent::capteur::fenetre: fenêtre attachée au capteur session=w-2 sortie=\\.\DISPLAY5 largeur=1280 hauteur=720
2026-08-02T18:42:52.280285Z  INFO agent::capteur::fenetre: l'enfant a fermé le canal session=w-2 images=0
2026-08-02T18:42:52.280287Z  INFO agent::capteur::tube: attaché au capteur session=w-2 sortie=\\.\DISPLAY5 largeur=1280 hauteur=720
2026-08-02T18:42:52.280316Z  INFO agent::encode::arret: IMFShutdown::Shutdown : avant mft="encodeur"
2026-08-02T18:42:52.280328Z  INFO agent::capteur::distante: canal rattaché au capteur largeur=1280 hauteur=720
2026-08-02T18:42:52.280892Z  INFO agent::encode::arret: IMFShutdown::Shutdown : après mft="encodeur"
2026-08-02T18:42:52.300342Z  WARN agent::capteur::serveur: DIAGNOSTIC : fil lecteur de commandes NON lancé
2026-08-02T18:42:52.300791Z  INFO agent::capture::ouverture: sortie retenue pour la duplication adaptateur=NVIDIA GeForce RTX 4070 index_adaptateur=0 index_sortie=2 nom_sortie=\\.\DISPLAY6 attachee=true
2026-08-02T18:42:52.311449Z  WARN agent::capteur::serveur: DIAGNOSTIC : fil lecteur de commandes NON lancé
2026-08-02T18:42:52.311773Z  INFO agent::capture::ouverture: sortie retenue pour la duplication adaptateur=NVIDIA GeForce RTX 4070 index_adaptateur=0 index_sortie=1 nom_sortie=\\.\DISPLAY5 attachee=true
2026-08-02T18:42:52.370240Z  INFO agent::capture::ouverture: protection multi-fils activée sur le contexte immédiat D3D11 protection_precedente=false
2026-08-02T18:42:52.370480Z  INFO agent::capture: duplication de sortie établie desktop_width=1280 desktop_height=720
2026-08-02T18:42:52.370531Z  INFO agent::encode: encodeur matériel retenu encodeur=NVIDIA H.264 Encoder MFT
2026-08-02T18:42:52.388349Z  INFO agent::capture::ouverture: protection multi-fils activée sur le contexte immédiat D3D11 protection_precedente=false
2026-08-02T18:42:52.388607Z  INFO agent::capture: duplication de sortie établie desktop_width=1280 desktop_height=720
2026-08-02T18:42:52.388648Z  INFO agent::encode: encodeur matériel retenu encodeur=NVIDIA H.264 Encoder MFT
2026-08-02T18:42:52.478422Z  INFO agent::encode::arret: file de travail sérialisée imposée mft="encodeur" file=14418560
2026-08-02T18:42:52.478572Z  INFO agent::encode::arret: file de travail sérialisée imposée mft="encodeur" file=14025342
2026-08-02T18:42:52.478650Z  INFO agent::encode: convertisseur BGRA→NV12 (Video Processor MFT) configuré converter_provides_samples=true
2026-08-02T18:42:52.478753Z  INFO agent::encode: convertisseur BGRA→NV12 (Video Processor MFT) configuré converter_provides_samples=true
2026-08-02T18:42:52.478991Z  INFO agent::capteur::fenetre: fenêtre attachée au capteur session=w-2 sortie=\\.\DISPLAY5 largeur=1280 hauteur=720
2026-08-02T18:42:52.479000Z  INFO agent::capteur::fenetre: l'enfant a fermé le canal session=w-2 images=0
2026-08-02T18:42:52.479005Z  INFO agent::capteur::tube: attaché au capteur session=w-2 sortie=\\.\DISPLAY5 largeur=1280 hauteur=720
2026-08-02T18:42:52.479032Z  INFO agent::capteur::fenetre: fenêtre attachée au capteur session=w-4 sortie=\\.\DISPLAY6 largeur=1280 hauteur=720
2026-08-02T18:42:52.479041Z  INFO agent::capteur::fenetre: l'enfant a fermé le canal session=w-4 images=0
2026-08-02T18:42:52.479044Z  INFO agent::capteur::tube: attaché au capteur session=w-4 sortie=\\.\DISPLAY6 largeur=1280 hauteur=720
2026-08-02T18:42:52.479056Z  INFO agent::encode::arret: IMFShutdown::Shutdown : avant mft="encodeur"
2026-08-02T18:42:52.479059Z  INFO agent::capteur::distante: canal rattaché au capteur largeur=1280 hauteur=720
2026-08-02T18:42:52.479090Z  INFO agent::encode::arret: IMFShutdown::Shutdown : avant mft="encodeur"
2026-08-02T18:42:52.479095Z  INFO agent::capteur::distante: canal rattaché au capteur largeur=1280 hauteur=720
2026-08-02T18:42:52.479635Z  INFO agent::encode::arret: IMFShutdown::Shutdown : après mft="encodeur"
2026-08-02T18:42:52.479779Z  INFO agent::encode::arret: IMFShutdown::Shutdown : après mft="encodeur"
2026-08-02T18:42:52.505346Z  WARN agent::capteur::serveur: DIAGNOSTIC : fil lecteur de commandes NON lancé
2026-08-02T18:42:52.505786Z  INFO agent::capture::ouverture: sortie retenue pour la duplication adaptateur=NVIDIA GeForce RTX 4070 index_adaptateur=0 index_sortie=2 nom_sortie=\\.\DISPLAY6 attachee=true
2026-08-02T18:42:52.509650Z  WARN agent::capteur::serveur: DIAGNOSTIC : fil lecteur de commandes NON lancé
2026-08-02T18:42:52.510030Z  INFO agent::capture::ouverture: sortie retenue pour la duplication adaptateur=NVIDIA GeForce RTX 4070 index_adaptateur=0 index_sortie=1 nom_sortie=\\.\DISPLAY5 attachee=true
2026-08-02T18:42:52.565315Z  INFO agent::capture::ouverture: protection multi-fils activée sur le contexte immédiat D3D11 protection_precedente=false
2026-08-02T18:42:52.565546Z  INFO agent::capture: duplication de sortie établie desktop_width=1280 desktop_height=720
2026-08-02T18:42:52.565584Z  INFO agent::encode: encodeur matériel retenu encodeur=NVIDIA H.264 Encoder MFT
2026-08-02T18:42:52.583299Z  INFO agent::capture::ouverture: protection multi-fils activée sur le contexte immédiat D3D11 protection_precedente=false
2026-08-02T18:42:52.583541Z  INFO agent::capture: duplication de sortie établie desktop_width=1280 desktop_height=720
2026-08-02T18:42:52.583581Z  INFO agent::encode: encodeur matériel retenu encodeur=NVIDIA H.264 Encoder MFT
2026-08-02T18:42:52.669843Z  INFO agent::encode::arret: file de travail sérialisée imposée mft="encodeur" file=14549638
2026-08-02T18:42:52.670071Z  INFO agent::encode: convertisseur BGRA→NV12 (Video Processor MFT) configuré converter_provides_samples=true
2026-08-02T18:42:52.670116Z  INFO agent::encode::arret: file de travail sérialisée imposée mft="encodeur" file=14025348
2026-08-02T18:42:52.670290Z  INFO agent::encode: convertisseur BGRA→NV12 (Video Processor MFT) configuré converter_provides_samples=true
2026-08-02T18:42:52.670344Z  INFO agent::capteur::fenetre: fenêtre attachée au capteur session=w-2 sortie=\\.\DISPLAY5 largeur=1280 hauteur=720
2026-08-02T18:42:52.670353Z  INFO agent::capteur::fenetre: l'enfant a fermé le canal session=w-2 images=0
2026-08-02T18:42:52.670363Z  INFO agent::capteur::tube: attaché au capteur session=w-2 sortie=\\.\DISPLAY5 largeur=1280 hauteur=720
2026-08-02T18:42:52.670414Z  INFO agent::encode::arret: IMFShutdown::Shutdown : avant mft="encodeur"
2026-08-02T18:42:52.670416Z  INFO agent::capteur::distante: canal rattaché au capteur largeur=1280 hauteur=720
2026-08-02T18:42:52.670609Z  INFO agent::capteur::fenetre: fenêtre attachée au capteur session=w-4 sortie=\\.\DISPLAY6 largeur=1280 hauteur=720
2026-08-02T18:42:52.670625Z  INFO agent::capteur::fenetre: l'enfant a fermé le canal session=w-4 images=0
2026-08-02T18:42:52.670623Z  INFO agent::capteur::tube: attaché au capteur session=w-4 sortie=\\.\DISPLAY6 largeur=1280 hauteur=720
2026-08-02T18:42:52.670667Z  INFO agent::capteur::distante: canal rattaché au capteur largeur=1280 hauteur=720
2026-08-02T18:42:52.670667Z  INFO agent::encode::arret: IMFShutdown::Shutdown : avant mft="encodeur"
2026-08-02T18:42:52.671040Z  INFO agent::encode::arret: IMFShutdown::Shutdown : après mft="encodeur"
2026-08-02T18:42:52.671326Z  INFO agent::encode::arret: IMFShutdown::Shutdown : après mft="encodeur"
2026-08-02T18:42:52.691385Z  WARN agent::capteur::serveur: DIAGNOSTIC : fil lecteur de commandes NON lancé
2026-08-02T18:42:52.691845Z  INFO agent::capture::ouverture: sortie retenue pour la duplication adaptateur=NVIDIA GeForce RTX 4070 index_adaptateur=0 index_sortie=1 nom_sortie=\\.\DISPLAY5 attachee=true
2026-08-02T18:42:52.701057Z  WARN agent::capteur::serveur: DIAGNOSTIC : fil lecteur de commandes NON lancé
2026-08-02T18:42:52.701382Z  INFO agent::capture::ouverture: sortie retenue pour la duplication adaptateur=NVIDIA GeForce RTX 4070 index_adaptateur=0 index_sortie=2 nom_sortie=\\.\DISPLAY6 attachee=true
2026-08-02T18:42:52.758173Z  INFO agent::capture::ouverture: protection multi-fils activée sur le contexte immédiat D3D11 protection_precedente=false
2026-08-02T18:42:52.759179Z  INFO agent::capture: duplication de sortie établie desktop_width=1280 desktop_height=720
2026-08-02T18:42:52.759218Z  INFO agent::encode: encodeur matériel retenu encodeur=NVIDIA H.264 Encoder MFT
2026-08-02T18:42:52.775274Z  INFO agent::capture::ouverture: protection multi-fils activée sur le contexte immédiat D3D11 protection_precedente=false
2026-08-02T18:42:52.775515Z  INFO agent::capture: duplication de sortie établie desktop_width=1280 desktop_height=720
2026-08-02T18:42:52.775555Z  INFO agent::encode: encodeur matériel retenu encodeur=NVIDIA H.264 Encoder MFT
2026-08-02T18:42:52.863690Z  INFO agent::encode::arret: file de travail sérialisée imposée mft="encodeur" file=14680716
2026-08-02T18:42:52.863870Z  INFO agent::encode::arret: file de travail sérialisée imposée mft="encodeur" file=14025354
2026-08-02T18:42:52.863916Z  INFO agent::encode: convertisseur BGRA→NV12 (Video Processor MFT) configuré converter_provides_samples=true
2026-08-02T18:42:52.864054Z  INFO agent::encode: convertisseur BGRA→NV12 (Video Processor MFT) configuré converter_provides_samples=true
2026-08-02T18:42:52.864192Z  INFO agent::capteur::fenetre: fenêtre attachée au capteur session=w-4 sortie=\\.\DISPLAY6 largeur=1280 hauteur=720
2026-08-02T18:42:52.864201Z  INFO agent::capteur::fenetre: l'enfant a fermé le canal session=w-4 images=0
2026-08-02T18:42:52.864210Z  INFO agent::capteur::tube: attaché au capteur session=w-4 sortie=\\.\DISPLAY6 largeur=1280 hauteur=720
2026-08-02T18:42:52.864263Z  INFO agent::capteur::distante: canal rattaché au capteur largeur=1280 hauteur=720
2026-08-02T18:42:52.864259Z  INFO agent::encode::arret: IMFShutdown::Shutdown : avant mft="encodeur"
2026-08-02T18:42:52.864277Z  INFO agent::capteur::fenetre: fenêtre attachée au capteur session=w-2 sortie=\\.\DISPLAY5 largeur=1280 hauteur=720
2026-08-02T18:42:52.864284Z  INFO agent::capteur::fenetre: l'enfant a fermé le canal session=w-2 images=0
2026-08-02T18:42:52.864291Z  INFO agent::capteur::tube: attaché au capteur session=w-2 sortie=\\.\DISPLAY5 largeur=1280 hauteur=720
2026-08-02T18:42:52.864319Z  INFO agent::encode::arret: IMFShutdown::Shutdown : avant mft="encodeur"
2026-08-02T18:42:52.864343Z  INFO agent::capteur::distante: canal rattaché au capteur largeur=1280 hauteur=720
2026-08-02T18:42:52.864876Z  INFO agent::encode::arret: IMFShutdown::Shutdown : après mft="encodeur"
2026-08-02T18:42:52.865024Z  INFO agent::encode::arret: IMFShutdown::Shutdown : après mft="encodeur"
2026-08-02T18:42:52.884849Z  WARN agent::capteur::serveur: DIAGNOSTIC : fil lecteur de commandes NON lancé
2026-08-02T18:42:52.885343Z  INFO agent::capture::ouverture: sortie retenue pour la duplication adaptateur=NVIDIA GeForce RTX 4070 index_adaptateur=0 index_sortie=1 nom_sortie=\\.\DISPLAY5 attachee=true
2026-08-02T18:42:52.894995Z  WARN agent::capteur::serveur: DIAGNOSTIC : fil lecteur de commandes NON lancé
2026-08-02T18:42:52.895339Z  INFO agent::capture::ouverture: sortie retenue pour la duplication adaptateur=NVIDIA GeForce RTX 4070 index_adaptateur=0 index_sortie=2 nom_sortie=\\.\DISPLAY6 attachee=true
2026-08-02T18:42:52.949243Z  INFO agent::capture::ouverture: protection multi-fils activée sur le contexte immédiat D3D11 protection_precedente=false
2026-08-02T18:42:52.949499Z  INFO agent::capture: duplication de sortie établie desktop_width=1280 desktop_height=720
2026-08-02T18:42:52.949539Z  INFO agent::encode: encodeur matériel retenu encodeur=NVIDIA H.264 Encoder MFT
2026-08-02T18:42:52.966026Z  INFO agent::capture::ouverture: protection multi-fils activée sur le contexte immédiat D3D11 protection_precedente=false
2026-08-02T18:42:52.966262Z  INFO agent::capture: duplication de sortie établie desktop_width=1280 desktop_height=720
2026-08-02T18:42:52.966303Z  INFO agent::encode: encodeur matériel retenu encodeur=NVIDIA H.264 Encoder MFT
2026-08-02T18:42:53.051853Z  INFO agent::encode::arret: file de travail sérialisée imposée mft="encodeur" file=14025360
2026-08-02T18:42:53.051984Z  INFO agent::encode::arret: file de travail sérialisée imposée mft="encodeur" file=14811794
2026-08-02T18:42:53.052085Z  INFO agent::encode: convertisseur BGRA→NV12 (Video Processor MFT) configuré converter_provides_samples=true
2026-08-02T18:42:53.052172Z  INFO agent::encode: convertisseur BGRA→NV12 (Video Processor MFT) configuré converter_provides_samples=true
2026-08-02T18:42:53.052345Z  INFO agent::capteur::fenetre: fenêtre attachée au capteur session=w-2 sortie=\\.\DISPLAY5 largeur=1280 hauteur=720
2026-08-02T18:42:53.052354Z  INFO agent::capteur::fenetre: l'enfant a fermé le canal session=w-2 images=0
2026-08-02T18:42:53.052361Z  INFO agent::capteur::tube: attaché au capteur session=w-2 sortie=\\.\DISPLAY5 largeur=1280 hauteur=720
2026-08-02T18:42:53.052401Z  INFO agent::encode::arret: IMFShutdown::Shutdown : avant mft="encodeur"
2026-08-02T18:42:53.052417Z  INFO agent::capteur::fenetre: fenêtre attachée au capteur session=w-4 sortie=\\.\DISPLAY6 largeur=1280 hauteur=720
2026-08-02T18:42:53.052427Z  INFO agent::capteur::fenetre: l'enfant a fermé le canal session=w-4 images=0
2026-08-02T18:42:53.052429Z  INFO agent::capteur::distante: canal rattaché au capteur largeur=1280 hauteur=720
2026-08-02T18:42:53.052432Z  INFO agent::capteur::tube: attaché au capteur session=w-4 sortie=\\.\DISPLAY6 largeur=1280 hauteur=720
2026-08-02T18:42:53.052474Z  INFO agent::encode::arret: IMFShutdown::Shutdown : avant mft="encodeur"
2026-08-02T18:42:53.052492Z  INFO agent::capteur::distante: canal rattaché au capteur largeur=1280 hauteur=720
2026-08-02T18:42:53.053116Z  INFO agent::encode::arret: IMFShutdown::Shutdown : après mft="encodeur"
2026-08-02T18:42:53.053281Z  INFO agent::encode::arret: IMFShutdown::Shutdown : après mft="encodeur"
2026-08-02T18:42:53.075941Z  WARN agent::capteur::serveur: DIAGNOSTIC : fil lecteur de commandes NON lancé
2026-08-02T18:42:53.076438Z  INFO agent::capture::ouverture: sortie retenue pour la duplication adaptateur=NVIDIA GeForce RTX 4070 index_adaptateur=0 index_sortie=2 nom_sortie=\\.\DISPLAY6 attachee=true
2026-08-02T18:42:53.083128Z  WARN agent::capteur::serveur: DIAGNOSTIC : fil lecteur de commandes NON lancé
2026-08-02T18:42:53.083483Z  INFO agent::capture::ouverture: sortie retenue pour la duplication adaptateur=NVIDIA GeForce RTX 4070 index_adaptateur=0 index_sortie=1 nom_sortie=\\.\DISPLAY5 attachee=true
2026-08-02T18:42:53.140565Z  INFO agent::capture::ouverture: protection multi-fils activée sur le contexte immédiat D3D11 protection_precedente=false
2026-08-02T18:42:53.140802Z  INFO agent::capture: duplication de sortie établie desktop_width=1280 desktop_height=720
2026-08-02T18:42:53.140851Z  INFO agent::encode: encodeur matériel retenu encodeur=NVIDIA H.264 Encoder MFT
2026-08-02T18:42:53.157738Z  INFO agent::capture::ouverture: protection multi-fils activée sur le contexte immédiat D3D11 protection_precedente=false
2026-08-02T18:42:53.158004Z  INFO agent::capture: duplication de sortie établie desktop_width=1280 desktop_height=720
2026-08-02T18:42:53.158047Z  INFO agent::encode: encodeur matériel retenu encodeur=NVIDIA H.264 Encoder MFT
2026-08-02T18:42:53.246585Z  INFO agent::encode::arret: file de travail sérialisée imposée mft="encodeur" file=14942872
2026-08-02T18:42:53.246809Z  INFO agent::encode: convertisseur BGRA→NV12 (Video Processor MFT) configuré converter_provides_samples=true
2026-08-02T18:42:53.246968Z  INFO agent::encode::arret: file de travail sérialisée imposée mft="encodeur" file=14025366
2026-08-02T18:42:53.247081Z  INFO agent::capteur::fenetre: fenêtre attachée au capteur session=w-2 sortie=\\.\DISPLAY5 largeur=1280 hauteur=720
2026-08-02T18:42:53.247091Z  INFO agent::capteur::fenetre: l'enfant a fermé le canal session=w-2 images=0
2026-08-02T18:42:53.247097Z  INFO agent::capteur::tube: attaché au capteur session=w-2 sortie=\\.\DISPLAY5 largeur=1280 hauteur=720
2026-08-02T18:42:53.247143Z  INFO agent::encode::arret: IMFShutdown::Shutdown : avant mft="encodeur"
2026-08-02T18:42:53.247148Z  INFO agent::capteur::distante: canal rattaché au capteur largeur=1280 hauteur=720
2026-08-02T18:42:53.247147Z  INFO agent::encode: convertisseur BGRA→NV12 (Video Processor MFT) configuré converter_provides_samples=true
2026-08-02T18:42:53.247439Z  INFO agent::capteur::fenetre: fenêtre attachée au capteur session=w-4 sortie=\\.\DISPLAY6 largeur=1280 hauteur=720
2026-08-02T18:42:53.247452Z  INFO agent::capteur::fenetre: l'enfant a fermé le canal session=w-4 images=0
2026-08-02T18:42:53.247451Z  INFO agent::capteur::tube: attaché au capteur session=w-4 sortie=\\.\DISPLAY6 largeur=1280 hauteur=720
2026-08-02T18:42:53.247492Z  INFO agent::encode::arret: IMFShutdown::Shutdown : avant mft="encodeur"
2026-08-02T18:42:53.247494Z  INFO agent::capteur::distante: canal rattaché au capteur largeur=1280 hauteur=720
2026-08-02T18:42:53.247631Z  INFO agent::encode::arret: IMFShutdown::Shutdown : après mft="encodeur"
2026-08-02T18:42:53.248125Z  INFO agent::encode::arret: IMFShutdown::Shutdown : après mft="encodeur"
2026-08-02T18:42:53.248839Z  WARN agent::transport::socket: échec de réception UDP transitoire, ignoré erreur=Une connexion existante a dû être fermée par l’hôte distant. (os error 10054) consecutives=1 backoff_ms=2
2026-08-02T18:42:53.268054Z  WARN agent::capteur::serveur: DIAGNOSTIC : fil lecteur de commandes NON lancé
2026-08-02T18:42:53.270675Z  INFO agent::capture::ouverture: sortie retenue pour la duplication adaptateur=NVIDIA GeForce RTX 4070 index_adaptateur=0 index_sortie=1 nom_sortie=\\.\DISPLAY5 attachee=true
2026-08-02T18:42:53.278346Z  WARN agent::capteur::serveur: DIAGNOSTIC : fil lecteur de commandes NON lancé
2026-08-02T18:42:53.278657Z  INFO agent::capture::ouverture: sortie retenue pour la duplication adaptateur=NVIDIA GeForce RTX 4070 index_adaptateur=0 index_sortie=2 nom_sortie=\\.\DISPLAY6 attachee=true
2026-08-02T18:42:53.330025Z  INFO agent::capture::ouverture: protection multi-fils activée sur le contexte immédiat D3D11 protection_precedente=false
2026-08-02T18:42:53.330254Z  INFO agent::capture: duplication de sortie établie desktop_width=1280 desktop_height=720
2026-08-02T18:42:53.330291Z  INFO agent::encode: encodeur matériel retenu encodeur=NVIDIA H.264 Encoder MFT
2026-08-02T18:42:53.347250Z  INFO agent::capture::ouverture: protection multi-fils activée sur le contexte immédiat D3D11 protection_precedente=false
2026-08-02T18:42:53.347471Z  INFO agent::capture: duplication de sortie établie desktop_width=1280 desktop_height=720
2026-08-02T18:42:53.347512Z  INFO agent::encode: encodeur matériel retenu encodeur=NVIDIA H.264 Encoder MFT
2026-08-02T18:42:53.435395Z  INFO agent::encode::arret: file de travail sérialisée imposée mft="encodeur" file=14025372
2026-08-02T18:42:53.435619Z  INFO agent::encode: convertisseur BGRA→NV12 (Video Processor MFT) configuré converter_provides_samples=true
2026-08-02T18:42:53.435762Z  INFO agent::encode::arret: file de travail sérialisée imposée mft="encodeur" file=15073950
2026-08-02T18:42:53.435897Z  INFO agent::capteur::fenetre: fenêtre attachée au capteur session=w-2 sortie=\\.\DISPLAY5 largeur=1280 hauteur=720
2026-08-02T18:42:53.435906Z  INFO agent::capteur::fenetre: l'enfant a fermé le canal session=w-2 images=0
2026-08-02T18:42:53.435911Z  INFO agent::capteur::tube: attaché au capteur session=w-2 sortie=\\.\DISPLAY5 largeur=1280 hauteur=720
2026-08-02T18:42:53.435947Z  INFO agent::encode::arret: IMFShutdown::Shutdown : avant mft="encodeur"
2026-08-02T18:42:53.435959Z  INFO agent::encode: convertisseur BGRA→NV12 (Video Processor MFT) configuré converter_provides_samples=true
2026-08-02T18:42:53.435962Z  INFO agent::capteur::distante: canal rattaché au capteur largeur=1280 hauteur=720
2026-08-02T18:42:53.436232Z  INFO agent::capteur::fenetre: fenêtre attachée au capteur session=w-4 sortie=\\.\DISPLAY6 largeur=1280 hauteur=720
2026-08-02T18:42:53.436244Z  INFO agent::capteur::fenetre: l'enfant a fermé le canal session=w-4 images=0
2026-08-02T18:42:53.436244Z  INFO agent::capteur::tube: attaché au capteur session=w-4 sortie=\\.\DISPLAY6 largeur=1280 hauteur=720
2026-08-02T18:42:53.436282Z  INFO agent::encode::arret: IMFShutdown::Shutdown : avant mft="encodeur"
2026-08-02T18:42:53.436292Z  INFO agent::capteur::distante: canal rattaché au capteur largeur=1280 hauteur=720
2026-08-02T18:42:53.436536Z  INFO agent::encode::arret: IMFShutdown::Shutdown : après mft="encodeur"
2026-08-02T18:42:53.436923Z  INFO agent::encode::arret: IMFShutdown::Shutdown : après mft="encodeur"
2026-08-02T18:42:53.437750Z  WARN agent::transport::socket: échec de réception UDP transitoire, ignoré erreur=Une connexion existante a dû être fermée par l’hôte distant. (os error 10054) consecutives=1 backoff_ms=2
2026-08-02T18:42:53.458337Z  WARN agent::capteur::serveur: DIAGNOSTIC : fil lecteur de commandes NON lancé
2026-08-02T18:42:53.458731Z  INFO agent::capture::ouverture: sortie retenue pour la duplication adaptateur=NVIDIA GeForce RTX 4070 index_adaptateur=0 index_sortie=1 nom_sortie=\\.\DISPLAY5 attachee=true
2026-08-02T18:42:53.467546Z  WARN agent::capteur::serveur: DIAGNOSTIC : fil lecteur de commandes NON lancé
2026-08-02T18:42:53.467927Z  INFO agent::capture::ouverture: sortie retenue pour la duplication adaptateur=NVIDIA GeForce RTX 4070 index_adaptateur=0 index_sortie=2 nom_sortie=\\.\DISPLAY6 attachee=true
2026-08-02T18:42:53.520730Z  INFO agent::capture::ouverture: protection multi-fils activée sur le contexte immédiat D3D11 protection_precedente=false
2026-08-02T18:42:53.521630Z  INFO agent::capture: duplication de sortie établie desktop_width=1280 desktop_height=720
2026-08-02T18:42:53.521670Z  INFO agent::encode: encodeur matériel retenu encodeur=NVIDIA H.264 Encoder MFT
2026-08-02T18:42:53.539476Z  INFO agent::capture::ouverture: protection multi-fils activée sur le contexte immédiat D3D11 protection_precedente=false
2026-08-02T18:42:53.539721Z  INFO agent::capture: duplication de sortie établie desktop_width=1280 desktop_height=720
2026-08-02T18:42:53.539766Z  INFO agent::encode: encodeur matériel retenu encodeur=NVIDIA H.264 Encoder MFT
2026-08-02T18:42:53.628540Z  INFO agent::encode::arret: file de travail sérialisée imposée mft="encodeur" file=14025378
2026-08-02T18:42:53.628760Z  INFO agent::encode: convertisseur BGRA→NV12 (Video Processor MFT) configuré converter_provides_samples=true
2026-08-02T18:42:53.628804Z  INFO agent::encode::arret: file de travail sérialisée imposée mft="encodeur" file=15205028
2026-08-02T18:42:53.628982Z  INFO agent::encode: convertisseur BGRA→NV12 (Video Processor MFT) configuré converter_provides_samples=true
2026-08-02T18:42:53.629027Z  INFO agent::capteur::fenetre: fenêtre attachée au capteur session=w-2 sortie=\\.\DISPLAY5 largeur=1280 hauteur=720
2026-08-02T18:42:53.629036Z  INFO agent::capteur::fenetre: l'enfant a fermé le canal session=w-2 images=0
2026-08-02T18:42:53.629045Z  INFO agent::capteur::tube: attaché au capteur session=w-2 sortie=\\.\DISPLAY5 largeur=1280 hauteur=720
2026-08-02T18:42:53.629096Z  INFO agent::capteur::distante: canal rattaché au capteur largeur=1280 hauteur=720
2026-08-02T18:42:53.629097Z  INFO agent::encode::arret: IMFShutdown::Shutdown : avant mft="encodeur"
2026-08-02T18:42:53.629242Z  INFO agent::capteur::fenetre: fenêtre attachée au capteur session=w-4 sortie=\\.\DISPLAY6 largeur=1280 hauteur=720
2026-08-02T18:42:53.629261Z  INFO agent::capteur::fenetre: l'enfant a fermé le canal session=w-4 images=0
2026-08-02T18:42:53.629257Z  INFO agent::capteur::tube: attaché au capteur session=w-4 sortie=\\.\DISPLAY6 largeur=1280 hauteur=720
2026-08-02T18:42:53.629300Z  INFO agent::capteur::distante: canal rattaché au capteur largeur=1280 hauteur=720
2026-08-02T18:42:53.629302Z  INFO agent::encode::arret: IMFShutdown::Shutdown : avant mft="encodeur"
2026-08-02T18:42:53.629702Z  INFO agent::encode::arret: IMFShutdown::Shutdown : après mft="encodeur"
2026-08-02T18:42:53.629921Z  INFO agent::encode::arret: IMFShutdown::Shutdown : après mft="encodeur"
2026-08-02T18:42:53.649657Z  WARN agent::capteur::serveur: DIAGNOSTIC : fil lecteur de commandes NON lancé
2026-08-02T18:42:53.650066Z  INFO agent::capture::ouverture: sortie retenue pour la duplication adaptateur=NVIDIA GeForce RTX 4070 index_adaptateur=0 index_sortie=1 nom_sortie=\\.\DISPLAY5 attachee=true
2026-08-02T18:42:53.660440Z  WARN agent::capteur::serveur: DIAGNOSTIC : fil lecteur de commandes NON lancé
2026-08-02T18:42:53.660824Z  INFO agent::capture::ouverture: sortie retenue pour la duplication adaptateur=NVIDIA GeForce RTX 4070 index_adaptateur=0 index_sortie=2 nom_sortie=\\.\DISPLAY6 attachee=true
2026-08-02T18:42:53.711188Z  INFO agent::capture::ouverture: protection multi-fils activée sur le contexte immédiat D3D11 protection_precedente=false
2026-08-02T18:42:53.711424Z  INFO agent::capture: duplication de sortie établie desktop_width=1280 desktop_height=720
2026-08-02T18:42:53.711462Z  INFO agent::encode: encodeur matériel retenu encodeur=NVIDIA H.264 Encoder MFT
2026-08-02T18:42:53.729158Z  INFO agent::capture::ouverture: protection multi-fils activée sur le contexte immédiat D3D11 protection_precedente=false
2026-08-02T18:42:53.729415Z  INFO agent::capture: duplication de sortie établie desktop_width=1280 desktop_height=720
2026-08-02T18:42:53.729456Z  INFO agent::encode: encodeur matériel retenu encodeur=NVIDIA H.264 Encoder MFT
2026-08-02T18:42:53.809648Z  INFO agent::encode::arret: file de travail sérialisée imposée mft="encodeur" file=15336106
2026-08-02T18:42:53.809882Z  INFO agent::encode: convertisseur BGRA→NV12 (Video Processor MFT) configuré converter_provides_samples=true
2026-08-02T18:42:53.814046Z  INFO agent::capteur::fenetre: fenêtre attachée au capteur session=w-4 sortie=\\.\DISPLAY6 largeur=1280 hauteur=720
2026-08-02T18:42:53.814063Z  INFO agent::capteur::fenetre: l'enfant a fermé le canal session=w-4 images=0
2026-08-02T18:42:53.814063Z  INFO agent::capteur::tube: attaché au capteur session=w-4 sortie=\\.\DISPLAY6 largeur=1280 hauteur=720
2026-08-02T18:42:53.814123Z  INFO agent::encode::arret: IMFShutdown::Shutdown : avant mft="encodeur"
2026-08-02T18:42:53.814144Z  INFO agent::capteur::distante: canal rattaché au capteur largeur=1280 hauteur=720
2026-08-02T18:42:53.814634Z  INFO agent::encode::arret: IMFShutdown::Shutdown : après mft="encodeur"
2026-08-02T18:42:53.819777Z  INFO agent::encode::arret: file de travail sérialisée imposée mft="encodeur" file=14025384
2026-08-02T18:42:53.820001Z  INFO agent::encode: convertisseur BGRA→NV12 (Video Processor MFT) configuré converter_provides_samples=true
2026-08-02T18:42:53.821076Z  INFO agent::capteur::fenetre: fenêtre attachée au capteur session=w-2 sortie=\\.\DISPLAY5 largeur=1280 hauteur=720
2026-08-02T18:42:53.821088Z  INFO agent::capteur::fenetre: l'enfant a fermé le canal session=w-2 images=0
2026-08-02T18:42:53.821090Z  INFO agent::capteur::tube: attaché au capteur session=w-2 sortie=\\.\DISPLAY5 largeur=1280 hauteur=720
2026-08-02T18:42:53.821144Z  INFO agent::encode::arret: IMFShutdown::Shutdown : avant mft="encodeur"
2026-08-02T18:42:53.821153Z  INFO agent::capteur::distante: canal rattaché au capteur largeur=1280 hauteur=720
2026-08-02T18:42:53.821851Z  INFO agent::encode::arret: IMFShutdown::Shutdown : après mft="encodeur"
2026-08-02T18:42:53.845076Z  WARN agent::capteur::serveur: DIAGNOSTIC : fil lecteur de commandes NON lancé
2026-08-02T18:42:53.845409Z  INFO agent::capture::ouverture: sortie retenue pour la duplication adaptateur=NVIDIA GeForce RTX 4070 index_adaptateur=0 index_sortie=2 nom_sortie=\\.\DISPLAY6 attachee=true
2026-08-02T18:42:53.852144Z  WARN agent::capteur::serveur: DIAGNOSTIC : fil lecteur de commandes NON lancé
2026-08-02T18:42:53.852471Z  INFO agent::capture::ouverture: sortie retenue pour la duplication adaptateur=NVIDIA GeForce RTX 4070 index_adaptateur=0 index_sortie=1 nom_sortie=\\.\DISPLAY5 attachee=true
2026-08-02T18:42:53.906485Z  INFO agent::capture::ouverture: protection multi-fils activée sur le contexte immédiat D3D11 protection_precedente=false
2026-08-02T18:42:53.906730Z  INFO agent::capture: duplication de sortie établie desktop_width=1280 desktop_height=720
2026-08-02T18:42:53.906768Z  INFO agent::encode: encodeur matériel retenu encodeur=NVIDIA H.264 Encoder MFT
2026-08-02T18:42:53.923727Z  INFO agent::capture::ouverture: protection multi-fils activée sur le contexte immédiat D3D11 protection_precedente=false
2026-08-02T18:42:53.923954Z  INFO agent::capture: duplication de sortie établie desktop_width=1280 desktop_height=720
2026-08-02T18:42:53.923994Z  INFO agent::encode: encodeur matériel retenu encodeur=NVIDIA H.264 Encoder MFT
2026-08-02T18:42:54.013754Z  INFO agent::encode::arret: file de travail sérialisée imposée mft="encodeur" file=15467184
2026-08-02T18:42:54.013917Z  INFO agent::encode::arret: file de travail sérialisée imposée mft="encodeur" file=14025390
2026-08-02T18:42:54.013979Z  INFO agent::encode: convertisseur BGRA→NV12 (Video Processor MFT) configuré converter_provides_samples=true
2026-08-02T18:42:54.014104Z  INFO agent::encode: convertisseur BGRA→NV12 (Video Processor MFT) configuré converter_provides_samples=true
2026-08-02T18:42:54.014244Z  INFO agent::capteur::fenetre: fenêtre attachée au capteur session=w-2 sortie=\\.\DISPLAY5 largeur=1280 hauteur=720
2026-08-02T18:42:54.014254Z  INFO agent::capteur::fenetre: l'enfant a fermé le canal session=w-2 images=0
2026-08-02T18:42:54.014263Z  INFO agent::capteur::tube: attaché au capteur session=w-2 sortie=\\.\DISPLAY5 largeur=1280 hauteur=720
2026-08-02T18:42:54.014303Z  INFO agent::encode::arret: IMFShutdown::Shutdown : avant mft="encodeur"
2026-08-02T18:42:54.014328Z  INFO agent::capteur::distante: canal rattaché au capteur largeur=1280 hauteur=720
2026-08-02T18:42:54.014343Z  INFO agent::capteur::fenetre: fenêtre attachée au capteur session=w-4 sortie=\\.\DISPLAY6 largeur=1280 hauteur=720
2026-08-02T18:42:54.014354Z  INFO agent::capteur::fenetre: l'enfant a fermé le canal session=w-4 images=0
2026-08-02T18:42:54.014360Z  INFO agent::capteur::tube: attaché au capteur session=w-4 sortie=\\.\DISPLAY6 largeur=1280 hauteur=720
2026-08-02T18:42:54.014392Z  INFO agent::encode::arret: IMFShutdown::Shutdown : avant mft="encodeur"
2026-08-02T18:42:54.014420Z  INFO agent::capteur::distante: canal rattaché au capteur largeur=1280 hauteur=720
2026-08-02T18:42:54.014899Z  INFO agent::encode::arret: IMFShutdown::Shutdown : après mft="encodeur"
2026-08-02T18:42:54.015094Z  INFO agent::encode::arret: IMFShutdown::Shutdown : après mft="encodeur"
2026-08-02T18:42:54.035198Z  WARN agent::capteur::serveur: DIAGNOSTIC : fil lecteur de commandes NON lancé
2026-08-02T18:42:54.035657Z  INFO agent::capture::ouverture: sortie retenue pour la duplication adaptateur=NVIDIA GeForce RTX 4070 index_adaptateur=0 index_sortie=1 nom_sortie=\\.\DISPLAY5 attachee=true
2026-08-02T18:42:54.044689Z  WARN agent::capteur::serveur: DIAGNOSTIC : fil lecteur de commandes NON lancé
2026-08-02T18:42:54.045055Z  INFO agent::capture::ouverture: sortie retenue pour la duplication adaptateur=NVIDIA GeForce RTX 4070 index_adaptateur=0 index_sortie=2 nom_sortie=\\.\DISPLAY6 attachee=true
2026-08-02T18:42:54.101626Z  INFO agent::capture::ouverture: protection multi-fils activée sur le contexte immédiat D3D11 protection_precedente=false
2026-08-02T18:42:54.101869Z  INFO agent::capture: duplication de sortie établie desktop_width=1280 desktop_height=720
2026-08-02T18:42:54.101908Z  INFO agent::encode: encodeur matériel retenu encodeur=NVIDIA H.264 Encoder MFT
2026-08-02T18:42:54.119398Z  INFO agent::capture::ouverture: protection multi-fils activée sur le contexte immédiat D3D11 protection_precedente=false
2026-08-02T18:42:54.119635Z  INFO agent::capture: duplication de sortie établie desktop_width=1280 desktop_height=720
2026-08-02T18:42:54.119674Z  INFO agent::encode: encodeur matériel retenu encodeur=NVIDIA H.264 Encoder MFT
2026-08-02T18:42:54.206694Z  INFO agent::encode::arret: file de travail sérialisée imposée mft="encodeur" file=14025396
2026-08-02T18:42:54.206880Z  INFO agent::encode::arret: file de travail sérialisée imposée mft="encodeur" file=15598262
2026-08-02T18:42:54.206921Z  INFO agent::encode: convertisseur BGRA→NV12 (Video Processor MFT) configuré converter_provides_samples=true
2026-08-02T18:42:54.207071Z  INFO agent::encode: convertisseur BGRA→NV12 (Video Processor MFT) configuré converter_provides_samples=true
2026-08-02T18:42:54.207191Z  INFO agent::capteur::fenetre: fenêtre attachée au capteur session=w-2 sortie=\\.\DISPLAY5 largeur=1280 hauteur=720
2026-08-02T18:42:54.207201Z  INFO agent::capteur::fenetre: l'enfant a fermé le canal session=w-2 images=0
2026-08-02T18:42:54.207205Z  INFO agent::capteur::tube: attaché au capteur session=w-2 sortie=\\.\DISPLAY5 largeur=1280 hauteur=720
2026-08-02T18:42:54.207254Z  INFO agent::encode::arret: IMFShutdown::Shutdown : avant mft="encodeur"
2026-08-02T18:42:54.207266Z  INFO agent::capteur::distante: canal rattaché au capteur largeur=1280 hauteur=720
2026-08-02T18:42:54.207298Z  INFO agent::capteur::fenetre: fenêtre attachée au capteur session=w-4 sortie=\\.\DISPLAY6 largeur=1280 hauteur=720
2026-08-02T18:42:54.207307Z  INFO agent::capteur::fenetre: l'enfant a fermé le canal session=w-4 images=0
2026-08-02T18:42:54.207311Z  INFO agent::capteur::tube: attaché au capteur session=w-4 sortie=\\.\DISPLAY6 largeur=1280 hauteur=720
2026-08-02T18:42:54.207340Z  INFO agent::encode::arret: IMFShutdown::Shutdown : avant mft="encodeur"
2026-08-02T18:42:54.207358Z  INFO agent::capteur::distante: canal rattaché au capteur largeur=1280 hauteur=720
2026-08-02T18:42:54.207859Z  INFO agent::encode::arret: IMFShutdown::Shutdown : après mft="encodeur"
2026-08-02T18:42:54.208015Z  INFO agent::encode::arret: IMFShutdown::Shutdown : après mft="encodeur"
2026-08-02T18:42:54.227995Z  WARN agent::capteur::serveur: DIAGNOSTIC : fil lecteur de commandes NON lancé
2026-08-02T18:42:54.228443Z  INFO agent::capture::ouverture: sortie retenue pour la duplication adaptateur=NVIDIA GeForce RTX 4070 index_adaptateur=0 index_sortie=2 nom_sortie=\\.\DISPLAY6 attachee=true
2026-08-02T18:42:54.238140Z  WARN agent::capteur::serveur: DIAGNOSTIC : fil lecteur de commandes NON lancé
2026-08-02T18:42:54.238476Z  INFO agent::capture::ouverture: sortie retenue pour la duplication adaptateur=NVIDIA GeForce RTX 4070 index_adaptateur=0 index_sortie=1 nom_sortie=\\.\DISPLAY5 attachee=true
2026-08-02T18:42:54.292566Z  INFO agent::capture::ouverture: protection multi-fils activée sur le contexte immédiat D3D11 protection_precedente=false
2026-08-02T18:42:54.292814Z  INFO agent::capture: duplication de sortie établie desktop_width=1280 desktop_height=720
2026-08-02T18:42:54.292853Z  INFO agent::encode: encodeur matériel retenu encodeur=NVIDIA H.264 Encoder MFT
2026-08-02T18:42:54.310150Z  INFO agent::capture::ouverture: protection multi-fils activée sur le contexte immédiat D3D11 protection_precedente=false
2026-08-02T18:42:54.310366Z  INFO agent::capture: duplication de sortie établie desktop_width=1280 desktop_height=720
2026-08-02T18:42:54.310405Z  INFO agent::encode: encodeur matériel retenu encodeur=NVIDIA H.264 Encoder MFT
2026-08-02T18:42:54.399820Z  INFO agent::encode::arret: file de travail sérialisée imposée mft="encodeur" file=14025402
2026-08-02T18:42:54.399932Z  INFO agent::encode::arret: file de travail sérialisée imposée mft="encodeur" file=15729340
2026-08-02T18:42:54.400048Z  INFO agent::encode: convertisseur BGRA→NV12 (Video Processor MFT) configuré converter_provides_samples=true
2026-08-02T18:42:54.400127Z  INFO agent::encode: convertisseur BGRA→NV12 (Video Processor MFT) configuré converter_provides_samples=true
2026-08-02T18:42:54.400333Z  INFO agent::capteur::fenetre: fenêtre attachée au capteur session=w-4 sortie=\\.\DISPLAY6 largeur=1280 hauteur=720
2026-08-02T18:42:54.400342Z  INFO agent::capteur::fenetre: l'enfant a fermé le canal session=w-4 images=0
2026-08-02T18:42:54.400348Z  INFO agent::capteur::tube: attaché au capteur session=w-4 sortie=\\.\DISPLAY6 largeur=1280 hauteur=720
2026-08-02T18:42:54.400383Z  INFO agent::encode::arret: IMFShutdown::Shutdown : avant mft="encodeur"
2026-08-02T18:42:54.400401Z  INFO agent::capteur::distante: canal rattaché au capteur largeur=1280 hauteur=720
2026-08-02T18:42:54.400432Z  INFO agent::capteur::fenetre: fenêtre attachée au capteur session=w-2 sortie=\\.\DISPLAY5 largeur=1280 hauteur=720
2026-08-02T18:42:54.400444Z  INFO agent::capteur::fenetre: l'enfant a fermé le canal session=w-2 images=0
2026-08-02T18:42:54.400443Z  INFO agent::capteur::tube: attaché au capteur session=w-2 sortie=\\.\DISPLAY5 largeur=1280 hauteur=720
2026-08-02T18:42:54.400477Z  INFO agent::encode::arret: IMFShutdown::Shutdown : avant mft="encodeur"
2026-08-02T18:42:54.400497Z  INFO agent::capteur::distante: canal rattaché au capteur largeur=1280 hauteur=720
2026-08-02T18:42:54.401216Z  INFO agent::encode::arret: IMFShutdown::Shutdown : après mft="encodeur"
2026-08-02T18:42:54.401398Z  INFO agent::encode::arret: IMFShutdown::Shutdown : après mft="encodeur"
2026-08-02T18:42:54.420717Z  WARN agent::capteur::serveur: DIAGNOSTIC : fil lecteur de commandes NON lancé
2026-08-02T18:42:54.421212Z  INFO agent::capture::ouverture: sortie retenue pour la duplication adaptateur=NVIDIA GeForce RTX 4070 index_adaptateur=0 index_sortie=2 nom_sortie=\\.\DISPLAY6 attachee=true
2026-08-02T18:42:54.431052Z  WARN agent::capteur::serveur: DIAGNOSTIC : fil lecteur de commandes NON lancé
2026-08-02T18:42:54.431416Z  INFO agent::capture::ouverture: sortie retenue pour la duplication adaptateur=NVIDIA GeForce RTX 4070 index_adaptateur=0 index_sortie=1 nom_sortie=\\.\DISPLAY5 attachee=true
2026-08-02T18:42:54.486475Z  INFO agent::capture::ouverture: protection multi-fils activée sur le contexte immédiat D3D11 protection_precedente=false
2026-08-02T18:42:54.486739Z  INFO agent::capture: duplication de sortie établie desktop_width=1280 desktop_height=720
2026-08-02T18:42:54.486778Z  INFO agent::encode: encodeur matériel retenu encodeur=NVIDIA H.264 Encoder MFT
2026-08-02T18:42:54.504622Z  INFO agent::capture::ouverture: protection multi-fils activée sur le contexte immédiat D3D11 protection_precedente=false
2026-08-02T18:42:54.504863Z  INFO agent::capture: duplication de sortie établie desktop_width=1280 desktop_height=720
2026-08-02T18:42:54.504904Z  INFO agent::encode: encodeur matériel retenu encodeur=NVIDIA H.264 Encoder MFT
2026-08-02T18:42:54.588202Z  INFO agent::encode::arret: file de travail sérialisée imposée mft="encodeur" file=15860418
2026-08-02T18:42:54.588441Z  INFO agent::encode: convertisseur BGRA→NV12 (Video Processor MFT) configuré converter_provides_samples=true
2026-08-02T18:42:54.588782Z  INFO agent::capteur::fenetre: fenêtre attachée au capteur session=w-2 sortie=\\.\DISPLAY5 largeur=1280 hauteur=720
2026-08-02T18:42:54.588793Z  INFO agent::capteur::fenetre: l'enfant a fermé le canal session=w-2 images=0
2026-08-02T18:42:54.588797Z  INFO agent::capteur::tube: attaché au capteur session=w-2 sortie=\\.\DISPLAY5 largeur=1280 hauteur=720
2026-08-02T18:42:54.588852Z  INFO agent::encode::arret: IMFShutdown::Shutdown : avant mft="encodeur"
2026-08-02T18:42:54.588852Z  INFO agent::capteur::distante: canal rattaché au capteur largeur=1280 hauteur=720
2026-08-02T18:42:54.589339Z  INFO agent::encode::arret: IMFShutdown::Shutdown : après mft="encodeur"
2026-08-02T18:42:54.604615Z  INFO agent::encode::arret: file de travail sérialisée imposée mft="encodeur" file=14025408
2026-08-02T18:42:54.604878Z  INFO agent::encode: convertisseur BGRA→NV12 (Video Processor MFT) configuré converter_provides_samples=true
2026-08-02T18:42:54.605182Z  INFO agent::capteur::fenetre: fenêtre attachée au capteur session=w-4 sortie=\\.\DISPLAY6 largeur=1280 hauteur=720
2026-08-02T18:42:54.605193Z  INFO agent::capteur::fenetre: l'enfant a fermé le canal session=w-4 images=0
2026-08-02T18:42:54.605198Z  INFO agent::capteur::tube: attaché au capteur session=w-4 sortie=\\.\DISPLAY6 largeur=1280 hauteur=720
2026-08-02T18:42:54.605245Z  INFO agent::encode::arret: IMFShutdown::Shutdown : avant mft="encodeur"
2026-08-02T18:42:54.605266Z  INFO agent::capteur::distante: canal rattaché au capteur largeur=1280 hauteur=720
2026-08-02T18:42:54.605813Z  INFO agent::encode::arret: IMFShutdown::Shutdown : après mft="encodeur"
2026-08-02T18:42:54.619512Z  WARN agent::capteur::serveur: DIAGNOSTIC : fil lecteur de commandes NON lancé
2026-08-02T18:42:54.619964Z  INFO agent::capture::ouverture: sortie retenue pour la duplication adaptateur=NVIDIA GeForce RTX 4070 index_adaptateur=0 index_sortie=1 nom_sortie=\\.\DISPLAY5 attachee=true
2026-08-02T18:42:54.625584Z  WARN agent::capteur::serveur: DIAGNOSTIC : fil lecteur de commandes NON lancé
2026-08-02T18:42:54.625915Z  INFO agent::capture::ouverture: sortie retenue pour la duplication adaptateur=NVIDIA GeForce RTX 4070 index_adaptateur=0 index_sortie=2 nom_sortie=\\.\DISPLAY6 attachee=true
2026-08-02T18:42:54.684874Z  INFO agent::capture::ouverture: protection multi-fils activée sur le contexte immédiat D3D11 protection_precedente=false
2026-08-02T18:42:54.685124Z  INFO agent::capture: duplication de sortie établie desktop_width=1280 desktop_height=720
2026-08-02T18:42:54.685163Z  INFO agent::encode: encodeur matériel retenu encodeur=NVIDIA H.264 Encoder MFT
2026-08-02T18:42:54.702444Z  INFO agent::capture::ouverture: protection multi-fils activée sur le contexte immédiat D3D11 protection_precedente=false
2026-08-02T18:42:54.702668Z  INFO agent::capture: duplication de sortie établie desktop_width=1280 desktop_height=720
2026-08-02T18:42:54.702707Z  INFO agent::encode: encodeur matériel retenu encodeur=NVIDIA H.264 Encoder MFT
2026-08-02T18:42:54.781348Z  INFO agent::encode::arret: file de travail sérialisée imposée mft="encodeur" file=14025414
2026-08-02T18:42:54.781587Z  INFO agent::encode: convertisseur BGRA→NV12 (Video Processor MFT) configuré converter_provides_samples=true
2026-08-02T18:42:54.781934Z  INFO agent::capteur::fenetre: fenêtre attachée au capteur session=w-2 sortie=\\.\DISPLAY5 largeur=1280 hauteur=720
2026-08-02T18:42:54.781948Z  INFO agent::capteur::fenetre: l'enfant a fermé le canal session=w-2 images=0
2026-08-02T18:42:54.781948Z  INFO agent::capteur::tube: attaché au capteur session=w-2 sortie=\\.\DISPLAY5 largeur=1280 hauteur=720
2026-08-02T18:42:54.781996Z  INFO agent::encode::arret: IMFShutdown::Shutdown : avant mft="encodeur"
2026-08-02T18:42:54.781999Z  INFO agent::capteur::distante: canal rattaché au capteur largeur=1280 hauteur=720
2026-08-02T18:42:54.782456Z  INFO agent::encode::arret: IMFShutdown::Shutdown : après mft="encodeur"
2026-08-02T18:42:54.796608Z  INFO agent::encode::arret: file de travail sérialisée imposée mft="encodeur" file=15991496
2026-08-02T18:42:54.796859Z  INFO agent::encode: convertisseur BGRA→NV12 (Video Processor MFT) configuré converter_provides_samples=true
2026-08-02T18:42:54.797159Z  INFO agent::capteur::fenetre: fenêtre attachée au capteur session=w-4 sortie=\\.\DISPLAY6 largeur=1280 hauteur=720
2026-08-02T18:42:54.797170Z  INFO agent::capteur::fenetre: l'enfant a fermé le canal session=w-4 images=0
2026-08-02T18:42:54.797179Z  INFO agent::capteur::tube: attaché au capteur session=w-4 sortie=\\.\DISPLAY6 largeur=1280 hauteur=720
2026-08-02T18:42:54.797230Z  INFO agent::encode::arret: IMFShutdown::Shutdown : avant mft="encodeur"
2026-08-02T18:42:54.797250Z  INFO agent::capteur::distante: canal rattaché au capteur largeur=1280 hauteur=720
2026-08-02T18:42:54.797891Z  INFO agent::encode::arret: IMFShutdown::Shutdown : après mft="encodeur"
2026-08-02T18:42:54.813199Z  WARN agent::capteur::serveur: DIAGNOSTIC : fil lecteur de commandes NON lancé
2026-08-02T18:42:54.813566Z  INFO agent::capture::ouverture: sortie retenue pour la duplication adaptateur=NVIDIA GeForce RTX 4070 index_adaptateur=0 index_sortie=1 nom_sortie=\\.\DISPLAY5 attachee=true
2026-08-02T18:42:54.817839Z  WARN agent::capteur::serveur: DIAGNOSTIC : fil lecteur de commandes NON lancé
2026-08-02T18:42:54.818199Z  INFO agent::capture::ouverture: sortie retenue pour la duplication adaptateur=NVIDIA GeForce RTX 4070 index_adaptateur=0 index_sortie=2 nom_sortie=\\.\DISPLAY6 attachee=true
2026-08-02T18:42:54.876012Z  INFO agent::capture::ouverture: protection multi-fils activée sur le contexte immédiat D3D11 protection_precedente=false
2026-08-02T18:42:54.876257Z  INFO agent::capture: duplication de sortie établie desktop_width=1280 desktop_height=720
2026-08-02T18:42:54.876297Z  INFO agent::encode: encodeur matériel retenu encodeur=NVIDIA H.264 Encoder MFT
2026-08-02T18:42:54.896415Z  INFO agent::capture::ouverture: protection multi-fils activée sur le contexte immédiat D3D11 protection_precedente=false
2026-08-02T18:42:54.896679Z  INFO agent::capture: duplication de sortie établie desktop_width=1280 desktop_height=720
2026-08-02T18:42:54.896721Z  INFO agent::encode: encodeur matériel retenu encodeur=NVIDIA H.264 Encoder MFT
2026-08-02T18:42:54.973647Z  INFO agent::encode::arret: file de travail sérialisée imposée mft="encodeur" file=14025420
2026-08-02T18:42:54.973866Z  INFO agent::encode: convertisseur BGRA→NV12 (Video Processor MFT) configuré converter_provides_samples=true
2026-08-02T18:42:54.974168Z  INFO agent::capteur::fenetre: fenêtre attachée au capteur session=w-2 sortie=\\.\DISPLAY5 largeur=1280 hauteur=720
2026-08-02T18:42:54.974177Z  INFO agent::capteur::fenetre: l'enfant a fermé le canal session=w-2 images=0
2026-08-02T18:42:54.974184Z  INFO agent::capteur::tube: attaché au capteur session=w-2 sortie=\\.\DISPLAY5 largeur=1280 hauteur=720
2026-08-02T18:42:54.974235Z  INFO agent::encode::arret: IMFShutdown::Shutdown : avant mft="encodeur"
2026-08-02T18:42:54.974244Z  INFO agent::capteur::distante: canal rattaché au capteur largeur=1280 hauteur=720
2026-08-02T18:42:54.974730Z  INFO agent::encode::arret: IMFShutdown::Shutdown : après mft="encodeur"
2026-08-02T18:42:54.997536Z  INFO agent::encode::arret: file de travail sérialisée imposée mft="encodeur" file=16122574
2026-08-02T18:42:54.997764Z  INFO agent::encode: convertisseur BGRA→NV12 (Video Processor MFT) configuré converter_provides_samples=true
2026-08-02T18:42:54.998114Z  INFO agent::capteur::fenetre: fenêtre attachée au capteur session=w-4 sortie=\\.\DISPLAY6 largeur=1280 hauteur=720
2026-08-02T18:42:54.998124Z  INFO agent::capteur::fenetre: l'enfant a fermé le canal session=w-4 images=0
2026-08-02T18:42:54.998130Z  INFO agent::capteur::tube: attaché au capteur session=w-4 sortie=\\.\DISPLAY6 largeur=1280 hauteur=720
2026-08-02T18:42:54.998181Z  INFO agent::encode::arret: IMFShutdown::Shutdown : avant mft="encodeur"
2026-08-02T18:42:54.998205Z  INFO agent::capteur::distante: canal rattaché au capteur largeur=1280 hauteur=720
2026-08-02T18:42:54.998779Z  INFO agent::encode::arret: IMFShutdown::Shutdown : après mft="encodeur"
2026-08-02T18:42:55.004718Z  WARN agent::capteur::serveur: DIAGNOSTIC : fil lecteur de commandes NON lancé
2026-08-02T18:42:55.005068Z  INFO agent::capture::ouverture: sortie retenue pour la duplication adaptateur=NVIDIA GeForce RTX 4070 index_adaptateur=0 index_sortie=1 nom_sortie=\\.\DISPLAY5 attachee=true
2026-08-02T18:42:55.026619Z  INFO agent::capture::ouverture: protection multi-fils activée sur le contexte immédiat D3D11 protection_precedente=false
2026-08-02T18:42:55.026876Z  INFO agent::capture: duplication de sortie établie desktop_width=1280 desktop_height=720
2026-08-02T18:42:55.026920Z  INFO agent::encode: encodeur matériel retenu encodeur=NVIDIA H.264 Encoder MFT
2026-08-02T18:42:55.028873Z  WARN agent::capteur::serveur: DIAGNOSTIC : fil lecteur de commandes NON lancé
2026-08-02T18:42:55.029198Z  INFO agent::capture::ouverture: sortie retenue pour la duplication adaptateur=NVIDIA GeForce RTX 4070 index_adaptateur=0 index_sortie=2 nom_sortie=\\.\DISPLAY6 attachee=true
2026-08-02T18:42:55.062762Z  INFO agent::capture::ouverture: protection multi-fils activée sur le contexte immédiat D3D11 protection_precedente=false
2026-08-02T18:42:55.063013Z  INFO agent::capture: duplication de sortie établie desktop_width=1280 desktop_height=720
2026-08-02T18:42:55.063056Z  INFO agent::encode: encodeur matériel retenu encodeur=NVIDIA H.264 Encoder MFT
2026-08-02T18:42:55.106034Z  INFO agent::encode::arret: file de travail sérialisée imposée mft="encodeur" file=14025426
2026-08-02T18:42:55.106244Z  INFO agent::encode: convertisseur BGRA→NV12 (Video Processor MFT) configuré converter_provides_samples=true
2026-08-02T18:42:55.106550Z  INFO agent::capteur::fenetre: fenêtre attachée au capteur session=w-2 sortie=\\.\DISPLAY5 largeur=1280 hauteur=720
2026-08-02T18:42:55.106563Z  INFO agent::capteur::fenetre: l'enfant a fermé le canal session=w-2 images=0
2026-08-02T18:42:55.106564Z  INFO agent::capteur::tube: attaché au capteur session=w-2 sortie=\\.\DISPLAY5 largeur=1280 hauteur=720
2026-08-02T18:42:55.106614Z  INFO agent::encode::arret: IMFShutdown::Shutdown : avant mft="encodeur"
2026-08-02T18:42:55.106616Z  INFO agent::capteur::distante: canal rattaché au capteur largeur=1280 hauteur=720
2026-08-02T18:42:55.107054Z  INFO agent::encode::arret: IMFShutdown::Shutdown : après mft="encodeur"
2026-08-02T18:42:55.131519Z  INFO agent::encode::arret: file de travail sérialisée imposée mft="encodeur" file=16253652
2026-08-02T18:42:55.131732Z  INFO agent::encode: convertisseur BGRA→NV12 (Video Processor MFT) configuré converter_provides_samples=true
2026-08-02T18:42:55.131970Z  INFO agent::capteur::fenetre: fenêtre attachée au capteur session=w-4 sortie=\\.\DISPLAY6 largeur=1280 hauteur=720
2026-08-02T18:42:55.131980Z  INFO agent::capteur::fenetre: l'enfant a fermé le canal session=w-4 images=0
2026-08-02T18:42:55.131985Z  INFO agent::capteur::tube: attaché au capteur session=w-4 sortie=\\.\DISPLAY6 largeur=1280 hauteur=720
2026-08-02T18:42:55.132035Z  INFO agent::encode::arret: IMFShutdown::Shutdown : avant mft="encodeur"
2026-08-02T18:42:55.132044Z  INFO agent::capteur::distante: canal rattaché au capteur largeur=1280 hauteur=720
2026-08-02T18:42:55.132663Z  INFO agent::encode::arret: IMFShutdown::Shutdown : après mft="encodeur"
2026-08-02T18:42:55.137781Z  WARN agent::capteur::serveur: DIAGNOSTIC : fil lecteur de commandes NON lancé
2026-08-02T18:42:55.138131Z  INFO agent::capture::ouverture: sortie retenue pour la duplication adaptateur=NVIDIA GeForce RTX 4070 index_adaptateur=0 index_sortie=1 nom_sortie=\\.\DISPLAY5 attachee=true
2026-08-02T18:42:55.157870Z  INFO agent::capture::ouverture: protection multi-fils activée sur le contexte immédiat D3D11 protection_precedente=false
2026-08-02T18:42:55.158112Z  INFO agent::capture: duplication de sortie établie desktop_width=1280 desktop_height=720
2026-08-02T18:42:55.158155Z  INFO agent::encode: encodeur matériel retenu encodeur=NVIDIA H.264 Encoder MFT
2026-08-02T18:42:55.163098Z  WARN agent::capteur::serveur: DIAGNOSTIC : fil lecteur de commandes NON lancé
2026-08-02T18:42:55.163489Z  INFO agent::capture::ouverture: sortie retenue pour la duplication adaptateur=NVIDIA GeForce RTX 4070 index_adaptateur=0 index_sortie=2 nom_sortie=\\.\DISPLAY6 attachee=true
2026-08-02T18:42:55.195865Z  INFO agent::capture::ouverture: protection multi-fils activée sur le contexte immédiat D3D11 protection_precedente=false
2026-08-02T18:42:55.196110Z  INFO agent::capture: duplication de sortie établie desktop_width=1280 desktop_height=720
2026-08-02T18:42:55.196158Z  INFO agent::encode: encodeur matériel retenu encodeur=NVIDIA H.264 Encoder MFT
2026-08-02T18:42:55.239228Z  INFO agent::encode::arret: file de travail sérialisée imposée mft="encodeur" file=14025432
2026-08-02T18:42:55.239438Z  INFO agent::encode: convertisseur BGRA→NV12 (Video Processor MFT) configuré converter_provides_samples=true
2026-08-02T18:42:55.239676Z  INFO agent::capteur::fenetre: fenêtre attachée au capteur session=w-2 sortie=\\.\DISPLAY5 largeur=1280 hauteur=720
2026-08-02T18:42:55.239686Z  INFO agent::capteur::fenetre: l'enfant a fermé le canal session=w-2 images=0
2026-08-02T18:42:55.239700Z  INFO agent::capteur::tube: attaché au capteur session=w-2 sortie=\\.\DISPLAY5 largeur=1280 hauteur=720
2026-08-02T18:42:55.239730Z  INFO agent::encode::arret: IMFShutdown::Shutdown : avant mft="encodeur"
2026-08-02T18:42:55.239763Z  INFO agent::capteur::distante: canal rattaché au capteur largeur=1280 hauteur=720
2026-08-02T18:42:55.240176Z  INFO agent::encode::arret: IMFShutdown::Shutdown : après mft="encodeur"
2026-08-02T18:42:55.265988Z  INFO agent::encode::arret: file de travail sérialisée imposée mft="encodeur" file=16384730
2026-08-02T18:42:55.266217Z  INFO agent::encode: convertisseur BGRA→NV12 (Video Processor MFT) configuré converter_provides_samples=true
2026-08-02T18:42:55.266483Z  INFO agent::capteur::fenetre: fenêtre attachée au capteur session=w-4 sortie=\\.\DISPLAY6 largeur=1280 hauteur=720
2026-08-02T18:42:55.266493Z  INFO agent::capteur::fenetre: l'enfant a fermé le canal session=w-4 images=0
2026-08-02T18:42:55.266497Z  INFO agent::capteur::tube: attaché au capteur session=w-4 sortie=\\.\DISPLAY6 largeur=1280 hauteur=720
2026-08-02T18:42:55.266545Z  INFO agent::encode::arret: IMFShutdown::Shutdown : avant mft="encodeur"
2026-08-02T18:42:55.266549Z  INFO agent::capteur::distante: canal rattaché au capteur largeur=1280 hauteur=720
2026-08-02T18:42:55.267128Z  INFO agent::encode::arret: IMFShutdown::Shutdown : après mft="encodeur"
2026-08-02T18:42:55.270493Z  WARN agent::capteur::serveur: DIAGNOSTIC : fil lecteur de commandes NON lancé
2026-08-02T18:42:55.270857Z  INFO agent::capture::ouverture: sortie retenue pour la duplication adaptateur=NVIDIA GeForce RTX 4070 index_adaptateur=0 index_sortie=1 nom_sortie=\\.\DISPLAY5 attachee=true
2026-08-02T18:42:55.294095Z  INFO agent::capture::ouverture: protection multi-fils activée sur le contexte immédiat D3D11 protection_precedente=false
2026-08-02T18:42:55.294348Z  INFO agent::capture: duplication de sortie établie desktop_width=1280 desktop_height=720
2026-08-02T18:42:55.294398Z  INFO agent::encode: encodeur matériel retenu encodeur=NVIDIA H.264 Encoder MFT
2026-08-02T18:42:55.296944Z  WARN agent::capteur::serveur: DIAGNOSTIC : fil lecteur de commandes NON lancé
2026-08-02T18:42:55.297267Z  INFO agent::capture::ouverture: sortie retenue pour la duplication adaptateur=NVIDIA GeForce RTX 4070 index_adaptateur=0 index_sortie=2 nom_sortie=\\.\DISPLAY6 attachee=true
2026-08-02T18:42:55.333865Z  INFO agent::capture::ouverture: protection multi-fils activée sur le contexte immédiat D3D11 protection_precedente=false
2026-08-02T18:42:55.334127Z  INFO agent::capture: duplication de sortie établie desktop_width=1280 desktop_height=720
2026-08-02T18:42:55.334177Z  INFO agent::encode: encodeur matériel retenu encodeur=NVIDIA H.264 Encoder MFT
2026-08-02T18:42:55.376878Z  INFO agent::encode::arret: file de travail sérialisée imposée mft="encodeur" file=14025438
2026-08-02T18:42:55.377095Z  INFO agent::encode: convertisseur BGRA→NV12 (Video Processor MFT) configuré converter_provides_samples=true
2026-08-02T18:42:55.377379Z  INFO agent::capteur::fenetre: fenêtre attachée au capteur session=w-2 sortie=\\.\DISPLAY5 largeur=1280 hauteur=720
2026-08-02T18:42:55.377388Z  INFO agent::capteur::fenetre: l'enfant a fermé le canal session=w-2 images=0
2026-08-02T18:42:55.377395Z  INFO agent::capteur::tube: attaché au capteur session=w-2 sortie=\\.\DISPLAY5 largeur=1280 hauteur=720
2026-08-02T18:42:55.377428Z  INFO agent::encode::arret: IMFShutdown::Shutdown : avant mft="encodeur"
2026-08-02T18:42:55.377451Z  INFO agent::capteur::distante: canal rattaché au capteur largeur=1280 hauteur=720
2026-08-02T18:42:55.378025Z  INFO agent::encode::arret: IMFShutdown::Shutdown : après mft="encodeur"
2026-08-02T18:42:55.406768Z  INFO agent::encode::arret: file de travail sérialisée imposée mft="encodeur" file=16515808
2026-08-02T18:42:55.406992Z  INFO agent::encode: convertisseur BGRA→NV12 (Video Processor MFT) configuré converter_provides_samples=true
2026-08-02T18:42:55.407303Z  INFO agent::capteur::fenetre: fenêtre attachée au capteur session=w-4 sortie=\\.\DISPLAY6 largeur=1280 hauteur=720
2026-08-02T18:42:55.407318Z  INFO agent::capteur::fenetre: l'enfant a fermé le canal session=w-4 images=0
2026-08-02T18:42:55.407318Z  INFO agent::capteur::tube: attaché au capteur session=w-4 sortie=\\.\DISPLAY6 largeur=1280 hauteur=720
2026-08-02T18:42:55.407375Z  INFO agent::capteur::distante: canal rattaché au capteur largeur=1280 hauteur=720
2026-08-02T18:42:55.407381Z  INFO agent::encode::arret: IMFShutdown::Shutdown : avant mft="encodeur"
2026-08-02T18:42:55.408034Z  INFO agent::encode::arret: IMFShutdown::Shutdown : après mft="encodeur"
2026-08-02T18:42:55.418036Z  WARN agent::capteur::serveur: DIAGNOSTIC : fil lecteur de commandes NON lancé
2026-08-02T18:42:55.418406Z  INFO agent::capture::ouverture: sortie retenue pour la duplication adaptateur=NVIDIA GeForce RTX 4070 index_adaptateur=0 index_sortie=1 nom_sortie=\\.\DISPLAY5 attachee=true
2026-08-02T18:42:55.427658Z  WARN agent::capteur::serveur: DIAGNOSTIC : fil lecteur de commandes NON lancé
2026-08-02T18:42:55.428027Z  INFO agent::capture::ouverture: sortie retenue pour la duplication adaptateur=NVIDIA GeForce RTX 4070 index_adaptateur=0 index_sortie=2 nom_sortie=\\.\DISPLAY6 attachee=true
2026-08-02T18:42:55.441822Z  INFO agent::capture::ouverture: protection multi-fils activée sur le contexte immédiat D3D11 protection_precedente=false
2026-08-02T18:42:55.442036Z  INFO agent::capture: duplication de sortie établie desktop_width=1280 desktop_height=720
2026-08-02T18:42:55.442073Z  INFO agent::encode: encodeur matériel retenu encodeur=NVIDIA H.264 Encoder MFT
2026-08-02T18:42:55.459493Z  INFO agent::capture::ouverture: protection multi-fils activée sur le contexte immédiat D3D11 protection_precedente=false
2026-08-02T18:42:55.459796Z  INFO agent::capture: duplication de sortie établie desktop_width=1280 desktop_height=720
2026-08-02T18:42:55.459836Z  INFO agent::encode: encodeur matériel retenu encodeur=NVIDIA H.264 Encoder MFT
2026-08-02T18:42:55.535400Z  INFO agent::encode::arret: file de travail sérialisée imposée mft="encodeur" file=14025444
2026-08-02T18:42:55.535624Z  INFO agent::encode: convertisseur BGRA→NV12 (Video Processor MFT) configuré converter_provides_samples=true
2026-08-02T18:42:55.537785Z  INFO agent::capteur::fenetre: fenêtre attachée au capteur session=w-2 sortie=\\.\DISPLAY5 largeur=1280 hauteur=720
2026-08-02T18:42:55.537797Z  INFO agent::capteur::fenetre: l'enfant a fermé le canal session=w-2 images=0
2026-08-02T18:42:55.537836Z  INFO agent::capteur::tube: attaché au capteur session=w-2 sortie=\\.\DISPLAY5 largeur=1280 hauteur=720
2026-08-02T18:42:55.537857Z  INFO agent::encode::arret: IMFShutdown::Shutdown : avant mft="encodeur"
2026-08-02T18:42:55.537890Z  INFO agent::capteur::distante: canal rattaché au capteur largeur=1280 hauteur=720
2026-08-02T18:42:55.537901Z  INFO agent::transport::cadence_video: cadence de la piste vidéo (côté enfant) session=w-2 unites=0 cadence="0.0"
2026-08-02T18:42:55.538358Z  INFO agent::encode::arret: IMFShutdown::Shutdown : après mft="encodeur"
2026-08-02T18:42:55.550337Z  INFO agent::encode::arret: file de travail sérialisée imposée mft="encodeur" file=16646886
2026-08-02T18:42:55.550583Z  INFO agent::encode: convertisseur BGRA→NV12 (Video Processor MFT) configuré converter_provides_samples=true
2026-08-02T18:42:55.550908Z  INFO agent::capteur::fenetre: fenêtre attachée au capteur session=w-4 sortie=\\.\DISPLAY6 largeur=1280 hauteur=720
2026-08-02T18:42:55.550918Z  INFO agent::capteur::fenetre: l'enfant a fermé le canal session=w-4 images=0
2026-08-02T18:42:55.550924Z  INFO agent::capteur::tube: attaché au capteur session=w-4 sortie=\\.\DISPLAY6 largeur=1280 hauteur=720
2026-08-02T18:42:55.550969Z  INFO agent::encode::arret: IMFShutdown::Shutdown : avant mft="encodeur"
2026-08-02T18:42:55.550981Z  INFO agent::capteur::distante: canal rattaché au capteur largeur=1280 hauteur=720
2026-08-02T18:42:55.551652Z  INFO agent::encode::arret: IMFShutdown::Shutdown : après mft="encodeur"
2026-08-02T18:42:55.568611Z  WARN agent::capteur::serveur: DIAGNOSTIC : fil lecteur de commandes NON lancé
2026-08-02T18:42:55.569083Z  INFO agent::capture::ouverture: sortie retenue pour la duplication adaptateur=NVIDIA GeForce RTX 4070 index_adaptateur=0 index_sortie=1 nom_sortie=\\.\DISPLAY5 attachee=true
2026-08-02T18:42:55.581802Z  WARN agent::capteur::serveur: DIAGNOSTIC : fil lecteur de commandes NON lancé
2026-08-02T18:42:55.582144Z  INFO agent::capture::ouverture: sortie retenue pour la duplication adaptateur=NVIDIA GeForce RTX 4070 index_adaptateur=0 index_sortie=2 nom_sortie=\\.\DISPLAY6 attachee=true
2026-08-02T18:42:55.640150Z  INFO agent::capture::ouverture: protection multi-fils activée sur le contexte immédiat D3D11 protection_precedente=false
2026-08-02T18:42:55.640385Z  INFO agent::capture: duplication de sortie établie desktop_width=1280 desktop_height=720
2026-08-02T18:42:55.640424Z  INFO agent::encode: encodeur matériel retenu encodeur=NVIDIA H.264 Encoder MFT
2026-08-02T18:42:55.657842Z  INFO agent::capture::ouverture: protection multi-fils activée sur le contexte immédiat D3D11 protection_precedente=false
2026-08-02T18:42:55.658086Z  INFO agent::capture: duplication de sortie établie desktop_width=1280 desktop_height=720
2026-08-02T18:42:55.658127Z  INFO agent::encode: encodeur matériel retenu encodeur=NVIDIA H.264 Encoder MFT
2026-08-02T18:42:55.746335Z  INFO agent::encode::arret: file de travail sérialisée imposée mft="encodeur" file=16777964
2026-08-02T18:42:55.746560Z  INFO agent::encode::arret: file de travail sérialisée imposée mft="encodeur" file=14025450
2026-08-02T18:42:55.746575Z  INFO agent::encode: convertisseur BGRA→NV12 (Video Processor MFT) configuré converter_provides_samples=true
2026-08-02T18:42:55.746742Z  INFO agent::encode: convertisseur BGRA→NV12 (Video Processor MFT) configuré converter_provides_samples=true
2026-08-02T18:42:55.746824Z  INFO agent::capteur::fenetre: fenêtre attachée au capteur session=w-4 sortie=\\.\DISPLAY6 largeur=1280 hauteur=720
2026-08-02T18:42:55.746833Z  INFO agent::capteur::fenetre: l'enfant a fermé le canal session=w-4 images=0
2026-08-02T18:42:55.746838Z  INFO agent::capteur::tube: attaché au capteur session=w-4 sortie=\\.\DISPLAY6 largeur=1280 hauteur=720
2026-08-02T18:42:55.746877Z  INFO agent::encode::arret: IMFShutdown::Shutdown : avant mft="encodeur"
2026-08-02T18:42:55.746900Z  INFO agent::capteur::distante: canal rattaché au capteur largeur=1280 hauteur=720
2026-08-02T18:42:55.746976Z  INFO agent::capteur::fenetre: fenêtre attachée au capteur session=w-2 sortie=\\.\DISPLAY5 largeur=1280 hauteur=720
2026-08-02T18:42:55.746985Z  INFO agent::capteur::fenetre: l'enfant a fermé le canal session=w-2 images=0
2026-08-02T18:42:55.746988Z  INFO agent::capteur::tube: attaché au capteur session=w-2 sortie=\\.\DISPLAY5 largeur=1280 hauteur=720
2026-08-02T18:42:55.747022Z  INFO agent::capteur::distante: canal rattaché au capteur largeur=1280 hauteur=720
2026-08-02T18:42:55.747024Z  INFO agent::encode::arret: IMFShutdown::Shutdown : avant mft="encodeur"
2026-08-02T18:42:55.747419Z  INFO agent::encode::arret: IMFShutdown::Shutdown : après mft="encodeur"
2026-08-02T18:42:55.747614Z  INFO agent::encode::arret: IMFShutdown::Shutdown : après mft="encodeur"
2026-08-02T18:42:55.770330Z  WARN agent::capteur::serveur: DIAGNOSTIC : fil lecteur de commandes NON lancé
2026-08-02T18:42:55.770794Z  INFO agent::capture::ouverture: sortie retenue pour la duplication adaptateur=NVIDIA GeForce RTX 4070 index_adaptateur=0 index_sortie=2 nom_sortie=\\.\DISPLAY6 attachee=true
2026-08-02T18:42:55.777383Z  WARN agent::capteur::serveur: DIAGNOSTIC : fil lecteur de commandes NON lancé
2026-08-02T18:42:55.777671Z  INFO agent::capture::ouverture: sortie retenue pour la duplication adaptateur=NVIDIA GeForce RTX 4070 index_adaptateur=0 index_sortie=1 nom_sortie=\\.\DISPLAY5 attachee=true
2026-08-02T18:42:55.831360Z  INFO agent::capture::ouverture: protection multi-fils activée sur le contexte immédiat D3D11 protection_precedente=false
2026-08-02T18:42:55.831594Z  INFO agent::capture: duplication de sortie établie desktop_width=1280 desktop_height=720
2026-08-02T18:42:55.831633Z  INFO agent::encode: encodeur matériel retenu encodeur=NVIDIA H.264 Encoder MFT
2026-08-02T18:42:55.849515Z  INFO agent::capture::ouverture: protection multi-fils activée sur le contexte immédiat D3D11 protection_precedente=false
2026-08-02T18:42:55.849744Z  INFO agent::capture: duplication de sortie établie desktop_width=1280 desktop_height=720
2026-08-02T18:42:55.849795Z  INFO agent::encode: encodeur matériel retenu encodeur=NVIDIA H.264 Encoder MFT
2026-08-02T18:42:55.938177Z  INFO agent::encode::arret: file de travail sérialisée imposée mft="encodeur" file=14025456
2026-08-02T18:42:55.938409Z  INFO agent::encode: convertisseur BGRA→NV12 (Video Processor MFT) configuré converter_provides_samples=true
2026-08-02T18:42:55.938681Z  INFO agent::encode::arret: file de travail sérialisée imposée mft="encodeur" file=16909042
2026-08-02T18:42:55.938765Z  INFO agent::capteur::fenetre: fenêtre attachée au capteur session=w-4 sortie=\\.\DISPLAY6 largeur=1280 hauteur=720
2026-08-02T18:42:55.938776Z  INFO agent::capteur::fenetre: l'enfant a fermé le canal session=w-4 images=0
2026-08-02T18:42:55.938780Z  INFO agent::capteur::tube: attaché au capteur session=w-4 sortie=\\.\DISPLAY6 largeur=1280 hauteur=720
2026-08-02T18:42:55.938829Z  INFO agent::encode::arret: IMFShutdown::Shutdown : avant mft="encodeur"
2026-08-02T18:42:55.938834Z  INFO agent::capteur::distante: canal rattaché au capteur largeur=1280 hauteur=720
2026-08-02T18:42:55.938909Z  INFO agent::encode: convertisseur BGRA→NV12 (Video Processor MFT) configuré converter_provides_samples=true
2026-08-02T18:42:55.939202Z  INFO agent::capteur::tube: attaché au capteur session=w-2 sortie=\\.\DISPLAY5 largeur=1280 hauteur=720
2026-08-02T18:42:55.939191Z  INFO agent::capteur::fenetre: fenêtre attachée au capteur session=w-2 sortie=\\.\DISPLAY5 largeur=1280 hauteur=720
2026-08-02T18:42:55.939218Z  INFO agent::capteur::fenetre: l'enfant a fermé le canal session=w-2 images=0
2026-08-02T18:42:55.939245Z  INFO agent::capteur::distante: canal rattaché au capteur largeur=1280 hauteur=720
2026-08-02T18:42:55.939257Z  INFO agent::encode::arret: IMFShutdown::Shutdown : avant mft="encodeur"
2026-08-02T18:42:55.939316Z  INFO agent::encode::arret: IMFShutdown::Shutdown : après mft="encodeur"
2026-08-02T18:42:55.939840Z  INFO agent::encode::arret: IMFShutdown::Shutdown : après mft="encodeur"
2026-08-02T18:42:55.961282Z  WARN agent::capteur::serveur: DIAGNOSTIC : fil lecteur de commandes NON lancé
2026-08-02T18:42:55.961749Z  INFO agent::capture::ouverture: sortie retenue pour la duplication adaptateur=NVIDIA GeForce RTX 4070 index_adaptateur=0 index_sortie=2 nom_sortie=\\.\DISPLAY6 attachee=true
2026-08-02T18:42:55.969620Z  WARN agent::capteur::serveur: DIAGNOSTIC : fil lecteur de commandes NON lancé
2026-08-02T18:42:55.969923Z  INFO agent::capture::ouverture: sortie retenue pour la duplication adaptateur=NVIDIA GeForce RTX 4070 index_adaptateur=0 index_sortie=1 nom_sortie=\\.\DISPLAY5 attachee=true
2026-08-02T18:42:56.026886Z  INFO agent::capture::ouverture: protection multi-fils activée sur le contexte immédiat D3D11 protection_precedente=false
2026-08-02T18:42:56.027126Z  INFO agent::capture: duplication de sortie établie desktop_width=1280 desktop_height=720
2026-08-02T18:42:56.027164Z  INFO agent::encode: encodeur matériel retenu encodeur=NVIDIA H.264 Encoder MFT
2026-08-02T18:42:56.043399Z  INFO agent::capture::ouverture: protection multi-fils activée sur le contexte immédiat D3D11 protection_precedente=false
2026-08-02T18:42:56.043620Z  INFO agent::capture: duplication de sortie établie desktop_width=1280 desktop_height=720
2026-08-02T18:42:56.043660Z  INFO agent::encode: encodeur matériel retenu encodeur=NVIDIA H.264 Encoder MFT
2026-08-02T18:42:56.133659Z  INFO agent::encode::arret: file de travail sérialisée imposée mft="encodeur" file=17040120
2026-08-02T18:42:56.133873Z  INFO agent::encode::arret: file de travail sérialisée imposée mft="encodeur" file=14025462
2026-08-02T18:42:56.133877Z  INFO agent::encode: convertisseur BGRA→NV12 (Video Processor MFT) configuré converter_provides_samples=true
2026-08-02T18:42:56.134059Z  INFO agent::encode: convertisseur BGRA→NV12 (Video Processor MFT) configuré converter_provides_samples=true
2026-08-02T18:42:56.134148Z  INFO agent::capteur::fenetre: fenêtre attachée au capteur session=w-2 sortie=\\.\DISPLAY5 largeur=1280 hauteur=720
2026-08-02T18:42:56.134157Z  INFO agent::capteur::fenetre: l'enfant a fermé le canal session=w-2 images=0
2026-08-02T18:42:56.134176Z  INFO agent::capteur::tube: attaché au capteur session=w-2 sortie=\\.\DISPLAY5 largeur=1280 hauteur=720
2026-08-02T18:42:56.134215Z  INFO agent::encode::arret: IMFShutdown::Shutdown : avant mft="encodeur"
2026-08-02T18:42:56.134227Z  INFO agent::capteur::distante: canal rattaché au capteur largeur=1280 hauteur=720
2026-08-02T18:42:56.134463Z  INFO agent::capteur::fenetre: fenêtre attachée au capteur session=w-4 sortie=\\.\DISPLAY6 largeur=1280 hauteur=720
2026-08-02T18:42:56.134475Z  INFO agent::capteur::fenetre: l'enfant a fermé le canal session=w-4 images=0
2026-08-02T18:42:56.134475Z  INFO agent::capteur::tube: attaché au capteur session=w-4 sortie=\\.\DISPLAY6 largeur=1280 hauteur=720
2026-08-02T18:42:56.134515Z  INFO agent::encode::arret: IMFShutdown::Shutdown : avant mft="encodeur"
2026-08-02T18:42:56.134528Z  INFO agent::capteur::distante: canal rattaché au capteur largeur=1280 hauteur=720
2026-08-02T18:42:56.134760Z  INFO agent::encode::arret: IMFShutdown::Shutdown : après mft="encodeur"
2026-08-02T18:42:56.135180Z  INFO agent::encode::arret: IMFShutdown::Shutdown : après mft="encodeur"
2026-08-02T18:42:56.156911Z  WARN agent::capteur::serveur: DIAGNOSTIC : fil lecteur de commandes NON lancé
2026-08-02T18:42:56.157349Z  INFO agent::capture::ouverture: sortie retenue pour la duplication adaptateur=NVIDIA GeForce RTX 4070 index_adaptateur=0 index_sortie=2 nom_sortie=\\.\DISPLAY6 attachee=true
2026-08-02T18:42:56.164756Z  WARN agent::capteur::serveur: DIAGNOSTIC : fil lecteur de commandes NON lancé
2026-08-02T18:42:56.165103Z  INFO agent::capture::ouverture: sortie retenue pour la duplication adaptateur=NVIDIA GeForce RTX 4070 index_adaptateur=0 index_sortie=1 nom_sortie=\\.\DISPLAY5 attachee=true
2026-08-02T18:42:56.225961Z  INFO agent::capture::ouverture: protection multi-fils activée sur le contexte immédiat D3D11 protection_precedente=false
2026-08-02T18:42:56.226913Z  INFO agent::capture: duplication de sortie établie desktop_width=1280 desktop_height=720
2026-08-02T18:42:56.226995Z  INFO agent::encode: encodeur matériel retenu encodeur=NVIDIA H.264 Encoder MFT
2026-08-02T18:42:56.243111Z  INFO agent::capture::ouverture: protection multi-fils activée sur le contexte immédiat D3D11 protection_precedente=false
2026-08-02T18:42:56.243360Z  INFO agent::capture: duplication de sortie établie desktop_width=1280 desktop_height=720
2026-08-02T18:42:56.243401Z  INFO agent::encode: encodeur matériel retenu encodeur=NVIDIA H.264 Encoder MFT
2026-08-02T18:42:56.331491Z  INFO agent::encode::arret: file de travail sérialisée imposée mft="encodeur" file=17171198
2026-08-02T18:42:56.331707Z  INFO agent::encode: convertisseur BGRA→NV12 (Video Processor MFT) configuré converter_provides_samples=true
2026-08-02T18:42:56.332002Z  INFO agent::capteur::fenetre: fenêtre attachée au capteur session=w-2 sortie=\\.\DISPLAY5 largeur=1280 hauteur=720
2026-08-02T18:42:56.332014Z  INFO agent::capteur::fenetre: l'enfant a fermé le canal session=w-2 images=0
2026-08-02T18:42:56.332055Z  INFO agent::capteur::tube: attaché au capteur session=w-2 sortie=\\.\DISPLAY5 largeur=1280 hauteur=720
2026-08-02T18:42:56.332073Z  INFO agent::encode::arret: IMFShutdown::Shutdown : avant mft="encodeur"
2026-08-02T18:42:56.332110Z  INFO agent::capteur::distante: canal rattaché au capteur largeur=1280 hauteur=720
2026-08-02T18:42:56.332582Z  INFO agent::encode::arret: IMFShutdown::Shutdown : après mft="encodeur"
2026-08-02T18:42:56.339546Z  INFO agent::encode::arret: file de travail sérialisée imposée mft="encodeur" file=14025468
2026-08-02T18:42:56.339812Z  INFO agent::encode: convertisseur BGRA→NV12 (Video Processor MFT) configuré converter_provides_samples=true
2026-08-02T18:42:56.340171Z  INFO agent::capteur::fenetre: fenêtre attachée au capteur session=w-4 sortie=\\.\DISPLAY6 largeur=1280 hauteur=720
2026-08-02T18:42:56.340181Z  INFO agent::capteur::fenetre: l'enfant a fermé le canal session=w-4 images=0
2026-08-02T18:42:56.340187Z  INFO agent::capteur::tube: attaché au capteur session=w-4 sortie=\\.\DISPLAY6 largeur=1280 hauteur=720
2026-08-02T18:42:56.340234Z  INFO agent::encode::arret: IMFShutdown::Shutdown : avant mft="encodeur"
2026-08-02T18:42:56.340243Z  INFO agent::capteur::distante: canal rattaché au capteur largeur=1280 hauteur=720
2026-08-02T18:42:56.340879Z  INFO agent::encode::arret: IMFShutdown::Shutdown : après mft="encodeur"
2026-08-02T18:42:56.342156Z  WARN agent::transport::socket: échec de réception UDP transitoire, ignoré erreur=Une connexion existante a dû être fermée par l’hôte distant. (os error 10054) consecutives=1 backoff_ms=2
2026-08-02T18:42:56.360620Z  WARN agent::capteur::serveur: DIAGNOSTIC : fil lecteur de commandes NON lancé
2026-08-02T18:42:56.360978Z  INFO agent::capture::ouverture: sortie retenue pour la duplication adaptateur=NVIDIA GeForce RTX 4070 index_adaptateur=0 index_sortie=2 nom_sortie=\\.\DISPLAY6 attachee=true
2026-08-02T18:42:56.362623Z  WARN agent::capteur::serveur: DIAGNOSTIC : fil lecteur de commandes NON lancé
2026-08-02T18:42:56.362926Z  INFO agent::capture::ouverture: sortie retenue pour la duplication adaptateur=NVIDIA GeForce RTX 4070 index_adaptateur=0 index_sortie=1 nom_sortie=\\.\DISPLAY5 attachee=true
2026-08-02T18:42:56.425186Z  INFO agent::capture::ouverture: protection multi-fils activée sur le contexte immédiat D3D11 protection_precedente=false
2026-08-02T18:42:56.425439Z  INFO agent::capture: duplication de sortie établie desktop_width=1280 desktop_height=720
2026-08-02T18:42:56.425479Z  INFO agent::encode: encodeur matériel retenu encodeur=NVIDIA H.264 Encoder MFT
2026-08-02T18:42:56.442473Z  INFO agent::capture::ouverture: protection multi-fils activée sur le contexte immédiat D3D11 protection_precedente=false
2026-08-02T18:42:56.442700Z  INFO agent::capture: duplication de sortie établie desktop_width=1280 desktop_height=720
2026-08-02T18:42:56.442739Z  INFO agent::encode: encodeur matériel retenu encodeur=NVIDIA H.264 Encoder MFT
2026-08-02T18:42:56.532338Z  INFO agent::encode::arret: file de travail sérialisée imposée mft="encodeur" file=17302276
2026-08-02T18:42:56.532463Z  INFO agent::encode::arret: file de travail sérialisée imposée mft="encodeur" file=14025474
2026-08-02T18:42:56.532564Z  INFO agent::encode: convertisseur BGRA→NV12 (Video Processor MFT) configuré converter_provides_samples=true
2026-08-02T18:42:56.532652Z  INFO agent::encode: convertisseur BGRA→NV12 (Video Processor MFT) configuré converter_provides_samples=true
2026-08-02T18:42:56.532849Z  INFO agent::capteur::fenetre: fenêtre attachée au capteur session=w-2 sortie=\\.\DISPLAY5 largeur=1280 hauteur=720
2026-08-02T18:42:56.532859Z  INFO agent::capteur::fenetre: l'enfant a fermé le canal session=w-2 images=0
2026-08-02T18:42:56.532869Z  INFO agent::capteur::tube: attaché au capteur session=w-2 sortie=\\.\DISPLAY5 largeur=1280 hauteur=720
2026-08-02T18:42:56.532900Z  INFO agent::capteur::fenetre: fenêtre attachée au capteur session=w-4 sortie=\\.\DISPLAY6 largeur=1280 hauteur=720
2026-08-02T18:42:56.532902Z  INFO agent::encode::arret: IMFShutdown::Shutdown : avant mft="encodeur"
2026-08-02T18:42:56.532909Z  INFO agent::capteur::fenetre: l'enfant a fermé le canal session=w-4 images=0
2026-08-02T18:42:56.532916Z  INFO agent::capteur::tube: attaché au capteur session=w-4 sortie=\\.\DISPLAY6 largeur=1280 hauteur=720
2026-08-02T18:42:56.532934Z  INFO agent::capteur::distante: canal rattaché au capteur largeur=1280 hauteur=720
2026-08-02T18:42:56.532949Z  INFO agent::encode::arret: IMFShutdown::Shutdown : avant mft="encodeur"
2026-08-02T18:42:56.532976Z  INFO agent::capteur::distante: canal rattaché au capteur largeur=1280 hauteur=720
2026-08-02T18:42:56.533505Z  INFO agent::encode::arret: IMFShutdown::Shutdown : après mft="encodeur"
2026-08-02T18:42:56.533653Z  INFO agent::encode::arret: IMFShutdown::Shutdown : après mft="encodeur"
2026-08-02T18:42:56.534954Z  WARN agent::transport::socket: échec de réception UDP transitoire, ignoré erreur=Une connexion existante a dû être fermée par l’hôte distant. (os error 10054) consecutives=1 backoff_ms=2
2026-08-02T18:42:56.553456Z  WARN agent::capteur::serveur: DIAGNOSTIC : fil lecteur de commandes NON lancé
2026-08-02T18:42:56.553924Z  INFO agent::capture::ouverture: sortie retenue pour la duplication adaptateur=NVIDIA GeForce RTX 4070 index_adaptateur=0 index_sortie=2 nom_sortie=\\.\DISPLAY6 attachee=true
2026-08-02T18:42:56.564139Z  WARN agent::capteur::serveur: DIAGNOSTIC : fil lecteur de commandes NON lancé
2026-08-02T18:42:56.564559Z  INFO agent::capture::ouverture: sortie retenue pour la duplication adaptateur=NVIDIA GeForce RTX 4070 index_adaptateur=0 index_sortie=1 nom_sortie=\\.\DISPLAY5 attachee=true
2026-08-02T18:42:56.616898Z  INFO agent::capture::ouverture: protection multi-fils activée sur le contexte immédiat D3D11 protection_precedente=false
2026-08-02T18:42:56.617141Z  INFO agent::capture: duplication de sortie établie desktop_width=1280 desktop_height=720
2026-08-02T18:42:56.617179Z  INFO agent::encode: encodeur matériel retenu encodeur=NVIDIA H.264 Encoder MFT
2026-08-02T18:42:56.638289Z  INFO agent::capture::ouverture: protection multi-fils activée sur le contexte immédiat D3D11 protection_precedente=false
2026-08-02T18:42:56.638582Z  INFO agent::capture: duplication de sortie établie desktop_width=1280 desktop_height=720
2026-08-02T18:42:56.638623Z  INFO agent::encode: encodeur matériel retenu encodeur=NVIDIA H.264 Encoder MFT
2026-08-02T18:42:56.722869Z  INFO agent::encode::arret: file de travail sérialisée imposée mft="encodeur" file=14025480
2026-08-02T18:42:56.723116Z  INFO agent::encode: convertisseur BGRA→NV12 (Video Processor MFT) configuré converter_provides_samples=true
2026-08-02T18:42:56.723444Z  INFO agent::capteur::fenetre: fenêtre attachée au capteur session=w-4 sortie=\\.\DISPLAY6 largeur=1280 hauteur=720
2026-08-02T18:42:56.723455Z  INFO agent::capteur::fenetre: l'enfant a fermé le canal session=w-4 images=0
2026-08-02T18:42:56.723457Z  INFO agent::capteur::tube: attaché au capteur session=w-4 sortie=\\.\DISPLAY6 largeur=1280 hauteur=720
2026-08-02T18:42:56.723513Z  INFO agent::capteur::distante: canal rattaché au capteur largeur=1280 hauteur=720
2026-08-02T18:42:56.723515Z  INFO agent::encode::arret: IMFShutdown::Shutdown : avant mft="encodeur"
2026-08-02T18:42:56.723997Z  INFO agent::encode::arret: IMFShutdown::Shutdown : après mft="encodeur"
2026-08-02T18:42:56.738544Z  INFO agent::encode::arret: file de travail sérialisée imposée mft="encodeur" file=17433354
2026-08-02T18:42:56.738986Z  INFO agent::encode: convertisseur BGRA→NV12 (Video Processor MFT) configuré converter_provides_samples=true
2026-08-02T18:42:56.739284Z  INFO agent::capteur::fenetre: fenêtre attachée au capteur session=w-2 sortie=\\.\DISPLAY5 largeur=1280 hauteur=720
2026-08-02T18:42:56.739294Z  INFO agent::capteur::fenetre: l'enfant a fermé le canal session=w-2 images=0
2026-08-02T18:42:56.739299Z  INFO agent::capteur::tube: attaché au capteur session=w-2 sortie=\\.\DISPLAY5 largeur=1280 hauteur=720
2026-08-02T18:42:56.739343Z  INFO agent::encode::arret: IMFShutdown::Shutdown : avant mft="encodeur"
2026-08-02T18:42:56.739353Z  INFO agent::capteur::distante: canal rattaché au capteur largeur=1280 hauteur=720
2026-08-02T18:42:56.739927Z  INFO agent::encode::arret: IMFShutdown::Shutdown : après mft="encodeur"
2026-08-02T18:42:56.756465Z  WARN agent::capteur::serveur: DIAGNOSTIC : fil lecteur de commandes NON lancé
2026-08-02T18:42:56.756992Z  INFO agent::capture::ouverture: sortie retenue pour la duplication adaptateur=NVIDIA GeForce RTX 4070 index_adaptateur=0 index_sortie=2 nom_sortie=\\.\DISPLAY6 attachee=true
2026-08-02T18:42:56.759872Z  WARN agent::capteur::serveur: DIAGNOSTIC : fil lecteur de commandes NON lancé
2026-08-02T18:42:56.760166Z  INFO agent::capture::ouverture: sortie retenue pour la duplication adaptateur=NVIDIA GeForce RTX 4070 index_adaptateur=0 index_sortie=1 nom_sortie=\\.\DISPLAY5 attachee=true
2026-08-02T18:42:56.825221Z  INFO agent::capture::ouverture: protection multi-fils activée sur le contexte immédiat D3D11 protection_precedente=false
2026-08-02T18:42:56.825477Z  INFO agent::capture: duplication de sortie établie desktop_width=1280 desktop_height=720
2026-08-02T18:42:56.825517Z  INFO agent::encode: encodeur matériel retenu encodeur=NVIDIA H.264 Encoder MFT
2026-08-02T18:42:56.842953Z  INFO agent::capture::ouverture: protection multi-fils activée sur le contexte immédiat D3D11 protection_precedente=false
2026-08-02T18:42:56.843226Z  INFO agent::capture: duplication de sortie établie desktop_width=1280 desktop_height=720
2026-08-02T18:42:56.843268Z  INFO agent::encode: encodeur matériel retenu encodeur=NVIDIA H.264 Encoder MFT
2026-08-02T18:42:56.933198Z  INFO agent::encode::arret: file de travail sérialisée imposée mft="encodeur" file=14025486
2026-08-02T18:42:56.933336Z  INFO agent::encode::arret: file de travail sérialisée imposée mft="encodeur" file=17564432
2026-08-02T18:42:56.933420Z  INFO agent::encode: convertisseur BGRA→NV12 (Video Processor MFT) configuré converter_provides_samples=true
2026-08-02T18:42:56.933524Z  INFO agent::encode: convertisseur BGRA→NV12 (Video Processor MFT) configuré converter_provides_samples=true
2026-08-02T18:42:56.933683Z  INFO agent::capteur::fenetre: fenêtre attachée au capteur session=w-4 sortie=\\.\DISPLAY6 largeur=1280 hauteur=720
2026-08-02T18:42:56.933692Z  INFO agent::capteur::fenetre: l'enfant a fermé le canal session=w-4 images=0
2026-08-02T18:42:56.933699Z  INFO agent::capteur::tube: attaché au capteur session=w-4 sortie=\\.\DISPLAY6 largeur=1280 hauteur=720
2026-08-02T18:42:56.933734Z  INFO agent::encode::arret: IMFShutdown::Shutdown : avant mft="encodeur"
2026-08-02T18:42:56.933754Z  INFO agent::capteur::distante: canal rattaché au capteur largeur=1280 hauteur=720
2026-08-02T18:42:56.933756Z  INFO agent::capteur::fenetre: fenêtre attachée au capteur session=w-2 sortie=\\.\DISPLAY5 largeur=1280 hauteur=720
2026-08-02T18:42:56.933763Z  INFO agent::capteur::fenetre: l'enfant a fermé le canal session=w-2 images=0
2026-08-02T18:42:56.933767Z  INFO agent::capteur::tube: attaché au capteur session=w-2 sortie=\\.\DISPLAY5 largeur=1280 hauteur=720
2026-08-02T18:42:56.933809Z  INFO agent::encode::arret: IMFShutdown::Shutdown : avant mft="encodeur"
2026-08-02T18:42:56.933819Z  INFO agent::capteur::distante: canal rattaché au capteur largeur=1280 hauteur=720
2026-08-02T18:42:56.934459Z  INFO agent::encode::arret: IMFShutdown::Shutdown : après mft="encodeur"
2026-08-02T18:42:56.934617Z  INFO agent::encode::arret: IMFShutdown::Shutdown : après mft="encodeur"
2026-08-02T18:42:56.954609Z  WARN agent::capteur::serveur: DIAGNOSTIC : fil lecteur de commandes NON lancé
2026-08-02T18:42:56.955152Z  INFO agent::capture::ouverture: sortie retenue pour la duplication adaptateur=NVIDIA GeForce RTX 4070 index_adaptateur=0 index_sortie=1 nom_sortie=\\.\DISPLAY5 attachee=true
2026-08-02T18:42:56.964331Z  WARN agent::capteur::serveur: DIAGNOSTIC : fil lecteur de commandes NON lancé
2026-08-02T18:42:56.964742Z  INFO agent::capture::ouverture: sortie retenue pour la duplication adaptateur=NVIDIA GeForce RTX 4070 index_adaptateur=0 index_sortie=2 nom_sortie=\\.\DISPLAY6 attachee=true
2026-08-02T18:42:57.026060Z  INFO agent::capture::ouverture: protection multi-fils activée sur le contexte immédiat D3D11 protection_precedente=false
2026-08-02T18:42:57.026324Z  INFO agent::capture: duplication de sortie établie desktop_width=1280 desktop_height=720
2026-08-02T18:42:57.026362Z  INFO agent::encode: encodeur matériel retenu encodeur=NVIDIA H.264 Encoder MFT
2026-08-02T18:42:57.043109Z  INFO agent::capture::ouverture: protection multi-fils activée sur le contexte immédiat D3D11 protection_precedente=false
2026-08-02T18:42:57.043331Z  INFO agent::capture: duplication de sortie établie desktop_width=1280 desktop_height=720
2026-08-02T18:42:57.043371Z  INFO agent::encode: encodeur matériel retenu encodeur=NVIDIA H.264 Encoder MFT
2026-08-02T18:42:57.121282Z  INFO agent::encode::arret: file de travail sérialisée imposée mft="encodeur" file=17695510
2026-08-02T18:42:57.121509Z  INFO agent::encode: convertisseur BGRA→NV12 (Video Processor MFT) configuré converter_provides_samples=true
2026-08-02T18:42:57.121804Z  INFO agent::capteur::fenetre: fenêtre attachée au capteur session=w-4 sortie=\\.\DISPLAY6 largeur=1280 hauteur=720
2026-08-02T18:42:57.121817Z  INFO agent::capteur::fenetre: l'enfant a fermé le canal session=w-4 images=0
2026-08-02T18:42:57.121818Z  INFO agent::capteur::tube: attaché au capteur session=w-4 sortie=\\.\DISPLAY6 largeur=1280 hauteur=720
2026-08-02T18:42:57.121866Z  INFO agent::encode::arret: IMFShutdown::Shutdown : avant mft="encodeur"
2026-08-02T18:42:57.121880Z  INFO agent::capteur::distante: canal rattaché au capteur largeur=1280 hauteur=720
2026-08-02T18:42:57.122369Z  INFO agent::encode::arret: IMFShutdown::Shutdown : après mft="encodeur"
2026-08-02T18:42:57.134870Z  INFO agent::encode::arret: file de travail sérialisée imposée mft="encodeur" file=14025492
2026-08-02T18:42:57.135099Z  INFO agent::encode: convertisseur BGRA→NV12 (Video Processor MFT) configuré converter_provides_samples=true
2026-08-02T18:42:57.135383Z  INFO agent::capteur::fenetre: fenêtre attachée au capteur session=w-2 sortie=\\.\DISPLAY5 largeur=1280 hauteur=720
2026-08-02T18:42:57.135393Z  INFO agent::capteur::fenetre: l'enfant a fermé le canal session=w-2 images=0
2026-08-02T18:42:57.135399Z  INFO agent::capteur::tube: attaché au capteur session=w-2 sortie=\\.\DISPLAY5 largeur=1280 hauteur=720
2026-08-02T18:42:57.135446Z  INFO agent::encode::arret: IMFShutdown::Shutdown : avant mft="encodeur"
2026-08-02T18:42:57.135448Z  INFO agent::capteur::distante: canal rattaché au capteur largeur=1280 hauteur=720
2026-08-02T18:42:57.136070Z  INFO agent::encode::arret: IMFShutdown::Shutdown : après mft="encodeur"
2026-08-02T18:42:57.152884Z  WARN agent::capteur::serveur: DIAGNOSTIC : fil lecteur de commandes NON lancé
2026-08-02T18:42:57.153425Z  INFO agent::capture::ouverture: sortie retenue pour la duplication adaptateur=NVIDIA GeForce RTX 4070 index_adaptateur=0 index_sortie=2 nom_sortie=\\.\DISPLAY6 attachee=true
2026-08-02T18:42:57.155921Z  WARN agent::capteur::serveur: DIAGNOSTIC : fil lecteur de commandes NON lancé
2026-08-02T18:42:57.156195Z  INFO agent::capture::ouverture: sortie retenue pour la duplication adaptateur=NVIDIA GeForce RTX 4070 index_adaptateur=0 index_sortie=1 nom_sortie=\\.\DISPLAY5 attachee=true
2026-08-02T18:42:57.217558Z  INFO agent::capture::ouverture: protection multi-fils activée sur le contexte immédiat D3D11 protection_precedente=false
2026-08-02T18:42:57.217812Z  INFO agent::capture: duplication de sortie établie desktop_width=1280 desktop_height=720
2026-08-02T18:42:57.217852Z  INFO agent::encode: encodeur matériel retenu encodeur=NVIDIA H.264 Encoder MFT
2026-08-02T18:42:57.236103Z  INFO agent::capture::ouverture: protection multi-fils activée sur le contexte immédiat D3D11 protection_precedente=false
2026-08-02T18:42:57.236337Z  INFO agent::capture: duplication de sortie établie desktop_width=1280 desktop_height=720
2026-08-02T18:42:57.236378Z  INFO agent::encode: encodeur matériel retenu encodeur=NVIDIA H.264 Encoder MFT
2026-08-02T18:42:57.325092Z  INFO agent::encode::arret: file de travail sérialisée imposée mft="encodeur" file=17826588
2026-08-02T18:42:57.325309Z  INFO agent::encode::arret: file de travail sérialisée imposée mft="encodeur" file=14025498
2026-08-02T18:42:57.325315Z  INFO agent::encode: convertisseur BGRA→NV12 (Video Processor MFT) configuré converter_provides_samples=true
2026-08-02T18:42:57.325492Z  INFO agent::encode: convertisseur BGRA→NV12 (Video Processor MFT) configuré converter_provides_samples=true
2026-08-02T18:42:57.325570Z  INFO agent::capteur::fenetre: fenêtre attachée au capteur session=w-2 sortie=\\.\DISPLAY5 largeur=1280 hauteur=720
2026-08-02T18:42:57.325579Z  INFO agent::capteur::fenetre: l'enfant a fermé le canal session=w-2 images=0
2026-08-02T18:42:57.325586Z  INFO agent::capteur::tube: attaché au capteur session=w-2 sortie=\\.\DISPLAY5 largeur=1280 hauteur=720
2026-08-02T18:42:57.325624Z  INFO agent::encode::arret: IMFShutdown::Shutdown : avant mft="encodeur"
2026-08-02T18:42:57.325642Z  INFO agent::capteur::distante: canal rattaché au capteur largeur=1280 hauteur=720
2026-08-02T18:42:57.325718Z  INFO agent::capteur::fenetre: fenêtre attachée au capteur session=w-4 sortie=\\.\DISPLAY6 largeur=1280 hauteur=720
2026-08-02T18:42:57.325729Z  INFO agent::capteur::fenetre: l'enfant a fermé le canal session=w-4 images=0
2026-08-02T18:42:57.325729Z  INFO agent::capteur::tube: attaché au capteur session=w-4 sortie=\\.\DISPLAY6 largeur=1280 hauteur=720
2026-08-02T18:42:57.325774Z  INFO agent::encode::arret: IMFShutdown::Shutdown : avant mft="encodeur"
2026-08-02T18:42:57.325783Z  INFO agent::capteur::distante: canal rattaché au capteur largeur=1280 hauteur=720
2026-08-02T18:42:57.326213Z  INFO agent::encode::arret: IMFShutdown::Shutdown : après mft="encodeur"
2026-08-02T18:42:57.326435Z  INFO agent::encode::arret: IMFShutdown::Shutdown : après mft="encodeur"
2026-08-02T18:42:57.346350Z  WARN agent::capteur::serveur: DIAGNOSTIC : fil lecteur de commandes NON lancé
2026-08-02T18:42:57.346834Z  INFO agent::capture::ouverture: sortie retenue pour la duplication adaptateur=NVIDIA GeForce RTX 4070 index_adaptateur=0 index_sortie=2 nom_sortie=\\.\DISPLAY6 attachee=true
2026-08-02T18:42:57.356053Z  WARN agent::capteur::serveur: DIAGNOSTIC : fil lecteur de commandes NON lancé
2026-08-02T18:42:57.356429Z  INFO agent::capture::ouverture: sortie retenue pour la duplication adaptateur=NVIDIA GeForce RTX 4070 index_adaptateur=0 index_sortie=1 nom_sortie=\\.\DISPLAY5 attachee=true
2026-08-02T18:42:57.411198Z  INFO agent::capture::ouverture: protection multi-fils activée sur le contexte immédiat D3D11 protection_precedente=false
2026-08-02T18:42:57.411432Z  INFO agent::capture: duplication de sortie établie desktop_width=1280 desktop_height=720
2026-08-02T18:42:57.411472Z  INFO agent::encode: encodeur matériel retenu encodeur=NVIDIA H.264 Encoder MFT
2026-08-02T18:42:57.430872Z  INFO agent::capture::ouverture: protection multi-fils activée sur le contexte immédiat D3D11 protection_precedente=false
2026-08-02T18:42:57.431099Z  INFO agent::capture: duplication de sortie établie desktop_width=1280 desktop_height=720
2026-08-02T18:42:57.431138Z  INFO agent::encode: encodeur matériel retenu encodeur=NVIDIA H.264 Encoder MFT
2026-08-02T18:42:57.520146Z  INFO agent::encode::arret: file de travail sérialisée imposée mft="encodeur" file=14025504
2026-08-02T18:42:57.520368Z  INFO agent::encode::arret: file de travail sérialisée imposée mft="encodeur" file=17957666
2026-08-02T18:42:57.520376Z  INFO agent::encode: convertisseur BGRA→NV12 (Video Processor MFT) configuré converter_provides_samples=true
2026-08-02T18:42:57.520556Z  INFO agent::encode: convertisseur BGRA→NV12 (Video Processor MFT) configuré converter_provides_samples=true
2026-08-02T18:42:57.520645Z  INFO agent::capteur::fenetre: fenêtre attachée au capteur session=w-4 sortie=\\.\DISPLAY6 largeur=1280 hauteur=720
2026-08-02T18:42:57.520656Z  INFO agent::capteur::fenetre: l'enfant a fermé le canal session=w-4 images=0
2026-08-02T18:42:57.520663Z  INFO agent::capteur::tube: attaché au capteur session=w-4 sortie=\\.\DISPLAY6 largeur=1280 hauteur=720
2026-08-02T18:42:57.520698Z  INFO agent::encode::arret: IMFShutdown::Shutdown : avant mft="encodeur"
2026-08-02T18:42:57.520717Z  INFO agent::capteur::distante: canal rattaché au capteur largeur=1280 hauteur=720
2026-08-02T18:42:57.520797Z  INFO agent::capteur::fenetre: fenêtre attachée au capteur session=w-2 sortie=\\.\DISPLAY5 largeur=1280 hauteur=720
2026-08-02T18:42:57.520813Z  INFO agent::capteur::fenetre: l'enfant a fermé le canal session=w-2 images=0
2026-08-02T18:42:57.520812Z  INFO agent::capteur::tube: attaché au capteur session=w-2 sortie=\\.\DISPLAY5 largeur=1280 hauteur=720
2026-08-02T18:42:57.520858Z  INFO agent::encode::arret: IMFShutdown::Shutdown : avant mft="encodeur"
2026-08-02T18:42:57.520866Z  INFO agent::capteur::distante: canal rattaché au capteur largeur=1280 hauteur=720
2026-08-02T18:42:57.521306Z  INFO agent::encode::arret: IMFShutdown::Shutdown : après mft="encodeur"
2026-08-02T18:42:57.521499Z  INFO agent::encode::arret: IMFShutdown::Shutdown : après mft="encodeur"
2026-08-02T18:42:57.542483Z  WARN agent::capteur::serveur: DIAGNOSTIC : fil lecteur de commandes NON lancé
2026-08-02T18:42:57.542926Z  INFO agent::capture::ouverture: sortie retenue pour la duplication adaptateur=NVIDIA GeForce RTX 4070 index_adaptateur=0 index_sortie=2 nom_sortie=\\.\DISPLAY6 attachee=true
2026-08-02T18:42:57.551298Z  WARN agent::capteur::serveur: DIAGNOSTIC : fil lecteur de commandes NON lancé
2026-08-02T18:42:57.551750Z  INFO agent::capture::ouverture: sortie retenue pour la duplication adaptateur=NVIDIA GeForce RTX 4070 index_adaptateur=0 index_sortie=1 nom_sortie=\\.\DISPLAY5 attachee=true
2026-08-02T18:42:57.606486Z  INFO agent::capture::ouverture: protection multi-fils activée sur le contexte immédiat D3D11 protection_precedente=false
2026-08-02T18:42:57.607371Z  INFO agent::capture: duplication de sortie établie desktop_width=1280 desktop_height=720
2026-08-02T18:42:57.607419Z  INFO agent::encode: encodeur matériel retenu encodeur=NVIDIA H.264 Encoder MFT
2026-08-02T18:42:57.625458Z  INFO agent::capture::ouverture: protection multi-fils activée sur le contexte immédiat D3D11 protection_precedente=false
2026-08-02T18:42:57.625697Z  INFO agent::capture: duplication de sortie établie desktop_width=1280 desktop_height=720
2026-08-02T18:42:57.625738Z  INFO agent::encode: encodeur matériel retenu encodeur=NVIDIA H.264 Encoder MFT
2026-08-02T18:42:57.716099Z  INFO agent::encode::arret: file de travail sérialisée imposée mft="encodeur" file=18088744
2026-08-02T18:42:57.716307Z  INFO agent::encode::arret: file de travail sérialisée imposée mft="encodeur" file=14025510
2026-08-02T18:42:57.716327Z  INFO agent::encode: convertisseur BGRA→NV12 (Video Processor MFT) configuré converter_provides_samples=true
2026-08-02T18:42:57.716496Z  INFO agent::encode: convertisseur BGRA→NV12 (Video Processor MFT) configuré converter_provides_samples=true
2026-08-02T18:42:57.716617Z  INFO agent::capteur::fenetre: fenêtre attachée au capteur session=w-2 sortie=\\.\DISPLAY5 largeur=1280 hauteur=720
2026-08-02T18:42:57.716627Z  INFO agent::capteur::fenetre: l'enfant a fermé le canal session=w-2 images=0
2026-08-02T18:42:57.716631Z  INFO agent::capteur::tube: attaché au capteur session=w-2 sortie=\\.\DISPLAY5 largeur=1280 hauteur=720
2026-08-02T18:42:57.716679Z  INFO agent::encode::arret: IMFShutdown::Shutdown : avant mft="encodeur"
2026-08-02T18:42:57.716687Z  INFO agent::capteur::distante: canal rattaché au capteur largeur=1280 hauteur=720
2026-08-02T18:42:57.716815Z  INFO agent::capteur::fenetre: fenêtre attachée au capteur session=w-4 sortie=\\.\DISPLAY6 largeur=1280 hauteur=720
2026-08-02T18:42:57.716826Z  INFO agent::capteur::fenetre: l'enfant a fermé le canal session=w-4 images=0
2026-08-02T18:42:57.716826Z  INFO agent::capteur::tube: attaché au capteur session=w-4 sortie=\\.\DISPLAY6 largeur=1280 hauteur=720
2026-08-02T18:42:57.716868Z  INFO agent::capteur::distante: canal rattaché au capteur largeur=1280 hauteur=720
2026-08-02T18:42:57.716870Z  INFO agent::encode::arret: IMFShutdown::Shutdown : avant mft="encodeur"
2026-08-02T18:42:57.717258Z  INFO agent::encode::arret: IMFShutdown::Shutdown : après mft="encodeur"
2026-08-02T18:42:57.717517Z  INFO agent::encode::arret: IMFShutdown::Shutdown : après mft="encodeur"
2026-08-02T18:42:57.737102Z  WARN agent::capteur::serveur: DIAGNOSTIC : fil lecteur de commandes NON lancé
2026-08-02T18:42:57.737511Z  INFO agent::capture::ouverture: sortie retenue pour la duplication adaptateur=NVIDIA GeForce RTX 4070 index_adaptateur=0 index_sortie=1 nom_sortie=\\.\DISPLAY5 attachee=true
2026-08-02T18:42:57.747374Z  WARN agent::capteur::serveur: DIAGNOSTIC : fil lecteur de commandes NON lancé
2026-08-02T18:42:57.747718Z  INFO agent::capture::ouverture: sortie retenue pour la duplication adaptateur=NVIDIA GeForce RTX 4070 index_adaptateur=0 index_sortie=2 nom_sortie=\\.\DISPLAY6 attachee=true
2026-08-02T18:42:57.801329Z  INFO agent::capture::ouverture: protection multi-fils activée sur le contexte immédiat D3D11 protection_precedente=false
2026-08-02T18:42:57.801582Z  INFO agent::capture: duplication de sortie établie desktop_width=1280 desktop_height=720
2026-08-02T18:42:57.801622Z  INFO agent::encode: encodeur matériel retenu encodeur=NVIDIA H.264 Encoder MFT
2026-08-02T18:42:57.825599Z  INFO agent::capture::ouverture: protection multi-fils activée sur le contexte immédiat D3D11 protection_precedente=false
2026-08-02T18:42:57.825820Z  INFO agent::capture: duplication de sortie établie desktop_width=1280 desktop_height=720
2026-08-02T18:42:57.825861Z  INFO agent::encode: encodeur matériel retenu encodeur=NVIDIA H.264 Encoder MFT
2026-08-02T18:42:57.912437Z  INFO agent::encode::arret: file de travail sérialisée imposée mft="encodeur" file=14025516
2026-08-02T18:42:57.912680Z  INFO agent::encode: convertisseur BGRA→NV12 (Video Processor MFT) configuré converter_provides_samples=true
2026-08-02T18:42:57.912782Z  INFO agent::encode::arret: file de travail sérialisée imposée mft="encodeur" file=18219822
2026-08-02T18:42:57.912959Z  INFO agent::capteur::fenetre: fenêtre attachée au capteur session=w-2 sortie=\\.\DISPLAY5 largeur=1280 hauteur=720
2026-08-02T18:42:57.912968Z  INFO agent::capteur::fenetre: l'enfant a fermé le canal session=w-2 images=0
2026-08-02T18:42:57.912979Z  INFO agent::encode: convertisseur BGRA→NV12 (Video Processor MFT) configuré converter_provides_samples=true
2026-08-02T18:42:57.912975Z  INFO agent::capteur::tube: attaché au capteur session=w-2 sortie=\\.\DISPLAY5 largeur=1280 hauteur=720
2026-08-02T18:42:57.913019Z  INFO agent::encode::arret: IMFShutdown::Shutdown : avant mft="encodeur"
2026-08-02T18:42:57.913033Z  INFO agent::capteur::distante: canal rattaché au capteur largeur=1280 hauteur=720
2026-08-02T18:42:57.913261Z  INFO agent::capteur::fenetre: fenêtre attachée au capteur session=w-4 sortie=\\.\DISPLAY6 largeur=1280 hauteur=720
2026-08-02T18:42:57.913275Z  INFO agent::capteur::fenetre: l'enfant a fermé le canal session=w-4 images=0
2026-08-02T18:42:57.913272Z  INFO agent::capteur::tube: attaché au capteur session=w-4 sortie=\\.\DISPLAY6 largeur=1280 hauteur=720
2026-08-02T18:42:57.913315Z  INFO agent::encode::arret: IMFShutdown::Shutdown : avant mft="encodeur"
2026-08-02T18:42:57.913319Z  INFO agent::capteur::distante: canal rattaché au capteur largeur=1280 hauteur=720
2026-08-02T18:42:57.913659Z  INFO agent::encode::arret: IMFShutdown::Shutdown : après mft="encodeur"
2026-08-02T18:42:57.914001Z  INFO agent::encode::arret: IMFShutdown::Shutdown : après mft="encodeur"
2026-08-02T18:42:57.933458Z  WARN agent::capteur::serveur: DIAGNOSTIC : fil lecteur de commandes NON lancé
2026-08-02T18:42:57.935881Z  INFO agent::capture::ouverture: sortie retenue pour la duplication adaptateur=NVIDIA GeForce RTX 4070 index_adaptateur=0 index_sortie=1 nom_sortie=\\.\DISPLAY5 attachee=true
2026-08-02T18:42:57.943607Z  WARN agent::capteur::serveur: DIAGNOSTIC : fil lecteur de commandes NON lancé
2026-08-02T18:42:57.943969Z  INFO agent::capture::ouverture: sortie retenue pour la duplication adaptateur=NVIDIA GeForce RTX 4070 index_adaptateur=0 index_sortie=2 nom_sortie=\\.\DISPLAY6 attachee=true
2026-08-02T18:42:58.000349Z  INFO agent::capture::ouverture: protection multi-fils activée sur le contexte immédiat D3D11 protection_precedente=false
2026-08-02T18:42:58.000614Z  INFO agent::capture: duplication de sortie établie desktop_width=1280 desktop_height=720
2026-08-02T18:42:58.000653Z  INFO agent::encode: encodeur matériel retenu encodeur=NVIDIA H.264 Encoder MFT
2026-08-02T18:42:58.026055Z  INFO agent::capture::ouverture: protection multi-fils activée sur le contexte immédiat D3D11 protection_precedente=false
2026-08-02T18:42:58.026282Z  INFO agent::capture: duplication de sortie établie desktop_width=1280 desktop_height=720
2026-08-02T18:42:58.026325Z  INFO agent::encode: encodeur matériel retenu encodeur=NVIDIA H.264 Encoder MFT
2026-08-02T18:42:58.116044Z  INFO agent::encode::arret: file de travail sérialisée imposée mft="encodeur" file=14025522
2026-08-02T18:42:58.116266Z  INFO agent::encode: convertisseur BGRA→NV12 (Video Processor MFT) configuré converter_provides_samples=true
2026-08-02T18:42:58.116360Z  INFO agent::encode::arret: file de travail sérialisée imposée mft="encodeur" file=18350900
2026-08-02T18:42:58.116548Z  INFO agent::encode: convertisseur BGRA→NV12 (Video Processor MFT) configuré converter_provides_samples=true
2026-08-02T18:42:58.116550Z  INFO agent::capteur::fenetre: fenêtre attachée au capteur session=w-2 sortie=\\.\DISPLAY5 largeur=1280 hauteur=720
2026-08-02T18:42:58.116560Z  INFO agent::capteur::fenetre: l'enfant a fermé le canal session=w-2 images=0
2026-08-02T18:42:58.116561Z  INFO agent::capteur::tube: attaché au capteur session=w-2 sortie=\\.\DISPLAY5 largeur=1280 hauteur=720
2026-08-02T18:42:58.116612Z  INFO agent::capteur::distante: canal rattaché au capteur largeur=1280 hauteur=720
2026-08-02T18:42:58.116616Z  INFO agent::encode::arret: IMFShutdown::Shutdown : avant mft="encodeur"
2026-08-02T18:42:58.116825Z  INFO agent::capteur::fenetre: fenêtre attachée au capteur session=w-4 sortie=\\.\DISPLAY6 largeur=1280 hauteur=720
2026-08-02T18:42:58.116839Z  INFO agent::capteur::fenetre: l'enfant a fermé le canal session=w-4 images=0
2026-08-02T18:42:58.116836Z  INFO agent::capteur::tube: attaché au capteur session=w-4 sortie=\\.\DISPLAY6 largeur=1280 hauteur=720
2026-08-02T18:42:58.116881Z  INFO agent::capteur::distante: canal rattaché au capteur largeur=1280 hauteur=720
2026-08-02T18:42:58.116883Z  INFO agent::encode::arret: IMFShutdown::Shutdown : avant mft="encodeur"
2026-08-02T18:42:58.117309Z  INFO agent::encode::arret: IMFShutdown::Shutdown : après mft="encodeur"
2026-08-02T18:42:58.117571Z  INFO agent::encode::arret: IMFShutdown::Shutdown : après mft="encodeur"
2026-08-02T18:42:58.137267Z  WARN agent::capteur::serveur: DIAGNOSTIC : fil lecteur de commandes NON lancé
2026-08-02T18:42:58.137749Z  INFO agent::capture::ouverture: sortie retenue pour la duplication adaptateur=NVIDIA GeForce RTX 4070 index_adaptateur=0 index_sortie=1 nom_sortie=\\.\DISPLAY5 attachee=true
2026-08-02T18:42:58.147443Z  WARN agent::capteur::serveur: DIAGNOSTIC : fil lecteur de commandes NON lancé
2026-08-02T18:42:58.147754Z  INFO agent::capture::ouverture: sortie retenue pour la duplication adaptateur=NVIDIA GeForce RTX 4070 index_adaptateur=0 index_sortie=2 nom_sortie=\\.\DISPLAY6 attachee=true
2026-08-02T18:42:58.204092Z  INFO agent::capture::ouverture: protection multi-fils activée sur le contexte immédiat D3D11 protection_precedente=false
2026-08-02T18:42:58.204332Z  INFO agent::capture: duplication de sortie établie desktop_width=1280 desktop_height=720
2026-08-02T18:42:58.204369Z  INFO agent::encode: encodeur matériel retenu encodeur=NVIDIA H.264 Encoder MFT
2026-08-02T18:42:58.221594Z  INFO agent::capture::ouverture: protection multi-fils activée sur le contexte immédiat D3D11 protection_precedente=false
2026-08-02T18:42:58.221863Z  INFO agent::capture: duplication de sortie établie desktop_width=1280 desktop_height=720
2026-08-02T18:42:58.221907Z  INFO agent::encode: encodeur matériel retenu encodeur=NVIDIA H.264 Encoder MFT
2026-08-02T18:42:58.309966Z  INFO agent::encode::arret: file de travail sérialisée imposée mft="encodeur" file=18481978
2026-08-02T18:42:58.310194Z  INFO agent::encode: convertisseur BGRA→NV12 (Video Processor MFT) configuré converter_provides_samples=true
2026-08-02T18:42:58.310202Z  INFO agent::encode::arret: file de travail sérialisée imposée mft="encodeur" file=14025528
2026-08-02T18:42:58.310383Z  INFO agent::encode: convertisseur BGRA→NV12 (Video Processor MFT) configuré converter_provides_samples=true
2026-08-02T18:42:58.310475Z  INFO agent::capteur::fenetre: fenêtre attachée au capteur session=w-4 sortie=\\.\DISPLAY6 largeur=1280 hauteur=720
2026-08-02T18:42:58.310485Z  INFO agent::capteur::fenetre: l'enfant a fermé le canal session=w-4 images=0
2026-08-02T18:42:58.310489Z  INFO agent::capteur::tube: attaché au capteur session=w-4 sortie=\\.\DISPLAY6 largeur=1280 hauteur=720
2026-08-02T18:42:58.310526Z  INFO agent::encode::arret: IMFShutdown::Shutdown : avant mft="encodeur"
2026-08-02T18:42:58.310548Z  INFO agent::capteur::distante: canal rattaché au capteur largeur=1280 hauteur=720
2026-08-02T18:42:58.310693Z  INFO agent::capteur::tube: attaché au capteur session=w-2 sortie=\\.\DISPLAY5 largeur=1280 hauteur=720
2026-08-02T18:42:58.310681Z  INFO agent::capteur::fenetre: fenêtre attachée au capteur session=w-2 sortie=\\.\DISPLAY5 largeur=1280 hauteur=720
2026-08-02T18:42:58.310718Z  INFO agent::capteur::fenetre: l'enfant a fermé le canal session=w-2 images=0
2026-08-02T18:42:58.310735Z  INFO agent::capteur::distante: canal rattaché au capteur largeur=1280 hauteur=720
2026-08-02T18:42:58.310768Z  INFO agent::encode::arret: IMFShutdown::Shutdown : avant mft="encodeur"
2026-08-02T18:42:58.311161Z  INFO agent::encode::arret: IMFShutdown::Shutdown : après mft="encodeur"
2026-08-02T18:42:58.311442Z  INFO agent::encode::arret: IMFShutdown::Shutdown : après mft="encodeur"
2026-08-02T18:42:58.335388Z  WARN agent::capteur::serveur: DIAGNOSTIC : fil lecteur de commandes NON lancé
2026-08-02T18:42:58.335835Z  INFO agent::capture::ouverture: sortie retenue pour la duplication adaptateur=NVIDIA GeForce RTX 4070 index_adaptateur=0 index_sortie=2 nom_sortie=\\.\DISPLAY6 attachee=true
2026-08-02T18:42:58.341390Z  WARN agent::capteur::serveur: DIAGNOSTIC : fil lecteur de commandes NON lancé
2026-08-02T18:42:58.341692Z  INFO agent::capture::ouverture: sortie retenue pour la duplication adaptateur=NVIDIA GeForce RTX 4070 index_adaptateur=0 index_sortie=1 nom_sortie=\\.\DISPLAY5 attachee=true
2026-08-02T18:42:58.401415Z  INFO agent::capture::ouverture: protection multi-fils activée sur le contexte immédiat D3D11 protection_precedente=false
2026-08-02T18:42:58.401650Z  INFO agent::capture: duplication de sortie établie desktop_width=1280 desktop_height=720
2026-08-02T18:42:58.401688Z  INFO agent::encode: encodeur matériel retenu encodeur=NVIDIA H.264 Encoder MFT
2026-08-02T18:42:58.424934Z  INFO agent::capture::ouverture: protection multi-fils activée sur le contexte immédiat D3D11 protection_precedente=false
2026-08-02T18:42:58.425170Z  INFO agent::capture: duplication de sortie établie desktop_width=1280 desktop_height=720
2026-08-02T18:42:58.425212Z  INFO agent::encode: encodeur matériel retenu encodeur=NVIDIA H.264 Encoder MFT
2026-08-02T18:42:58.513005Z  INFO agent::encode::arret: file de travail sérialisée imposée mft="encodeur" file=18613056
2026-08-02T18:42:58.513238Z  INFO agent::encode: convertisseur BGRA→NV12 (Video Processor MFT) configuré converter_provides_samples=true
2026-08-02T18:42:58.513518Z  INFO agent::capteur::fenetre: fenêtre attachée au capteur session=w-2 sortie=\\.\DISPLAY5 largeur=1280 hauteur=720
2026-08-02T18:42:58.513528Z  INFO agent::capteur::fenetre: l'enfant a fermé le canal session=w-2 images=0
2026-08-02T18:42:58.513534Z  INFO agent::capteur::tube: attaché au capteur session=w-2 sortie=\\.\DISPLAY5 largeur=1280 hauteur=720
2026-08-02T18:42:58.513571Z  INFO agent::encode::arret: IMFShutdown::Shutdown : avant mft="encodeur"
2026-08-02T18:42:58.513588Z  INFO agent::capteur::distante: canal rattaché au capteur largeur=1280 hauteur=720
2026-08-02T18:42:58.513806Z  INFO agent::encode::arret: file de travail sérialisée imposée mft="encodeur" file=14025534
2026-08-02T18:42:58.514034Z  INFO agent::encode: convertisseur BGRA→NV12 (Video Processor MFT) configuré converter_provides_samples=true
2026-08-02T18:42:58.514039Z  INFO agent::encode::arret: IMFShutdown::Shutdown : après mft="encodeur"
2026-08-02T18:42:58.514275Z  INFO agent::capteur::fenetre: fenêtre attachée au capteur session=w-4 sortie=\\.\DISPLAY6 largeur=1280 hauteur=720
2026-08-02T18:42:58.514284Z  INFO agent::capteur::fenetre: l'enfant a fermé le canal session=w-4 images=0
2026-08-02T18:42:58.514285Z  INFO agent::capteur::tube: attaché au capteur session=w-4 sortie=\\.\DISPLAY6 largeur=1280 hauteur=720
2026-08-02T18:42:58.514319Z  INFO agent::encode::arret: IMFShutdown::Shutdown : avant mft="encodeur"
2026-08-02T18:42:58.514327Z  INFO agent::capteur::distante: canal rattaché au capteur largeur=1280 hauteur=720
2026-08-02T18:42:58.514867Z  INFO agent::encode::arret: IMFShutdown::Shutdown : après mft="encodeur"
2026-08-02T18:42:58.534837Z  WARN agent::capteur::serveur: DIAGNOSTIC : fil lecteur de commandes NON lancé
2026-08-02T18:42:58.535280Z  INFO agent::capture::ouverture: sortie retenue pour la duplication adaptateur=NVIDIA GeForce RTX 4070 index_adaptateur=0 index_sortie=1 nom_sortie=\\.\DISPLAY5 attachee=true
2026-08-02T18:42:58.544799Z  WARN agent::capteur::serveur: DIAGNOSTIC : fil lecteur de commandes NON lancé
2026-08-02T18:42:58.545138Z  INFO agent::capture::ouverture: sortie retenue pour la duplication adaptateur=NVIDIA GeForce RTX 4070 index_adaptateur=0 index_sortie=2 nom_sortie=\\.\DISPLAY6 attachee=true
2026-08-02T18:42:58.599844Z  INFO agent::capture::ouverture: protection multi-fils activée sur le contexte immédiat D3D11 protection_precedente=false
2026-08-02T18:42:58.600074Z  INFO agent::capture: duplication de sortie établie desktop_width=1280 desktop_height=720
2026-08-02T18:42:58.600113Z  INFO agent::encode: encodeur matériel retenu encodeur=NVIDIA H.264 Encoder MFT
2026-08-02T18:42:58.624720Z  INFO agent::capture::ouverture: protection multi-fils activée sur le contexte immédiat D3D11 protection_precedente=false
2026-08-02T18:42:58.624966Z  INFO agent::capture: duplication de sortie établie desktop_width=1280 desktop_height=720
2026-08-02T18:42:58.625007Z  INFO agent::encode: encodeur matériel retenu encodeur=NVIDIA H.264 Encoder MFT
2026-08-02T18:42:58.713489Z  INFO agent::encode::arret: file de travail sérialisée imposée mft="encodeur" file=18744134
2026-08-02T18:42:58.713708Z  INFO agent::encode: convertisseur BGRA→NV12 (Video Processor MFT) configuré converter_provides_samples=true
2026-08-02T18:42:58.713739Z  INFO agent::encode::arret: file de travail sérialisée imposée mft="encodeur" file=14025540
2026-08-02T18:42:58.713924Z  INFO agent::encode: convertisseur BGRA→NV12 (Video Processor MFT) configuré converter_provides_samples=true
2026-08-02T18:42:58.713969Z  INFO agent::capteur::fenetre: fenêtre attachée au capteur session=w-4 sortie=\\.\DISPLAY6 largeur=1280 hauteur=720
2026-08-02T18:42:58.713978Z  INFO agent::capteur::fenetre: l'enfant a fermé le canal session=w-4 images=0
2026-08-02T18:42:58.713991Z  INFO agent::capteur::tube: attaché au capteur session=w-4 sortie=\\.\DISPLAY6 largeur=1280 hauteur=720
2026-08-02T18:42:58.714027Z  INFO agent::encode::arret: IMFShutdown::Shutdown : avant mft="encodeur"
2026-08-02T18:42:58.714051Z  INFO agent::capteur::distante: canal rattaché au capteur largeur=1280 hauteur=720
2026-08-02T18:42:58.714190Z  INFO agent::capteur::fenetre: fenêtre attachée au capteur session=w-2 sortie=\\.\DISPLAY5 largeur=1280 hauteur=720
2026-08-02T18:42:58.714205Z  INFO agent::capteur::fenetre: l'enfant a fermé le canal session=w-2 images=0
2026-08-02T18:42:58.714207Z  INFO agent::capteur::tube: attaché au capteur session=w-2 sortie=\\.\DISPLAY5 largeur=1280 hauteur=720
2026-08-02T18:42:58.714245Z  INFO agent::encode::arret: IMFShutdown::Shutdown : avant mft="encodeur"
2026-08-02T18:42:58.714252Z  INFO agent::capteur::distante: canal rattaché au capteur largeur=1280 hauteur=720
2026-08-02T18:42:58.714664Z  INFO agent::encode::arret: IMFShutdown::Shutdown : après mft="encodeur"
2026-08-02T18:42:58.714882Z  INFO agent::encode::arret: IMFShutdown::Shutdown : après mft="encodeur"
2026-08-02T18:42:58.736671Z  WARN agent::capteur::serveur: DIAGNOSTIC : fil lecteur de commandes NON lancé
2026-08-02T18:42:58.737176Z  INFO agent::capture::ouverture: sortie retenue pour la duplication adaptateur=NVIDIA GeForce RTX 4070 index_adaptateur=0 index_sortie=1 nom_sortie=\\.\DISPLAY5 attachee=true
2026-08-02T18:42:58.744592Z  WARN agent::capteur::serveur: DIAGNOSTIC : fil lecteur de commandes NON lancé
2026-08-02T18:42:58.744978Z  INFO agent::capture::ouverture: sortie retenue pour la duplication adaptateur=NVIDIA GeForce RTX 4070 index_adaptateur=0 index_sortie=2 nom_sortie=\\.\DISPLAY6 attachee=true
2026-08-02T18:42:58.798157Z  INFO agent::capture::ouverture: protection multi-fils activée sur le contexte immédiat D3D11 protection_precedente=false
2026-08-02T18:42:58.798443Z  INFO agent::capture: duplication de sortie établie desktop_width=1280 desktop_height=720
2026-08-02T18:42:58.798482Z  INFO agent::encode: encodeur matériel retenu encodeur=NVIDIA H.264 Encoder MFT
2026-08-02T18:42:58.824650Z  INFO agent::capture::ouverture: protection multi-fils activée sur le contexte immédiat D3D11 protection_precedente=false
2026-08-02T18:42:58.824879Z  INFO agent::capture: duplication de sortie établie desktop_width=1280 desktop_height=720
2026-08-02T18:42:58.824918Z  INFO agent::encode: encodeur matériel retenu encodeur=NVIDIA H.264 Encoder MFT
2026-08-02T18:42:58.913272Z  INFO agent::encode::arret: file de travail sérialisée imposée mft="encodeur" file=18875212
2026-08-02T18:42:58.913457Z  INFO agent::encode::arret: file de travail sérialisée imposée mft="encodeur" file=14025546
2026-08-02T18:42:58.913504Z  INFO agent::encode: convertisseur BGRA→NV12 (Video Processor MFT) configuré converter_provides_samples=true
2026-08-02T18:42:58.913643Z  INFO agent::encode: convertisseur BGRA→NV12 (Video Processor MFT) configuré converter_provides_samples=true
2026-08-02T18:42:58.913768Z  INFO agent::capteur::fenetre: fenêtre attachée au capteur session=w-4 sortie=\\.\DISPLAY6 largeur=1280 hauteur=720
2026-08-02T18:42:58.913777Z  INFO agent::capteur::fenetre: l'enfant a fermé le canal session=w-4 images=0
2026-08-02T18:42:58.913785Z  INFO agent::capteur::tube: attaché au capteur session=w-4 sortie=\\.\DISPLAY6 largeur=1280 hauteur=720
2026-08-02T18:42:58.913840Z  INFO agent::capteur::distante: canal rattaché au capteur largeur=1280 hauteur=720
2026-08-02T18:42:58.913838Z  INFO agent::encode::arret: IMFShutdown::Shutdown : avant mft="encodeur"
2026-08-02T18:42:58.913890Z  INFO agent::capteur::fenetre: fenêtre attachée au capteur session=w-2 sortie=\\.\DISPLAY5 largeur=1280 hauteur=720
2026-08-02T18:42:58.913900Z  INFO agent::capteur::fenetre: l'enfant a fermé le canal session=w-2 images=0
2026-08-02T18:42:58.913901Z  INFO agent::capteur::tube: attaché au capteur session=w-2 sortie=\\.\DISPLAY5 largeur=1280 hauteur=720
2026-08-02T18:42:58.913938Z  INFO agent::encode::arret: IMFShutdown::Shutdown : avant mft="encodeur"
2026-08-02T18:42:58.913942Z  INFO agent::capteur::distante: canal rattaché au capteur largeur=1280 hauteur=720
2026-08-02T18:42:58.914646Z  INFO agent::encode::arret: IMFShutdown::Shutdown : après mft="encodeur"
2026-08-02T18:42:58.914830Z  INFO agent::encode::arret: IMFShutdown::Shutdown : après mft="encodeur"
2026-08-02T18:42:58.934510Z  WARN agent::capteur::serveur: DIAGNOSTIC : fil lecteur de commandes NON lancé
2026-08-02T18:42:58.935001Z  INFO agent::capture::ouverture: sortie retenue pour la duplication adaptateur=NVIDIA GeForce RTX 4070 index_adaptateur=0 index_sortie=2 nom_sortie=\\.\DISPLAY6 attachee=true
2026-08-02T18:42:58.944506Z  WARN agent::capteur::serveur: DIAGNOSTIC : fil lecteur de commandes NON lancé
2026-08-02T18:42:58.944831Z  INFO agent::capture::ouverture: sortie retenue pour la duplication adaptateur=NVIDIA GeForce RTX 4070 index_adaptateur=0 index_sortie=1 nom_sortie=\\.\DISPLAY5 attachee=true
2026-08-02T18:42:59.000702Z  INFO agent::capture::ouverture: protection multi-fils activée sur le contexte immédiat D3D11 protection_precedente=false
2026-08-02T18:42:59.001611Z  INFO agent::capture: duplication de sortie établie desktop_width=1280 desktop_height=720
2026-08-02T18:42:59.001652Z  INFO agent::encode: encodeur matériel retenu encodeur=NVIDIA H.264 Encoder MFT
2026-08-02T18:42:59.024553Z  INFO agent::capture::ouverture: protection multi-fils activée sur le contexte immédiat D3D11 protection_precedente=false
2026-08-02T18:42:59.024791Z  INFO agent::capture: duplication de sortie établie desktop_width=1280 desktop_height=720
2026-08-02T18:42:59.024830Z  INFO agent::encode: encodeur matériel retenu encodeur=NVIDIA H.264 Encoder MFT
2026-08-02T18:42:59.101356Z  INFO agent::encode::arret: file de travail sérialisée imposée mft="encodeur" file=19006290
2026-08-02T18:42:59.101584Z  INFO agent::encode: convertisseur BGRA→NV12 (Video Processor MFT) configuré converter_provides_samples=true
2026-08-02T18:42:59.101875Z  INFO agent::capteur::fenetre: fenêtre attachée au capteur session=w-2 sortie=\\.\DISPLAY5 largeur=1280 hauteur=720
2026-08-02T18:42:59.101886Z  INFO agent::capteur::fenetre: l'enfant a fermé le canal session=w-2 images=0
2026-08-02T18:42:59.101920Z  INFO agent::capteur::tube: attaché au capteur session=w-2 sortie=\\.\DISPLAY5 largeur=1280 hauteur=720
2026-08-02T18:42:59.101932Z  INFO agent::encode::arret: IMFShutdown::Shutdown : avant mft="encodeur"
2026-08-02T18:42:59.101979Z  INFO agent::capteur::distante: canal rattaché au capteur largeur=1280 hauteur=720
2026-08-02T18:42:59.102569Z  INFO agent::encode::arret: IMFShutdown::Shutdown : après mft="encodeur"
2026-08-02T18:42:59.124946Z  INFO agent::encode::arret: file de travail sérialisée imposée mft="encodeur" file=14025552
2026-08-02T18:42:59.125181Z  INFO agent::encode: convertisseur BGRA→NV12 (Video Processor MFT) configuré converter_provides_samples=true
2026-08-02T18:42:59.125472Z  INFO agent::capteur::fenetre: fenêtre attachée au capteur session=w-4 sortie=\\.\DISPLAY6 largeur=1280 hauteur=720
2026-08-02T18:42:59.125482Z  INFO agent::capteur::fenetre: l'enfant a fermé le canal session=w-4 images=0
2026-08-02T18:42:59.125486Z  INFO agent::capteur::tube: attaché au capteur session=w-4 sortie=\\.\DISPLAY6 largeur=1280 hauteur=720
2026-08-02T18:42:59.125542Z  INFO agent::capteur::distante: canal rattaché au capteur largeur=1280 hauteur=720
2026-08-02T18:42:59.125556Z  INFO agent::encode::arret: IMFShutdown::Shutdown : avant mft="encodeur"
2026-08-02T18:42:59.126208Z  INFO agent::encode::arret: IMFShutdown::Shutdown : après mft="encodeur"
2026-08-02T18:42:59.132354Z  WARN agent::capteur::serveur: DIAGNOSTIC : fil lecteur de commandes NON lancé
2026-08-02T18:42:59.132692Z  INFO agent::capture::ouverture: sortie retenue pour la duplication adaptateur=NVIDIA GeForce RTX 4070 index_adaptateur=0 index_sortie=1 nom_sortie=\\.\DISPLAY5 attachee=true
2026-08-02T18:42:59.152147Z  INFO agent::capture::ouverture: protection multi-fils activée sur le contexte immédiat D3D11 protection_precedente=false
2026-08-02T18:42:59.152385Z  INFO agent::capture: duplication de sortie établie desktop_width=1280 desktop_height=720
2026-08-02T18:42:59.152425Z  INFO agent::encode: encodeur matériel retenu encodeur=NVIDIA H.264 Encoder MFT
2026-08-02T18:42:59.155926Z  WARN agent::capteur::serveur: DIAGNOSTIC : fil lecteur de commandes NON lancé
2026-08-02T18:42:59.156270Z  INFO agent::capture::ouverture: sortie retenue pour la duplication adaptateur=NVIDIA GeForce RTX 4070 index_adaptateur=0 index_sortie=2 nom_sortie=\\.\DISPLAY6 attachee=true
2026-08-02T18:42:59.191073Z  INFO agent::capture::ouverture: protection multi-fils activée sur le contexte immédiat D3D11 protection_precedente=false
2026-08-02T18:42:59.191324Z  INFO agent::capture: duplication de sortie établie desktop_width=1280 desktop_height=720
2026-08-02T18:42:59.191366Z  INFO agent::encode: encodeur matériel retenu encodeur=NVIDIA H.264 Encoder MFT
2026-08-02T18:42:59.233469Z  INFO agent::encode::arret: file de travail sérialisée imposée mft="encodeur" file=14025558
2026-08-02T18:42:59.233700Z  INFO agent::encode: convertisseur BGRA→NV12 (Video Processor MFT) configuré converter_provides_samples=true
2026-08-02T18:42:59.234033Z  INFO agent::capteur::fenetre: fenêtre attachée au capteur session=w-2 sortie=\\.\DISPLAY5 largeur=1280 hauteur=720
2026-08-02T18:42:59.234043Z  INFO agent::capteur::fenetre: l'enfant a fermé le canal session=w-2 images=0
2026-08-02T18:42:59.234050Z  INFO agent::capteur::tube: attaché au capteur session=w-2 sortie=\\.\DISPLAY5 largeur=1280 hauteur=720
2026-08-02T18:42:59.234117Z  INFO agent::capteur::distante: canal rattaché au capteur largeur=1280 hauteur=720
2026-08-02T18:42:59.234139Z  INFO agent::encode::arret: IMFShutdown::Shutdown : avant mft="encodeur"
2026-08-02T18:42:59.234612Z  INFO agent::encode::arret: IMFShutdown::Shutdown : après mft="encodeur"
2026-08-02T18:42:59.261405Z  INFO agent::encode::arret: file de travail sérialisée imposée mft="encodeur" file=19137368
2026-08-02T18:42:59.261629Z  INFO agent::encode: convertisseur BGRA→NV12 (Video Processor MFT) configuré converter_provides_samples=true
2026-08-02T18:42:59.261923Z  INFO agent::capteur::fenetre: fenêtre attachée au capteur session=w-4 sortie=\\.\DISPLAY6 largeur=1280 hauteur=720
2026-08-02T18:42:59.261934Z  INFO agent::capteur::fenetre: l'enfant a fermé le canal session=w-4 images=0
2026-08-02T18:42:59.261942Z  INFO agent::capteur::tube: attaché au capteur session=w-4 sortie=\\.\DISPLAY6 largeur=1280 hauteur=720
2026-08-02T18:42:59.261995Z  INFO agent::encode::arret: IMFShutdown::Shutdown : avant mft="encodeur"
2026-08-02T18:42:59.262002Z  INFO agent::capteur::distante: canal rattaché au capteur largeur=1280 hauteur=720
2026-08-02T18:42:59.262656Z  INFO agent::encode::arret: IMFShutdown::Shutdown : après mft="encodeur"
2026-08-02T18:42:59.274626Z  WARN agent::capteur::serveur: DIAGNOSTIC : fil lecteur de commandes NON lancé
2026-08-02T18:42:59.275031Z  INFO agent::capture::ouverture: sortie retenue pour la duplication adaptateur=NVIDIA GeForce RTX 4070 index_adaptateur=0 index_sortie=1 nom_sortie=\\.\DISPLAY5 attachee=true
2026-08-02T18:42:59.282303Z  WARN agent::capteur::serveur: DIAGNOSTIC : fil lecteur de commandes NON lancé
2026-08-02T18:42:59.282645Z  INFO agent::capture::ouverture: sortie retenue pour la duplication adaptateur=NVIDIA GeForce RTX 4070 index_adaptateur=0 index_sortie=2 nom_sortie=\\.\DISPLAY6 attachee=true
2026-08-02T18:42:59.340377Z  INFO agent::capture::ouverture: protection multi-fils activée sur le contexte immédiat D3D11 protection_precedente=false
2026-08-02T18:42:59.340614Z  INFO agent::capture: duplication de sortie établie desktop_width=1280 desktop_height=720
2026-08-02T18:42:59.340652Z  INFO agent::encode: encodeur matériel retenu encodeur=NVIDIA H.264 Encoder MFT
2026-08-02T18:42:59.358514Z  INFO agent::capture::ouverture: protection multi-fils activée sur le contexte immédiat D3D11 protection_precedente=false
2026-08-02T18:42:59.358750Z  INFO agent::capture: duplication de sortie établie desktop_width=1280 desktop_height=720
2026-08-02T18:42:59.358793Z  INFO agent::encode: encodeur matériel retenu encodeur=NVIDIA H.264 Encoder MFT
2026-08-02T18:42:59.435877Z  INFO agent::encode::arret: file de travail sérialisée imposée mft="encodeur" file=14025564
2026-08-02T18:42:59.436102Z  INFO agent::encode: convertisseur BGRA→NV12 (Video Processor MFT) configuré converter_provides_samples=true
2026-08-02T18:42:59.436375Z  INFO agent::capteur::fenetre: fenêtre attachée au capteur session=w-2 sortie=\\.\DISPLAY5 largeur=1280 hauteur=720
2026-08-02T18:42:59.436385Z  INFO agent::capteur::fenetre: l'enfant a fermé le canal session=w-2 images=0
2026-08-02T18:42:59.436391Z  INFO agent::capteur::tube: attaché au capteur session=w-2 sortie=\\.\DISPLAY5 largeur=1280 hauteur=720
2026-08-02T18:42:59.436444Z  INFO agent::capteur::distante: canal rattaché au capteur largeur=1280 hauteur=720
2026-08-02T18:42:59.436448Z  INFO agent::encode::arret: IMFShutdown::Shutdown : avant mft="encodeur"
2026-08-02T18:42:59.436974Z  INFO agent::encode::arret: IMFShutdown::Shutdown : après mft="encodeur"
2026-08-02T18:42:59.450505Z  INFO agent::encode::arret: file de travail sérialisée imposée mft="encodeur" file=19268446
2026-08-02T18:42:59.450731Z  INFO agent::encode: convertisseur BGRA→NV12 (Video Processor MFT) configuré converter_provides_samples=true
2026-08-02T18:42:59.451010Z  INFO agent::capteur::fenetre: fenêtre attachée au capteur session=w-4 sortie=\\.\DISPLAY6 largeur=1280 hauteur=720
2026-08-02T18:42:59.451022Z  INFO agent::capteur::fenetre: l'enfant a fermé le canal session=w-4 images=0
2026-08-02T18:42:59.451024Z  INFO agent::capteur::tube: attaché au capteur session=w-4 sortie=\\.\DISPLAY6 largeur=1280 hauteur=720
2026-08-02T18:42:59.451078Z  INFO agent::capteur::distante: canal rattaché au capteur largeur=1280 hauteur=720
2026-08-02T18:42:59.451084Z  INFO agent::encode::arret: IMFShutdown::Shutdown : avant mft="encodeur"
2026-08-02T18:42:59.451088Z  INFO agent::transport::cadence_video: cadence de la piste vidéo (côté enfant) session=w-4 unites=0 cadence="0.0"
2026-08-02T18:42:59.451750Z  INFO agent::encode::arret: IMFShutdown::Shutdown : après mft="encodeur"
2026-08-02T18:42:59.452324Z  WARN agent::transport::socket: échec de réception UDP transitoire, ignoré erreur=Une connexion existante a dû être fermée par l’hôte distant. (os error 10054) consecutives=1 backoff_ms=2
2026-08-02T18:42:59.468417Z  WARN agent::capteur::serveur: DIAGNOSTIC : fil lecteur de commandes NON lancé
2026-08-02T18:42:59.468897Z  INFO agent::capture::ouverture: sortie retenue pour la duplication adaptateur=NVIDIA GeForce RTX 4070 index_adaptateur=0 index_sortie=1 nom_sortie=\\.\DISPLAY5 attachee=true
2026-08-02T18:42:59.471630Z  WARN agent::capteur::serveur: DIAGNOSTIC : fil lecteur de commandes NON lancé
2026-08-02T18:42:59.471999Z  INFO agent::capture::ouverture: sortie retenue pour la duplication adaptateur=NVIDIA GeForce RTX 4070 index_adaptateur=0 index_sortie=2 nom_sortie=\\.\DISPLAY6 attachee=true
2026-08-02T18:42:59.531103Z  INFO agent::capture::ouverture: protection multi-fils activée sur le contexte immédiat D3D11 protection_precedente=false
2026-08-02T18:42:59.531335Z  INFO agent::capture: duplication de sortie établie desktop_width=1280 desktop_height=720
2026-08-02T18:42:59.531382Z  INFO agent::encode: encodeur matériel retenu encodeur=NVIDIA H.264 Encoder MFT
2026-08-02T18:42:59.548768Z  INFO agent::capture::ouverture: protection multi-fils activée sur le contexte immédiat D3D11 protection_precedente=false
2026-08-02T18:42:59.548994Z  INFO agent::capture: duplication de sortie établie desktop_width=1280 desktop_height=720
2026-08-02T18:42:59.549037Z  INFO agent::encode: encodeur matériel retenu encodeur=NVIDIA H.264 Encoder MFT
2026-08-02T18:42:59.636901Z  INFO agent::encode::arret: file de travail sérialisée imposée mft="encodeur" file=19399524
2026-08-02T18:42:59.637130Z  INFO agent::encode: convertisseur BGRA→NV12 (Video Processor MFT) configuré converter_provides_samples=true
2026-08-02T18:42:59.637251Z  INFO agent::encode::arret: file de travail sérialisée imposée mft="encodeur" file=14025570
2026-08-02T18:42:59.637419Z  INFO agent::capteur::fenetre: fenêtre attachée au capteur session=w-4 sortie=\\.\DISPLAY6 largeur=1280 hauteur=720
2026-08-02T18:42:59.637429Z  INFO agent::capteur::fenetre: l'enfant a fermé le canal session=w-4 images=0
2026-08-02T18:42:59.637435Z  INFO agent::capteur::tube: attaché au capteur session=w-4 sortie=\\.\DISPLAY6 largeur=1280 hauteur=720
2026-08-02T18:42:59.637450Z  INFO agent::encode: convertisseur BGRA→NV12 (Video Processor MFT) configuré converter_provides_samples=true
2026-08-02T18:42:59.637472Z  INFO agent::encode::arret: IMFShutdown::Shutdown : avant mft="encodeur"
2026-08-02T18:42:59.637503Z  INFO agent::capteur::distante: canal rattaché au capteur largeur=1280 hauteur=720
2026-08-02T18:42:59.637731Z  INFO agent::capteur::fenetre: fenêtre attachée au capteur session=w-2 sortie=\\.\DISPLAY5 largeur=1280 hauteur=720
2026-08-02T18:42:59.637742Z  INFO agent::capteur::fenetre: l'enfant a fermé le canal session=w-2 images=0
2026-08-02T18:42:59.637743Z  INFO agent::capteur::tube: attaché au capteur session=w-2 sortie=\\.\DISPLAY5 largeur=1280 hauteur=720
2026-08-02T18:42:59.637788Z  INFO agent::capteur::distante: canal rattaché au capteur largeur=1280 hauteur=720
2026-08-02T18:42:59.637788Z  INFO agent::encode::arret: IMFShutdown::Shutdown : avant mft="encodeur"
2026-08-02T18:42:59.638078Z  INFO agent::encode::arret: IMFShutdown::Shutdown : après mft="encodeur"
2026-08-02T18:42:59.638480Z  INFO agent::encode::arret: IMFShutdown::Shutdown : après mft="encodeur"
2026-08-02T18:42:59.639383Z  WARN agent::transport::socket: échec de réception UDP transitoire, ignoré erreur=Une connexion existante a dû être fermée par l’hôte distant. (os error 10054) consecutives=1 backoff_ms=2
2026-08-02T18:42:59.660443Z  WARN agent::capteur::serveur: DIAGNOSTIC : fil lecteur de commandes NON lancé
2026-08-02T18:42:59.660873Z  INFO agent::capture::ouverture: sortie retenue pour la duplication adaptateur=NVIDIA GeForce RTX 4070 index_adaptateur=0 index_sortie=1 nom_sortie=\\.\DISPLAY5 attachee=true
2026-08-02T18:42:59.668084Z  WARN agent::capteur::serveur: DIAGNOSTIC : fil lecteur de commandes NON lancé
2026-08-02T18:42:59.668431Z  INFO agent::capture::ouverture: sortie retenue pour la duplication adaptateur=NVIDIA GeForce RTX 4070 index_adaptateur=0 index_sortie=2 nom_sortie=\\.\DISPLAY6 attachee=true
2026-08-02T18:42:59.723801Z  INFO agent::capture::ouverture: protection multi-fils activée sur le contexte immédiat D3D11 protection_precedente=false
2026-08-02T18:42:59.724068Z  INFO agent::capture: duplication de sortie établie desktop_width=1280 desktop_height=720
2026-08-02T18:42:59.724120Z  INFO agent::encode: encodeur matériel retenu encodeur=NVIDIA H.264 Encoder MFT
2026-08-02T18:42:59.742014Z  INFO agent::capture::ouverture: protection multi-fils activée sur le contexte immédiat D3D11 protection_precedente=false
2026-08-02T18:42:59.742275Z  INFO agent::capture: duplication de sortie établie desktop_width=1280 desktop_height=720
2026-08-02T18:42:59.742319Z  INFO agent::encode: encodeur matériel retenu encodeur=NVIDIA H.264 Encoder MFT
2026-08-02T18:42:59.829136Z  INFO agent::encode::arret: file de travail sérialisée imposée mft="encodeur" file=19530602
2026-08-02T18:42:59.829295Z  INFO agent::encode::arret: file de travail sérialisée imposée mft="encodeur" file=14025576
2026-08-02T18:42:59.829374Z  INFO agent::encode: convertisseur BGRA→NV12 (Video Processor MFT) configuré converter_provides_samples=true
2026-08-02T18:42:59.829486Z  INFO agent::encode: convertisseur BGRA→NV12 (Video Processor MFT) configuré converter_provides_samples=true
2026-08-02T18:42:59.829663Z  INFO agent::capteur::fenetre: fenêtre attachée au capteur session=w-4 sortie=\\.\DISPLAY6 largeur=1280 hauteur=720
2026-08-02T18:42:59.829673Z  INFO agent::capteur::fenetre: l'enfant a fermé le canal session=w-4 images=0
2026-08-02T18:42:59.829675Z  INFO agent::capteur::tube: attaché au capteur session=w-4 sortie=\\.\DISPLAY6 largeur=1280 hauteur=720
2026-08-02T18:42:59.829721Z  INFO agent::capteur::fenetre: fenêtre attachée au capteur session=w-2 sortie=\\.\DISPLAY5 largeur=1280 hauteur=720
2026-08-02T18:42:59.829731Z  INFO agent::capteur::fenetre: l'enfant a fermé le canal session=w-2 images=0
2026-08-02T18:42:59.829733Z  INFO agent::capteur::distante: canal rattaché au capteur largeur=1280 hauteur=720
2026-08-02T18:42:59.829735Z  INFO agent::encode::arret: IMFShutdown::Shutdown : avant mft="encodeur"
2026-08-02T18:42:59.829739Z  INFO agent::capteur::tube: attaché au capteur session=w-2 sortie=\\.\DISPLAY5 largeur=1280 hauteur=720
2026-08-02T18:42:59.829768Z  INFO agent::encode::arret: IMFShutdown::Shutdown : avant mft="encodeur"
2026-08-02T18:42:59.829796Z  INFO agent::capteur::distante: canal rattaché au capteur largeur=1280 hauteur=720
2026-08-02T18:42:59.830330Z  INFO agent::encode::arret: IMFShutdown::Shutdown : après mft="encodeur"
2026-08-02T18:42:59.830482Z  INFO agent::encode::arret: IMFShutdown::Shutdown : après mft="encodeur"
2026-08-02T18:42:59.851182Z  WARN agent::capteur::serveur: DIAGNOSTIC : fil lecteur de commandes NON lancé
2026-08-02T18:42:59.851707Z  INFO agent::capture::ouverture: sortie retenue pour la duplication adaptateur=NVIDIA GeForce RTX 4070 index_adaptateur=0 index_sortie=1 nom_sortie=\\.\DISPLAY5 attachee=true
2026-08-02T18:42:59.860331Z  WARN agent::capteur::serveur: DIAGNOSTIC : fil lecteur de commandes NON lancé
2026-08-02T18:42:59.860702Z  INFO agent::capture::ouverture: sortie retenue pour la duplication adaptateur=NVIDIA GeForce RTX 4070 index_adaptateur=0 index_sortie=2 nom_sortie=\\.\DISPLAY6 attachee=true
2026-08-02T18:42:59.919534Z  INFO agent::capture::ouverture: protection multi-fils activée sur le contexte immédiat D3D11 protection_precedente=false
2026-08-02T18:42:59.919775Z  INFO agent::capture: duplication de sortie établie desktop_width=1280 desktop_height=720
2026-08-02T18:42:59.919815Z  INFO agent::encode: encodeur matériel retenu encodeur=NVIDIA H.264 Encoder MFT
2026-08-02T18:42:59.937023Z  INFO agent::capture::ouverture: protection multi-fils activée sur le contexte immédiat D3D11 protection_precedente=false
2026-08-02T18:42:59.937271Z  INFO agent::capture: duplication de sortie établie desktop_width=1280 desktop_height=720
2026-08-02T18:42:59.937311Z  INFO agent::encode: encodeur matériel retenu encodeur=NVIDIA H.264 Encoder MFT
2026-08-02T18:43:00.028741Z  INFO agent::encode::arret: file de travail sérialisée imposée mft="encodeur" file=14025582
2026-08-02T18:43:00.028860Z  INFO agent::encode::arret: file de travail sérialisée imposée mft="encodeur" file=19661680
2026-08-02T18:43:00.028975Z  INFO agent::encode: convertisseur BGRA→NV12 (Video Processor MFT) configuré converter_provides_samples=true
2026-08-02T18:43:00.029054Z  INFO agent::encode: convertisseur BGRA→NV12 (Video Processor MFT) configuré converter_provides_samples=true
2026-08-02T18:43:00.029274Z  INFO agent::capteur::fenetre: fenêtre attachée au capteur session=w-2 sortie=\\.\DISPLAY5 largeur=1280 hauteur=720
2026-08-02T18:43:00.029285Z  INFO agent::capteur::fenetre: l'enfant a fermé le canal session=w-2 images=0
2026-08-02T18:43:00.029288Z  INFO agent::capteur::tube: attaché au capteur session=w-2 sortie=\\.\DISPLAY5 largeur=1280 hauteur=720
2026-08-02T18:43:00.029329Z  INFO agent::encode::arret: IMFShutdown::Shutdown : avant mft="encodeur"
2026-08-02T18:43:00.029348Z  INFO agent::capteur::distante: canal rattaché au capteur largeur=1280 hauteur=720
2026-08-02T18:43:00.029369Z  INFO agent::capteur::fenetre: fenêtre attachée au capteur session=w-4 sortie=\\.\DISPLAY6 largeur=1280 hauteur=720
2026-08-02T18:43:00.029381Z  INFO agent::capteur::fenetre: l'enfant a fermé le canal session=w-4 images=0
2026-08-02T18:43:00.029382Z  INFO agent::capteur::tube: attaché au capteur session=w-4 sortie=\\.\DISPLAY6 largeur=1280 hauteur=720
2026-08-02T18:43:00.029425Z  INFO agent::encode::arret: IMFShutdown::Shutdown : avant mft="encodeur"
2026-08-02T18:43:00.029427Z  INFO agent::capteur::distante: canal rattaché au capteur largeur=1280 hauteur=720
2026-08-02T18:43:00.029980Z  INFO agent::encode::arret: IMFShutdown::Shutdown : après mft="encodeur"
2026-08-02T18:43:00.030158Z  INFO agent::encode::arret: IMFShutdown::Shutdown : après mft="encodeur"
2026-08-02T18:43:00.050514Z  WARN agent::capteur::serveur: DIAGNOSTIC : fil lecteur de commandes NON lancé
2026-08-02T18:43:00.050999Z  INFO agent::capture::ouverture: sortie retenue pour la duplication adaptateur=NVIDIA GeForce RTX 4070 index_adaptateur=0 index_sortie=2 nom_sortie=\\.\DISPLAY6 attachee=true
2026-08-02T18:43:00.059764Z  WARN agent::capteur::serveur: DIAGNOSTIC : fil lecteur de commandes NON lancé
2026-08-02T18:43:00.060125Z  INFO agent::capture::ouverture: sortie retenue pour la duplication adaptateur=NVIDIA GeForce RTX 4070 index_adaptateur=0 index_sortie=1 nom_sortie=\\.\DISPLAY5 attachee=true
2026-08-02T18:43:00.119878Z  INFO agent::capture::ouverture: protection multi-fils activée sur le contexte immédiat D3D11 protection_precedente=false
2026-08-02T18:43:00.120120Z  INFO agent::capture: duplication de sortie établie desktop_width=1280 desktop_height=720
2026-08-02T18:43:00.120165Z  INFO agent::encode: encodeur matériel retenu encodeur=NVIDIA H.264 Encoder MFT
2026-08-02T18:43:00.137550Z  INFO agent::capture::ouverture: protection multi-fils activée sur le contexte immédiat D3D11 protection_precedente=false
2026-08-02T18:43:00.137778Z  INFO agent::capture: duplication de sortie établie desktop_width=1280 desktop_height=720
2026-08-02T18:43:00.137820Z  INFO agent::encode: encodeur matériel retenu encodeur=NVIDIA H.264 Encoder MFT
2026-08-02T18:43:00.226820Z  INFO agent::encode::arret: file de travail sérialisée imposée mft="encodeur" file=19792758
2026-08-02T18:43:00.227049Z  INFO agent::encode: convertisseur BGRA→NV12 (Video Processor MFT) configuré converter_provides_samples=true
2026-08-02T18:43:00.227123Z  INFO agent::encode::arret: file de travail sérialisée imposée mft="encodeur" file=14025588
2026-08-02T18:43:00.227310Z  INFO agent::encode: convertisseur BGRA→NV12 (Video Processor MFT) configuré converter_provides_samples=true
2026-08-02T18:43:00.227331Z  INFO agent::capteur::fenetre: fenêtre attachée au capteur session=w-2 sortie=\\.\DISPLAY5 largeur=1280 hauteur=720
2026-08-02T18:43:00.227340Z  INFO agent::capteur::fenetre: l'enfant a fermé le canal session=w-2 images=0
2026-08-02T18:43:00.227347Z  INFO agent::capteur::tube: attaché au capteur session=w-2 sortie=\\.\DISPLAY5 largeur=1280 hauteur=720
2026-08-02T18:43:00.227395Z  INFO agent::encode::arret: IMFShutdown::Shutdown : avant mft="encodeur"
2026-08-02T18:43:00.227406Z  INFO agent::capteur::distante: canal rattaché au capteur largeur=1280 hauteur=720
2026-08-02T18:43:00.227592Z  INFO agent::capteur::fenetre: fenêtre attachée au capteur session=w-4 sortie=\\.\DISPLAY6 largeur=1280 hauteur=720
2026-08-02T18:43:00.227604Z  INFO agent::capteur::fenetre: l'enfant a fermé le canal session=w-4 images=0
2026-08-02T18:43:00.227602Z  INFO agent::capteur::tube: attaché au capteur session=w-4 sortie=\\.\DISPLAY6 largeur=1280 hauteur=720
2026-08-02T18:43:00.227648Z  INFO agent::encode::arret: IMFShutdown::Shutdown : avant mft="encodeur"
2026-08-02T18:43:00.227651Z  INFO agent::capteur::distante: canal rattaché au capteur largeur=1280 hauteur=720
2026-08-02T18:43:00.228011Z  INFO agent::encode::arret: IMFShutdown::Shutdown : après mft="encodeur"
2026-08-02T18:43:00.228364Z  INFO agent::encode::arret: IMFShutdown::Shutdown : après mft="encodeur"
2026-08-02T18:43:00.248806Z  WARN agent::capteur::serveur: DIAGNOSTIC : fil lecteur de commandes NON lancé
2026-08-02T18:43:00.249279Z  INFO agent::capture::ouverture: sortie retenue pour la duplication adaptateur=NVIDIA GeForce RTX 4070 index_adaptateur=0 index_sortie=2 nom_sortie=\\.\DISPLAY6 attachee=true
2026-08-02T18:43:00.257905Z  WARN agent::capteur::serveur: DIAGNOSTIC : fil lecteur de commandes NON lancé
2026-08-02T18:43:00.258255Z  INFO agent::capture::ouverture: sortie retenue pour la duplication adaptateur=NVIDIA GeForce RTX 4070 index_adaptateur=0 index_sortie=1 nom_sortie=\\.\DISPLAY5 attachee=true
2026-08-02T18:43:00.310840Z  INFO agent::capture::ouverture: protection multi-fils activée sur le contexte immédiat D3D11 protection_precedente=false
2026-08-02T18:43:00.311080Z  INFO agent::capture: duplication de sortie établie desktop_width=1280 desktop_height=720
2026-08-02T18:43:00.311121Z  INFO agent::encode: encodeur matériel retenu encodeur=NVIDIA H.264 Encoder MFT
2026-08-02T18:43:00.329439Z  INFO agent::capture::ouverture: protection multi-fils activée sur le contexte immédiat D3D11 protection_precedente=false
2026-08-02T18:43:00.329685Z  INFO agent::capture: duplication de sortie établie desktop_width=1280 desktop_height=720
2026-08-02T18:43:00.329725Z  INFO agent::encode: encodeur matériel retenu encodeur=NVIDIA H.264 Encoder MFT
2026-08-02T18:43:00.417850Z  INFO agent::encode::arret: file de travail sérialisée imposée mft="encodeur" file=14025594
2026-08-02T18:43:00.417997Z  INFO agent::encode::arret: file de travail sérialisée imposée mft="encodeur" file=19923836
2026-08-02T18:43:00.418075Z  INFO agent::encode: convertisseur BGRA→NV12 (Video Processor MFT) configuré converter_provides_samples=true
2026-08-02T18:43:00.418183Z  INFO agent::encode: convertisseur BGRA→NV12 (Video Processor MFT) configuré converter_provides_samples=true
2026-08-02T18:43:00.418342Z  INFO agent::capteur::fenetre: fenêtre attachée au capteur session=w-4 sortie=\\.\DISPLAY6 largeur=1280 hauteur=720
2026-08-02T18:43:00.418352Z  INFO agent::capteur::fenetre: l'enfant a fermé le canal session=w-4 images=0
2026-08-02T18:43:00.418356Z  INFO agent::capteur::tube: attaché au capteur session=w-4 sortie=\\.\DISPLAY6 largeur=1280 hauteur=720
2026-08-02T18:43:00.418393Z  INFO agent::encode::arret: IMFShutdown::Shutdown : avant mft="encodeur"
2026-08-02T18:43:00.418408Z  INFO agent::capteur::distante: canal rattaché au capteur largeur=1280 hauteur=720
2026-08-02T18:43:00.418445Z  INFO agent::capteur::fenetre: fenêtre attachée au capteur session=w-2 sortie=\\.\DISPLAY5 largeur=1280 hauteur=720
2026-08-02T18:43:00.418459Z  INFO agent::capteur::tube: attaché au capteur session=w-2 sortie=\\.\DISPLAY5 largeur=1280 hauteur=720
2026-08-02T18:43:00.418469Z  INFO agent::capteur::fenetre: l'enfant a fermé le canal session=w-2 images=0
2026-08-02T18:43:00.418507Z  INFO agent::encode::arret: IMFShutdown::Shutdown : avant mft="encodeur"
2026-08-02T18:43:00.418508Z  INFO agent::capteur::distante: canal rattaché au capteur largeur=1280 hauteur=720
2026-08-02T18:43:00.418953Z  INFO agent::encode::arret: IMFShutdown::Shutdown : après mft="encodeur"
2026-08-02T18:43:00.419161Z  INFO agent::encode::arret: IMFShutdown::Shutdown : après mft="encodeur"
2026-08-02T18:43:00.438678Z  WARN agent::capteur::serveur: DIAGNOSTIC : fil lecteur de commandes NON lancé
2026-08-02T18:43:00.439632Z  INFO agent::capture::ouverture: sortie retenue pour la duplication adaptateur=NVIDIA GeForce RTX 4070 index_adaptateur=0 index_sortie=2 nom_sortie=\\.\DISPLAY6 attachee=true
2026-08-02T18:43:00.449465Z  WARN agent::capteur::serveur: DIAGNOSTIC : fil lecteur de commandes NON lancé
2026-08-02T18:43:00.449816Z  INFO agent::capture::ouverture: sortie retenue pour la duplication adaptateur=NVIDIA GeForce RTX 4070 index_adaptateur=0 index_sortie=1 nom_sortie=\\.\DISPLAY5 attachee=true
2026-08-02T18:43:00.504105Z  INFO agent::capture::ouverture: protection multi-fils activée sur le contexte immédiat D3D11 protection_precedente=false
2026-08-02T18:43:00.504375Z  INFO agent::capture: duplication de sortie établie desktop_width=1280 desktop_height=720
2026-08-02T18:43:00.504414Z  INFO agent::encode: encodeur matériel retenu encodeur=NVIDIA H.264 Encoder MFT
2026-08-02T18:43:00.522486Z  INFO agent::capture::ouverture: protection multi-fils activée sur le contexte immédiat D3D11 protection_precedente=false
2026-08-02T18:43:00.522740Z  INFO agent::capture: duplication de sortie établie desktop_width=1280 desktop_height=720
2026-08-02T18:43:00.522788Z  INFO agent::encode: encodeur matériel retenu encodeur=NVIDIA H.264 Encoder MFT
2026-08-02T18:43:00.613522Z  INFO agent::encode::arret: file de travail sérialisée imposée mft="encodeur" file=20054914
2026-08-02T18:43:00.613638Z  INFO agent::encode::arret: file de travail sérialisée imposée mft="encodeur" file=14025600
2026-08-02T18:43:00.613811Z  INFO agent::encode: convertisseur BGRA→NV12 (Video Processor MFT) configuré converter_provides_samples=true
2026-08-02T18:43:00.613847Z  INFO agent::encode: convertisseur BGRA→NV12 (Video Processor MFT) configuré converter_provides_samples=true
2026-08-02T18:43:00.614091Z  INFO agent::capteur::fenetre: fenêtre attachée au capteur session=w-2 sortie=\\.\DISPLAY5 largeur=1280 hauteur=720
2026-08-02T18:43:00.614102Z  INFO agent::capteur::fenetre: l'enfant a fermé le canal session=w-2 images=0
2026-08-02T18:43:00.614105Z  INFO agent::capteur::tube: attaché au capteur session=w-2 sortie=\\.\DISPLAY5 largeur=1280 hauteur=720
2026-08-02T18:43:00.614152Z  INFO agent::encode::arret: IMFShutdown::Shutdown : avant mft="encodeur"
2026-08-02T18:43:00.614161Z  INFO agent::capteur::distante: canal rattaché au capteur largeur=1280 hauteur=720
2026-08-02T18:43:00.614176Z  INFO agent::capteur::fenetre: fenêtre attachée au capteur session=w-4 sortie=\\.\DISPLAY6 largeur=1280 hauteur=720
2026-08-02T18:43:00.614185Z  INFO agent::capteur::fenetre: l'enfant a fermé le canal session=w-4 images=0
2026-08-02T18:43:00.614191Z  INFO agent::capteur::tube: attaché au capteur session=w-4 sortie=\\.\DISPLAY6 largeur=1280 hauteur=720
2026-08-02T18:43:00.614232Z  INFO agent::encode::arret: IMFShutdown::Shutdown : avant mft="encodeur"
2026-08-02T18:43:00.614250Z  INFO agent::capteur::distante: canal rattaché au capteur largeur=1280 hauteur=720
2026-08-02T18:43:00.614780Z  INFO agent::encode::arret: IMFShutdown::Shutdown : après mft="encodeur"
2026-08-02T18:43:00.614933Z  INFO agent::encode::arret: IMFShutdown::Shutdown : après mft="encodeur"
2026-08-02T18:43:00.635058Z  WARN agent::capteur::serveur: DIAGNOSTIC : fil lecteur de commandes NON lancé
2026-08-02T18:43:00.635519Z  INFO agent::capture::ouverture: sortie retenue pour la duplication adaptateur=NVIDIA GeForce RTX 4070 index_adaptateur=0 index_sortie=2 nom_sortie=\\.\DISPLAY6 attachee=true
2026-08-02T18:43:00.644493Z  WARN agent::capteur::serveur: DIAGNOSTIC : fil lecteur de commandes NON lancé
2026-08-02T18:43:00.644833Z  INFO agent::capture::ouverture: sortie retenue pour la duplication adaptateur=NVIDIA GeForce RTX 4070 index_adaptateur=0 index_sortie=1 nom_sortie=\\.\DISPLAY5 attachee=true
2026-08-02T18:43:00.700260Z  INFO agent::capture::ouverture: protection multi-fils activée sur le contexte immédiat D3D11 protection_precedente=false
2026-08-02T18:43:00.700507Z  INFO agent::capture: duplication de sortie établie desktop_width=1280 desktop_height=720
2026-08-02T18:43:00.700552Z  INFO agent::encode: encodeur matériel retenu encodeur=NVIDIA H.264 Encoder MFT
2026-08-02T18:43:00.718148Z  INFO agent::capture::ouverture: protection multi-fils activée sur le contexte immédiat D3D11 protection_precedente=false
2026-08-02T18:43:00.718413Z  INFO agent::capture: duplication de sortie établie desktop_width=1280 desktop_height=720
2026-08-02T18:43:00.718454Z  INFO agent::encode: encodeur matériel retenu encodeur=NVIDIA H.264 Encoder MFT
2026-08-02T18:43:00.805695Z  INFO agent::encode::arret: file de travail sérialisée imposée mft="encodeur" file=14025606
2026-08-02T18:43:00.805914Z  INFO agent::encode: convertisseur BGRA→NV12 (Video Processor MFT) configuré converter_provides_samples=true
2026-08-02T18:43:00.806004Z  INFO agent::encode::arret: file de travail sérialisée imposée mft="encodeur" file=20185992
2026-08-02T18:43:00.806184Z  INFO agent::encode: convertisseur BGRA→NV12 (Video Processor MFT) configuré converter_provides_samples=true
2026-08-02T18:43:00.806187Z  INFO agent::capteur::fenetre: fenêtre attachée au capteur session=w-4 sortie=\\.\DISPLAY6 largeur=1280 hauteur=720
2026-08-02T18:43:00.806197Z  INFO agent::capteur::fenetre: l'enfant a fermé le canal session=w-4 images=0
2026-08-02T18:43:00.806201Z  INFO agent::capteur::tube: attaché au capteur session=w-4 sortie=\\.\DISPLAY6 largeur=1280 hauteur=720
2026-08-02T18:43:00.806250Z  INFO agent::encode::arret: IMFShutdown::Shutdown : avant mft="encodeur"
2026-08-02T18:43:00.806262Z  INFO agent::capteur::distante: canal rattaché au capteur largeur=1280 hauteur=720
2026-08-02T18:43:00.806476Z  INFO agent::capteur::fenetre: fenêtre attachée au capteur session=w-2 sortie=\\.\DISPLAY5 largeur=1280 hauteur=720
2026-08-02T18:43:00.806487Z  INFO agent::capteur::tube: attaché au capteur session=w-2 sortie=\\.\DISPLAY5 largeur=1280 hauteur=720
2026-08-02T18:43:00.806492Z  INFO agent::capteur::fenetre: l'enfant a fermé le canal session=w-2 images=0
2026-08-02T18:43:00.806522Z  INFO agent::capteur::distante: canal rattaché au capteur largeur=1280 hauteur=720
2026-08-02T18:43:00.806540Z  INFO agent::encode::arret: IMFShutdown::Shutdown : avant mft="encodeur"
2026-08-02T18:43:00.806804Z  INFO agent::encode::arret: IMFShutdown::Shutdown : après mft="encodeur"
2026-08-02T18:43:00.807161Z  INFO agent::encode::arret: IMFShutdown::Shutdown : après mft="encodeur"
2026-08-02T18:43:00.828879Z  WARN agent::capteur::serveur: DIAGNOSTIC : fil lecteur de commandes NON lancé
2026-08-02T18:43:00.829308Z  INFO agent::capture::ouverture: sortie retenue pour la duplication adaptateur=NVIDIA GeForce RTX 4070 index_adaptateur=0 index_sortie=1 nom_sortie=\\.\DISPLAY5 attachee=true
2026-08-02T18:43:00.836881Z  WARN agent::capteur::serveur: DIAGNOSTIC : fil lecteur de commandes NON lancé
2026-08-02T18:43:00.837230Z  INFO agent::capture::ouverture: sortie retenue pour la duplication adaptateur=NVIDIA GeForce RTX 4070 index_adaptateur=0 index_sortie=2 nom_sortie=\\.\DISPLAY6 attachee=true
2026-08-02T18:43:00.890056Z  INFO agent::capture::ouverture: protection multi-fils activée sur le contexte immédiat D3D11 protection_precedente=false
2026-08-02T18:43:00.890293Z  INFO agent::capture: duplication de sortie établie desktop_width=1280 desktop_height=720
2026-08-02T18:43:00.890332Z  INFO agent::encode: encodeur matériel retenu encodeur=NVIDIA H.264 Encoder MFT
2026-08-02T18:43:00.908485Z  INFO agent::capture::ouverture: protection multi-fils activée sur le contexte immédiat D3D11 protection_precedente=false
2026-08-02T18:43:00.908730Z  INFO agent::capture: duplication de sortie établie desktop_width=1280 desktop_height=720
2026-08-02T18:43:00.908772Z  INFO agent::encode: encodeur matériel retenu encodeur=NVIDIA H.264 Encoder MFT
2026-08-02T18:43:00.995904Z  INFO agent::encode::arret: file de travail sérialisée imposée mft="encodeur" file=20317070
2026-08-02T18:43:00.996072Z  INFO agent::encode::arret: file de travail sérialisée imposée mft="encodeur" file=14025612
2026-08-02T18:43:00.996137Z  INFO agent::encode: convertisseur BGRA→NV12 (Video Processor MFT) configuré converter_provides_samples=true
2026-08-02T18:43:00.996255Z  INFO agent::encode: convertisseur BGRA→NV12 (Video Processor MFT) configuré converter_provides_samples=true
2026-08-02T18:43:00.996400Z  INFO agent::capteur::fenetre: fenêtre attachée au capteur session=w-4 sortie=\\.\DISPLAY6 largeur=1280 hauteur=720
2026-08-02T18:43:00.996409Z  INFO agent::capteur::fenetre: l'enfant a fermé le canal session=w-4 images=0
2026-08-02T18:43:00.996413Z  INFO agent::capteur::tube: attaché au capteur session=w-4 sortie=\\.\DISPLAY6 largeur=1280 hauteur=720
2026-08-02T18:43:00.996467Z  INFO agent::encode::arret: IMFShutdown::Shutdown : avant mft="encodeur"
2026-08-02T18:43:00.996472Z  INFO agent::capteur::distante: canal rattaché au capteur largeur=1280 hauteur=720
2026-08-02T18:43:00.996603Z  INFO agent::capteur::tube: attaché au capteur session=w-2 sortie=\\.\DISPLAY5 largeur=1280 hauteur=720
2026-08-02T18:43:00.996595Z  INFO agent::capteur::fenetre: fenêtre attachée au capteur session=w-2 sortie=\\.\DISPLAY5 largeur=1280 hauteur=720
2026-08-02T18:43:00.996618Z  INFO agent::capteur::fenetre: l'enfant a fermé le canal session=w-2 images=0
2026-08-02T18:43:00.996644Z  INFO agent::capteur::distante: canal rattaché au capteur largeur=1280 hauteur=720
2026-08-02T18:43:00.996661Z  INFO agent::encode::arret: IMFShutdown::Shutdown : avant mft="encodeur"
2026-08-02T18:43:00.997078Z  INFO agent::encode::arret: IMFShutdown::Shutdown : après mft="encodeur"
2026-08-02T18:43:00.997292Z  INFO agent::encode::arret: IMFShutdown::Shutdown : après mft="encodeur"
2026-08-02T18:43:01.016866Z  WARN agent::capteur::serveur: DIAGNOSTIC : fil lecteur de commandes NON lancé
2026-08-02T18:43:01.017375Z  INFO agent::capture::ouverture: sortie retenue pour la duplication adaptateur=NVIDIA GeForce RTX 4070 index_adaptateur=0 index_sortie=2 nom_sortie=\\.\DISPLAY6 attachee=true
2026-08-02T18:43:01.027193Z  WARN agent::capteur::serveur: DIAGNOSTIC : fil lecteur de commandes NON lancé
2026-08-02T18:43:01.027528Z  INFO agent::capture::ouverture: sortie retenue pour la duplication adaptateur=NVIDIA GeForce RTX 4070 index_adaptateur=0 index_sortie=1 nom_sortie=\\.\DISPLAY5 attachee=true
2026-08-02T18:43:01.081397Z  INFO agent::capture::ouverture: protection multi-fils activée sur le contexte immédiat D3D11 protection_precedente=false
2026-08-02T18:43:01.081627Z  INFO agent::capture: duplication de sortie établie desktop_width=1280 desktop_height=720
2026-08-02T18:43:01.081665Z  INFO agent::encode: encodeur matériel retenu encodeur=NVIDIA H.264 Encoder MFT
2026-08-02T18:43:01.098854Z  INFO agent::capture::ouverture: protection multi-fils activée sur le contexte immédiat D3D11 protection_precedente=false
2026-08-02T18:43:01.099101Z  INFO agent::capture: duplication de sortie établie desktop_width=1280 desktop_height=720
2026-08-02T18:43:01.099144Z  INFO agent::encode: encodeur matériel retenu encodeur=NVIDIA H.264 Encoder MFT
2026-08-02T18:43:01.190349Z  INFO agent::encode::arret: file de travail sérialisée imposée mft="encodeur" file=20448148
2026-08-02T18:43:01.190584Z  INFO agent::encode: convertisseur BGRA→NV12 (Video Processor MFT) configuré converter_provides_samples=true
2026-08-02T18:43:01.190623Z  INFO agent::encode::arret: file de travail sérialisée imposée mft="encodeur" file=14025618
2026-08-02T18:43:01.190819Z  INFO agent::encode: convertisseur BGRA→NV12 (Video Processor MFT) configuré converter_provides_samples=true
2026-08-02T18:43:01.190862Z  INFO agent::capteur::fenetre: fenêtre attachée au capteur session=w-2 sortie=\\.\DISPLAY5 largeur=1280 hauteur=720
2026-08-02T18:43:01.190872Z  INFO agent::capteur::fenetre: l'enfant a fermé le canal session=w-2 images=0
2026-08-02T18:43:01.190888Z  INFO agent::capteur::tube: attaché au capteur session=w-2 sortie=\\.\DISPLAY5 largeur=1280 hauteur=720
2026-08-02T18:43:01.190928Z  INFO agent::encode::arret: IMFShutdown::Shutdown : avant mft="encodeur"
2026-08-02T18:43:01.190951Z  INFO agent::capteur::distante: canal rattaché au capteur largeur=1280 hauteur=720
2026-08-02T18:43:01.191129Z  INFO agent::capteur::fenetre: fenêtre attachée au capteur session=w-4 sortie=\\.\DISPLAY6 largeur=1280 hauteur=720
2026-08-02T18:43:01.191139Z  INFO agent::capteur::tube: attaché au capteur session=w-4 sortie=\\.\DISPLAY6 largeur=1280 hauteur=720
2026-08-02T18:43:01.191142Z  INFO agent::capteur::fenetre: l'enfant a fermé le canal session=w-4 images=0
2026-08-02T18:43:01.191181Z  INFO agent::capteur::distante: canal rattaché au capteur largeur=1280 hauteur=720
2026-08-02T18:43:01.191187Z  INFO agent::encode::arret: IMFShutdown::Shutdown : avant mft="encodeur"
2026-08-02T18:43:01.191486Z  INFO agent::encode::arret: IMFShutdown::Shutdown : après mft="encodeur"
2026-08-02T18:43:01.191870Z  INFO agent::encode::arret: IMFShutdown::Shutdown : après mft="encodeur"
2026-08-02T18:43:01.211398Z  WARN agent::capteur::serveur: DIAGNOSTIC : fil lecteur de commandes NON lancé
2026-08-02T18:43:01.212381Z  INFO agent::capture::ouverture: sortie retenue pour la duplication adaptateur=NVIDIA GeForce RTX 4070 index_adaptateur=0 index_sortie=1 nom_sortie=\\.\DISPLAY5 attachee=true
2026-08-02T18:43:01.221570Z  WARN agent::capteur::serveur: DIAGNOSTIC : fil lecteur de commandes NON lancé
2026-08-02T18:43:01.221928Z  INFO agent::capture::ouverture: sortie retenue pour la duplication adaptateur=NVIDIA GeForce RTX 4070 index_adaptateur=0 index_sortie=2 nom_sortie=\\.\DISPLAY6 attachee=true
2026-08-02T18:43:01.279803Z  INFO agent::capture::ouverture: protection multi-fils activée sur le contexte immédiat D3D11 protection_precedente=false
2026-08-02T18:43:01.280641Z  INFO agent::capture: duplication de sortie établie desktop_width=1280 desktop_height=720
2026-08-02T18:43:01.280682Z  INFO agent::encode: encodeur matériel retenu encodeur=NVIDIA H.264 Encoder MFT
2026-08-02T18:43:01.296675Z  INFO agent::capture::ouverture: protection multi-fils activée sur le contexte immédiat D3D11 protection_precedente=false
2026-08-02T18:43:01.296913Z  INFO agent::capture: duplication de sortie établie desktop_width=1280 desktop_height=720
2026-08-02T18:43:01.296955Z  INFO agent::encode: encodeur matériel retenu encodeur=NVIDIA H.264 Encoder MFT
2026-08-02T18:43:01.373070Z  INFO agent::encode::arret: file de travail sérialisée imposée mft="encodeur" file=20579226
2026-08-02T18:43:01.373292Z  INFO agent::encode: convertisseur BGRA→NV12 (Video Processor MFT) configuré converter_provides_samples=true
2026-08-02T18:43:01.373664Z  INFO agent::capteur::fenetre: fenêtre attachée au capteur session=w-4 sortie=\\.\DISPLAY6 largeur=1280 hauteur=720
2026-08-02T18:43:01.373676Z  INFO agent::capteur::fenetre: l'enfant a fermé le canal session=w-4 images=0
2026-08-02T18:43:01.373678Z  INFO agent::capteur::tube: attaché au capteur session=w-4 sortie=\\.\DISPLAY6 largeur=1280 hauteur=720
2026-08-02T18:43:01.373724Z  INFO agent::encode::arret: IMFShutdown::Shutdown : avant mft="encodeur"
2026-08-02T18:43:01.373731Z  INFO agent::capteur::distante: canal rattaché au capteur largeur=1280 hauteur=720
2026-08-02T18:43:01.374206Z  INFO agent::encode::arret: IMFShutdown::Shutdown : après mft="encodeur"
2026-08-02T18:43:01.387796Z  INFO agent::encode::arret: file de travail sérialisée imposée mft="encodeur" file=14025624
2026-08-02T18:43:01.388048Z  INFO agent::encode: convertisseur BGRA→NV12 (Video Processor MFT) configuré converter_provides_samples=true
2026-08-02T18:43:01.388321Z  INFO agent::capteur::fenetre: fenêtre attachée au capteur session=w-2 sortie=\\.\DISPLAY5 largeur=1280 hauteur=720
2026-08-02T18:43:01.388331Z  INFO agent::capteur::fenetre: l'enfant a fermé le canal session=w-2 images=0
2026-08-02T18:43:01.388335Z  INFO agent::capteur::tube: attaché au capteur session=w-2 sortie=\\.\DISPLAY5 largeur=1280 hauteur=720
2026-08-02T18:43:01.388385Z  INFO agent::encode::arret: IMFShutdown::Shutdown : avant mft="encodeur"
2026-08-02T18:43:01.388390Z  INFO agent::capteur::distante: canal rattaché au capteur largeur=1280 hauteur=720
2026-08-02T18:43:01.389050Z  INFO agent::encode::arret: IMFShutdown::Shutdown : après mft="encodeur"
2026-08-02T18:43:01.404803Z  WARN agent::capteur::serveur: DIAGNOSTIC : fil lecteur de commandes NON lancé
2026-08-02T18:43:01.405268Z  INFO agent::capture::ouverture: sortie retenue pour la duplication adaptateur=NVIDIA GeForce RTX 4070 index_adaptateur=0 index_sortie=2 nom_sortie=\\.\DISPLAY6 attachee=true
2026-08-02T18:43:01.409331Z  WARN agent::capteur::serveur: DIAGNOSTIC : fil lecteur de commandes NON lancé
2026-08-02T18:43:01.409630Z  INFO agent::capture::ouverture: sortie retenue pour la duplication adaptateur=NVIDIA GeForce RTX 4070 index_adaptateur=0 index_sortie=1 nom_sortie=\\.\DISPLAY5 attachee=true
2026-08-02T18:43:01.467879Z  INFO agent::capture::ouverture: protection multi-fils activée sur le contexte immédiat D3D11 protection_precedente=false
2026-08-02T18:43:01.468167Z  INFO agent::capture: duplication de sortie établie desktop_width=1280 desktop_height=720
2026-08-02T18:43:01.468210Z  INFO agent::encode: encodeur matériel retenu encodeur=NVIDIA H.264 Encoder MFT
2026-08-02T18:43:01.486020Z  INFO agent::capture::ouverture: protection multi-fils activée sur le contexte immédiat D3D11 protection_precedente=false
2026-08-02T18:43:01.486334Z  INFO agent::capture: duplication de sortie établie desktop_width=1280 desktop_height=720
2026-08-02T18:43:01.486374Z  INFO agent::encode: encodeur matériel retenu encodeur=NVIDIA H.264 Encoder MFT
2026-08-02T18:43:01.576454Z  INFO agent::encode::arret: file de travail sérialisée imposée mft="encodeur" file=20710304
2026-08-02T18:43:01.576677Z  INFO agent::encode: convertisseur BGRA→NV12 (Video Processor MFT) configuré converter_provides_samples=true
2026-08-02T18:43:01.577012Z  INFO agent::capteur::fenetre: fenêtre attachée au capteur session=w-2 sortie=\\.\DISPLAY5 largeur=1280 hauteur=720
2026-08-02T18:43:01.577026Z  INFO agent::capteur::fenetre: l'enfant a fermé le canal session=w-2 images=0
2026-08-02T18:43:01.577024Z  INFO agent::capteur::tube: attaché au capteur session=w-2 sortie=\\.\DISPLAY5 largeur=1280 hauteur=720
2026-08-02T18:43:01.577077Z  INFO agent::capteur::distante: canal rattaché au capteur largeur=1280 hauteur=720
2026-08-02T18:43:01.577089Z  INFO agent::encode::arret: IMFShutdown::Shutdown : avant mft="encodeur"
2026-08-02T18:43:01.577567Z  INFO agent::encode::arret: IMFShutdown::Shutdown : après mft="encodeur"
2026-08-02T18:43:01.581300Z  INFO agent::encode::arret: file de travail sérialisée imposée mft="encodeur" file=14025630
2026-08-02T18:43:01.581557Z  INFO agent::encode: convertisseur BGRA→NV12 (Video Processor MFT) configuré converter_provides_samples=true
2026-08-02T18:43:01.582538Z  INFO agent::capteur::fenetre: fenêtre attachée au capteur session=w-4 sortie=\\.\DISPLAY6 largeur=1280 hauteur=720
2026-08-02T18:43:01.582548Z  INFO agent::capteur::fenetre: l'enfant a fermé le canal session=w-4 images=0
2026-08-02T18:43:01.582553Z  INFO agent::capteur::tube: attaché au capteur session=w-4 sortie=\\.\DISPLAY6 largeur=1280 hauteur=720
2026-08-02T18:43:01.582597Z  INFO agent::encode::arret: IMFShutdown::Shutdown : avant mft="encodeur"
2026-08-02T18:43:01.582604Z  INFO agent::capteur::distante: canal rattaché au capteur largeur=1280 hauteur=720
2026-08-02T18:43:01.583263Z  INFO agent::encode::arret: IMFShutdown::Shutdown : après mft="encodeur"
2026-08-02T18:43:01.607765Z  WARN agent::capteur::serveur: DIAGNOSTIC : fil lecteur de commandes NON lancé
2026-08-02T18:43:01.608116Z  INFO agent::capture::ouverture: sortie retenue pour la duplication adaptateur=NVIDIA GeForce RTX 4070 index_adaptateur=0 index_sortie=1 nom_sortie=\\.\DISPLAY5 attachee=true
2026-08-02T18:43:01.612900Z  WARN agent::capteur::serveur: DIAGNOSTIC : fil lecteur de commandes NON lancé
2026-08-02T18:43:01.613217Z  INFO agent::capture::ouverture: sortie retenue pour la duplication adaptateur=NVIDIA GeForce RTX 4070 index_adaptateur=0 index_sortie=2 nom_sortie=\\.\DISPLAY6 attachee=true
2026-08-02T18:43:01.672612Z  INFO agent::capture::ouverture: protection multi-fils activée sur le contexte immédiat D3D11 protection_precedente=false
2026-08-02T18:43:01.672862Z  INFO agent::capture: duplication de sortie établie desktop_width=1280 desktop_height=720
2026-08-02T18:43:01.672903Z  INFO agent::encode: encodeur matériel retenu encodeur=NVIDIA H.264 Encoder MFT
2026-08-02T18:43:01.694085Z  INFO agent::capture::ouverture: protection multi-fils activée sur le contexte immédiat D3D11 protection_precedente=false
2026-08-02T18:43:01.694343Z  INFO agent::capture: duplication de sortie établie desktop_width=1280 desktop_height=720
2026-08-02T18:43:01.694383Z  INFO agent::encode: encodeur matériel retenu encodeur=NVIDIA H.264 Encoder MFT
2026-08-02T18:43:01.784084Z  INFO agent::encode::arret: file de travail sérialisée imposée mft="encodeur" file=14025636
2026-08-02T18:43:01.784320Z  INFO agent::encode: convertisseur BGRA→NV12 (Video Processor MFT) configuré converter_provides_samples=true
2026-08-02T18:43:01.784396Z  INFO agent::encode::arret: file de travail sérialisée imposée mft="encodeur" file=20841382
2026-08-02T18:43:01.784574Z  INFO agent::encode: convertisseur BGRA→NV12 (Video Processor MFT) configuré converter_provides_samples=true
2026-08-02T18:43:01.784589Z  INFO agent::capteur::fenetre: fenêtre attachée au capteur session=w-2 sortie=\\.\DISPLAY5 largeur=1280 hauteur=720
2026-08-02T18:43:01.784596Z  INFO agent::capteur::fenetre: l'enfant a fermé le canal session=w-2 images=0
2026-08-02T18:43:01.784602Z  INFO agent::capteur::tube: attaché au capteur session=w-2 sortie=\\.\DISPLAY5 largeur=1280 hauteur=720
2026-08-02T18:43:01.784656Z  INFO agent::capteur::distante: canal rattaché au capteur largeur=1280 hauteur=720
2026-08-02T18:43:01.784653Z  INFO agent::encode::arret: IMFShutdown::Shutdown : avant mft="encodeur"
2026-08-02T18:43:01.784841Z  INFO agent::capteur::fenetre: fenêtre attachée au capteur session=w-4 sortie=\\.\DISPLAY6 largeur=1280 hauteur=720
2026-08-02T18:43:01.784853Z  INFO agent::capteur::fenetre: l'enfant a fermé le canal session=w-4 images=0
2026-08-02T18:43:01.784852Z  INFO agent::capteur::tube: attaché au capteur session=w-4 sortie=\\.\DISPLAY6 largeur=1280 hauteur=720
2026-08-02T18:43:01.784903Z  INFO agent::capteur::distante: canal rattaché au capteur largeur=1280 hauteur=720
2026-08-02T18:43:01.784908Z  INFO agent::encode::arret: IMFShutdown::Shutdown : avant mft="encodeur"
2026-08-02T18:43:01.785264Z  INFO agent::encode::arret: IMFShutdown::Shutdown : après mft="encodeur"
2026-08-02T18:43:01.785623Z  INFO agent::encode::arret: IMFShutdown::Shutdown : après mft="encodeur"
2026-08-02T18:43:01.805714Z  WARN agent::capteur::serveur: DIAGNOSTIC : fil lecteur de commandes NON lancé
2026-08-02T18:43:01.806703Z  INFO agent::capture::ouverture: sortie retenue pour la duplication adaptateur=NVIDIA GeForce RTX 4070 index_adaptateur=0 index_sortie=2 nom_sortie=\\.\DISPLAY6 attachee=true
2026-08-02T18:43:01.815046Z  WARN agent::capteur::serveur: DIAGNOSTIC : fil lecteur de commandes NON lancé
2026-08-02T18:43:01.815382Z  INFO agent::capture::ouverture: sortie retenue pour la duplication adaptateur=NVIDIA GeForce RTX 4070 index_adaptateur=0 index_sortie=1 nom_sortie=\\.\DISPLAY5 attachee=true
2026-08-02T18:43:01.871730Z  INFO agent::capture::ouverture: protection multi-fils activée sur le contexte immédiat D3D11 protection_precedente=false
2026-08-02T18:43:01.871973Z  INFO agent::capture: duplication de sortie établie desktop_width=1280 desktop_height=720
2026-08-02T18:43:01.872011Z  INFO agent::encode: encodeur matériel retenu encodeur=NVIDIA H.264 Encoder MFT
2026-08-02T18:43:01.891333Z  INFO agent::capture::ouverture: protection multi-fils activée sur le contexte immédiat D3D11 protection_precedente=false
2026-08-02T18:43:01.891603Z  INFO agent::capture: duplication de sortie établie desktop_width=1280 desktop_height=720
2026-08-02T18:43:01.891643Z  INFO agent::encode: encodeur matériel retenu encodeur=NVIDIA H.264 Encoder MFT
2026-08-02T18:43:01.965712Z  INFO agent::encode::arret: file de travail sérialisée imposée mft="encodeur" file=14025642
2026-08-02T18:43:01.965946Z  INFO agent::encode: convertisseur BGRA→NV12 (Video Processor MFT) configuré converter_provides_samples=true
2026-08-02T18:43:01.966253Z  INFO agent::capteur::fenetre: fenêtre attachée au capteur session=w-4 sortie=\\.\DISPLAY6 largeur=1280 hauteur=720
2026-08-02T18:43:01.966263Z  INFO agent::capteur::fenetre: l'enfant a fermé le canal session=w-4 images=0
2026-08-02T18:43:01.966269Z  INFO agent::capteur::tube: attaché au capteur session=w-4 sortie=\\.\DISPLAY6 largeur=1280 hauteur=720
2026-08-02T18:43:01.966310Z  INFO agent::encode::arret: IMFShutdown::Shutdown : avant mft="encodeur"
2026-08-02T18:43:01.966326Z  INFO agent::capteur::distante: canal rattaché au capteur largeur=1280 hauteur=720
2026-08-02T18:43:01.966792Z  INFO agent::encode::arret: IMFShutdown::Shutdown : après mft="encodeur"
2026-08-02T18:43:01.987882Z  INFO agent::encode::arret: file de travail sérialisée imposée mft="encodeur" file=20972460
2026-08-02T18:43:01.988132Z  INFO agent::encode: convertisseur BGRA→NV12 (Video Processor MFT) configuré converter_provides_samples=true
2026-08-02T18:43:01.988436Z  INFO agent::capteur::fenetre: fenêtre attachée au capteur session=w-2 sortie=\\.\DISPLAY5 largeur=1280 hauteur=720
2026-08-02T18:43:01.988447Z  INFO agent::capteur::fenetre: l'enfant a fermé le canal session=w-2 images=0
2026-08-02T18:43:01.988453Z  INFO agent::capteur::tube: attaché au capteur session=w-2 sortie=\\.\DISPLAY5 largeur=1280 hauteur=720
2026-08-02T18:43:01.988491Z  INFO agent::encode::arret: IMFShutdown::Shutdown : avant mft="encodeur"
2026-08-02T18:43:01.988518Z  INFO agent::capteur::distante: canal rattaché au capteur largeur=1280 hauteur=720
2026-08-02T18:43:01.989116Z  INFO agent::encode::arret: IMFShutdown::Shutdown : après mft="encodeur"
2026-08-02T18:43:01.997499Z  WARN agent::capteur::serveur: DIAGNOSTIC : fil lecteur de commandes NON lancé
2026-08-02T18:43:01.997850Z  INFO agent::capture::ouverture: sortie retenue pour la duplication adaptateur=NVIDIA GeForce RTX 4070 index_adaptateur=0 index_sortie=2 nom_sortie=\\.\DISPLAY6 attachee=true
2026-08-02T18:43:02.009120Z  WARN agent::capteur::serveur: DIAGNOSTIC : fil lecteur de commandes NON lancé
2026-08-02T18:43:02.009483Z  INFO agent::capture::ouverture: sortie retenue pour la duplication adaptateur=NVIDIA GeForce RTX 4070 index_adaptateur=0 index_sortie=1 nom_sortie=\\.\DISPLAY5 attachee=true
2026-08-02T18:43:02.017701Z  INFO agent::capture::ouverture: protection multi-fils activée sur le contexte immédiat D3D11 protection_precedente=false
2026-08-02T18:43:02.017934Z  INFO agent::capture: duplication de sortie établie desktop_width=1280 desktop_height=720
2026-08-02T18:43:02.017973Z  INFO agent::encode: encodeur matériel retenu encodeur=NVIDIA H.264 Encoder MFT
2026-08-02T18:43:02.035870Z  INFO agent::capture::ouverture: protection multi-fils activée sur le contexte immédiat D3D11 protection_precedente=false
2026-08-02T18:43:02.036113Z  INFO agent::capture: duplication de sortie établie desktop_width=1280 desktop_height=720
2026-08-02T18:43:02.036152Z  INFO agent::encode: encodeur matériel retenu encodeur=NVIDIA H.264 Encoder MFT
2026-08-02T18:43:02.123278Z  INFO agent::encode::arret: file de travail sérialisée imposée mft="encodeur" file=14025648
2026-08-02T18:43:02.123502Z  INFO agent::encode: convertisseur BGRA→NV12 (Video Processor MFT) configuré converter_provides_samples=true
2026-08-02T18:43:02.123785Z  INFO agent::capteur::fenetre: fenêtre attachée au capteur session=w-4 sortie=\\.\DISPLAY6 largeur=1280 hauteur=720
2026-08-02T18:43:02.123796Z  INFO agent::capteur::fenetre: l'enfant a fermé le canal session=w-4 images=0
2026-08-02T18:43:02.123801Z  INFO agent::capteur::tube: attaché au capteur session=w-4 sortie=\\.\DISPLAY6 largeur=1280 hauteur=720
2026-08-02T18:43:02.123850Z  INFO agent::encode::arret: IMFShutdown::Shutdown : avant mft="encodeur"
2026-08-02T18:43:02.123865Z  INFO agent::capteur::distante: canal rattaché au capteur largeur=1280 hauteur=720
2026-08-02T18:43:02.123903Z  INFO agent::encode::arret: file de travail sérialisée imposée mft="encodeur" file=21103538
2026-08-02T18:43:02.124117Z  INFO agent::encode: convertisseur BGRA→NV12 (Video Processor MFT) configuré converter_provides_samples=true
2026-08-02T18:43:02.124362Z  INFO agent::encode::arret: IMFShutdown::Shutdown : après mft="encodeur"
2026-08-02T18:43:02.124442Z  INFO agent::capteur::fenetre: fenêtre attachée au capteur session=w-2 sortie=\\.\DISPLAY5 largeur=1280 hauteur=720
2026-08-02T18:43:02.124451Z  INFO agent::capteur::fenetre: l'enfant a fermé le canal session=w-2 images=0
2026-08-02T18:43:02.124456Z  INFO agent::capteur::tube: attaché au capteur session=w-2 sortie=\\.\DISPLAY5 largeur=1280 hauteur=720
2026-08-02T18:43:02.124484Z  INFO agent::encode::arret: IMFShutdown::Shutdown : avant mft="encodeur"
2026-08-02T18:43:02.124509Z  INFO agent::capteur::distante: canal rattaché au capteur largeur=1280 hauteur=720
2026-08-02T18:43:02.125060Z  INFO agent::encode::arret: IMFShutdown::Shutdown : après mft="encodeur"
2026-08-02T18:43:02.144773Z  WARN agent::capteur::serveur: DIAGNOSTIC : fil lecteur de commandes NON lancé
2026-08-02T18:43:02.145229Z  INFO agent::capture::ouverture: sortie retenue pour la duplication adaptateur=NVIDIA GeForce RTX 4070 index_adaptateur=0 index_sortie=2 nom_sortie=\\.\DISPLAY6 attachee=true
2026-08-02T18:43:02.155476Z  WARN agent::capteur::serveur: DIAGNOSTIC : fil lecteur de commandes NON lancé
2026-08-02T18:43:02.155837Z  INFO agent::capture::ouverture: sortie retenue pour la duplication adaptateur=NVIDIA GeForce RTX 4070 index_adaptateur=0 index_sortie=1 nom_sortie=\\.\DISPLAY5 attachee=true
2026-08-02T18:43:02.209616Z  INFO agent::capture::ouverture: protection multi-fils activée sur le contexte immédiat D3D11 protection_precedente=false
2026-08-02T18:43:02.209850Z  INFO agent::capture: duplication de sortie établie desktop_width=1280 desktop_height=720
2026-08-02T18:43:02.209890Z  INFO agent::encode: encodeur matériel retenu encodeur=NVIDIA H.264 Encoder MFT
2026-08-02T18:43:02.228692Z  INFO agent::capture::ouverture: protection multi-fils activée sur le contexte immédiat D3D11 protection_precedente=false
2026-08-02T18:43:02.228941Z  INFO agent::capture: duplication de sortie établie desktop_width=1280 desktop_height=720
2026-08-02T18:43:02.228980Z  INFO agent::encode: encodeur matériel retenu encodeur=NVIDIA H.264 Encoder MFT
2026-08-02T18:43:02.315571Z  INFO agent::encode::arret: file de travail sérialisée imposée mft="encodeur" file=21234616
2026-08-02T18:43:02.315755Z  INFO agent::encode::arret: file de travail sérialisée imposée mft="encodeur" file=14025654
2026-08-02T18:43:02.315793Z  INFO agent::encode: convertisseur BGRA→NV12 (Video Processor MFT) configuré converter_provides_samples=true
2026-08-02T18:43:02.315940Z  INFO agent::encode: convertisseur BGRA→NV12 (Video Processor MFT) configuré converter_provides_samples=true
2026-08-02T18:43:02.316051Z  INFO agent::capteur::fenetre: fenêtre attachée au capteur session=w-2 sortie=\\.\DISPLAY5 largeur=1280 hauteur=720
2026-08-02T18:43:02.316060Z  INFO agent::capteur::fenetre: l'enfant a fermé le canal session=w-2 images=0
2026-08-02T18:43:02.316064Z  INFO agent::capteur::tube: attaché au capteur session=w-2 sortie=\\.\DISPLAY5 largeur=1280 hauteur=720
2026-08-02T18:43:02.316110Z  INFO agent::encode::arret: IMFShutdown::Shutdown : avant mft="encodeur"
2026-08-02T18:43:02.316112Z  INFO agent::capteur::distante: canal rattaché au capteur largeur=1280 hauteur=720
2026-08-02T18:43:02.316208Z  INFO agent::capteur::fenetre: fenêtre attachée au capteur session=w-4 sortie=\\.\DISPLAY6 largeur=1280 hauteur=720
2026-08-02T18:43:02.316219Z  INFO agent::capteur::fenetre: l'enfant a fermé le canal session=w-4 images=0
2026-08-02T18:43:02.316221Z  INFO agent::capteur::tube: attaché au capteur session=w-4 sortie=\\.\DISPLAY6 largeur=1280 hauteur=720
2026-08-02T18:43:02.316279Z  INFO agent::encode::arret: IMFShutdown::Shutdown : avant mft="encodeur"
2026-08-02T18:43:02.316288Z  INFO agent::capteur::distante: canal rattaché au capteur largeur=1280 hauteur=720
2026-08-02T18:43:02.316714Z  INFO agent::encode::arret: IMFShutdown::Shutdown : après mft="encodeur"
2026-08-02T18:43:02.316935Z  INFO agent::encode::arret: IMFShutdown::Shutdown : après mft="encodeur"
2026-08-02T18:43:02.336598Z  WARN agent::capteur::serveur: DIAGNOSTIC : fil lecteur de commandes NON lancé
2026-08-02T18:43:02.337040Z  INFO agent::capture::ouverture: sortie retenue pour la duplication adaptateur=NVIDIA GeForce RTX 4070 index_adaptateur=0 index_sortie=1 nom_sortie=\\.\DISPLAY5 attachee=true
2026-08-02T18:43:02.346728Z  WARN agent::capteur::serveur: DIAGNOSTIC : fil lecteur de commandes NON lancé
2026-08-02T18:43:02.347071Z  INFO agent::capture::ouverture: sortie retenue pour la duplication adaptateur=NVIDIA GeForce RTX 4070 index_adaptateur=0 index_sortie=2 nom_sortie=\\.\DISPLAY6 attachee=true
2026-08-02T18:43:02.398979Z  INFO agent::capture::ouverture: protection multi-fils activée sur le contexte immédiat D3D11 protection_precedente=false
2026-08-02T18:43:02.399238Z  INFO agent::capture: duplication de sortie établie desktop_width=1280 desktop_height=720
2026-08-02T18:43:02.399276Z  INFO agent::encode: encodeur matériel retenu encodeur=NVIDIA H.264 Encoder MFT
2026-08-02T18:43:02.416687Z  INFO agent::capture::ouverture: protection multi-fils activée sur le contexte immédiat D3D11 protection_precedente=false
2026-08-02T18:43:02.416933Z  INFO agent::capture: duplication de sortie établie desktop_width=1280 desktop_height=720
2026-08-02T18:43:02.416976Z  INFO agent::encode: encodeur matériel retenu encodeur=NVIDIA H.264 Encoder MFT
2026-08-02T18:43:02.505628Z  INFO agent::encode::arret: file de travail sérialisée imposée mft="encodeur" file=14025660
2026-08-02T18:43:02.505749Z  INFO agent::encode::arret: file de travail sérialisée imposée mft="encodeur" file=21365694
2026-08-02T18:43:02.505853Z  INFO agent::encode: convertisseur BGRA→NV12 (Video Processor MFT) configuré converter_provides_samples=true
2026-08-02T18:43:02.505939Z  INFO agent::encode: convertisseur BGRA→NV12 (Video Processor MFT) configuré converter_provides_samples=true
2026-08-02T18:43:02.506126Z  INFO agent::capteur::fenetre: fenêtre attachée au capteur session=w-2 sortie=\\.\DISPLAY5 largeur=1280 hauteur=720
2026-08-02T18:43:02.506136Z  INFO agent::capteur::fenetre: l'enfant a fermé le canal session=w-2 images=0
2026-08-02T18:43:02.506142Z  INFO agent::capteur::tube: attaché au capteur session=w-2 sortie=\\.\DISPLAY5 largeur=1280 hauteur=720
2026-08-02T18:43:02.506177Z  INFO agent::capteur::fenetre: fenêtre attachée au capteur session=w-4 sortie=\\.\DISPLAY6 largeur=1280 hauteur=720
2026-08-02T18:43:02.506187Z  INFO agent::encode::arret: IMFShutdown::Shutdown : avant mft="encodeur"
2026-08-02T18:43:02.506188Z  INFO agent::capteur::fenetre: l'enfant a fermé le canal session=w-4 images=0
2026-08-02T18:43:02.506195Z  INFO agent::capteur::distante: canal rattaché au capteur largeur=1280 hauteur=720
2026-08-02T18:43:02.506191Z  INFO agent::capteur::tube: attaché au capteur session=w-4 sortie=\\.\DISPLAY6 largeur=1280 hauteur=720
2026-08-02T18:43:02.506229Z  INFO agent::encode::arret: IMFShutdown::Shutdown : avant mft="encodeur"
2026-08-02T18:43:02.506244Z  INFO agent::capteur::distante: canal rattaché au capteur largeur=1280 hauteur=720
2026-08-02T18:43:02.506792Z  INFO agent::encode::arret: IMFShutdown::Shutdown : après mft="encodeur"
2026-08-02T18:43:02.506955Z  INFO agent::encode::arret: IMFShutdown::Shutdown : après mft="encodeur"
2026-08-02T18:43:02.529067Z  WARN agent::capteur::serveur: DIAGNOSTIC : fil lecteur de commandes NON lancé
2026-08-02T18:43:02.529512Z  INFO agent::capture::ouverture: sortie retenue pour la duplication adaptateur=NVIDIA GeForce RTX 4070 index_adaptateur=0 index_sortie=1 nom_sortie=\\.\DISPLAY5 attachee=true
2026-08-02T18:43:02.536783Z  WARN agent::capteur::serveur: DIAGNOSTIC : fil lecteur de commandes NON lancé
2026-08-02T18:43:02.537119Z  INFO agent::capture::ouverture: sortie retenue pour la duplication adaptateur=NVIDIA GeForce RTX 4070 index_adaptateur=0 index_sortie=2 nom_sortie=\\.\DISPLAY6 attachee=true
2026-08-02T18:43:02.590685Z  INFO agent::capture::ouverture: protection multi-fils activée sur le contexte immédiat D3D11 protection_precedente=false
2026-08-02T18:43:02.590923Z  INFO agent::capture: duplication de sortie établie desktop_width=1280 desktop_height=720
2026-08-02T18:43:02.590962Z  INFO agent::encode: encodeur matériel retenu encodeur=NVIDIA H.264 Encoder MFT
2026-08-02T18:43:02.608683Z  INFO agent::capture::ouverture: protection multi-fils activée sur le contexte immédiat D3D11 protection_precedente=false
2026-08-02T18:43:02.608909Z  INFO agent::capture: duplication de sortie établie desktop_width=1280 desktop_height=720
2026-08-02T18:43:02.608949Z  INFO agent::encode: encodeur matériel retenu encodeur=NVIDIA H.264 Encoder MFT
2026-08-02T18:43:02.698750Z  INFO agent::encode::arret: file de travail sérialisée imposée mft="encodeur" file=21496772
2026-08-02T18:43:02.698980Z  INFO agent::encode: convertisseur BGRA→NV12 (Video Processor MFT) configuré converter_provides_samples=true
2026-08-02T18:43:02.699021Z  INFO agent::encode::arret: file de travail sérialisée imposée mft="encodeur" file=14025666
2026-08-02T18:43:02.699210Z  INFO agent::encode: convertisseur BGRA→NV12 (Video Processor MFT) configuré converter_provides_samples=true
2026-08-02T18:43:02.699254Z  INFO agent::capteur::fenetre: fenêtre attachée au capteur session=w-4 sortie=\\.\DISPLAY6 largeur=1280 hauteur=720
2026-08-02T18:43:02.699264Z  INFO agent::capteur::fenetre: l'enfant a fermé le canal session=w-4 images=0
2026-08-02T18:43:02.699271Z  INFO agent::capteur::tube: attaché au capteur session=w-4 sortie=\\.\DISPLAY6 largeur=1280 hauteur=720
2026-08-02T18:43:02.699328Z  INFO agent::encode::arret: IMFShutdown::Shutdown : avant mft="encodeur"
2026-08-02T18:43:02.699333Z  INFO agent::capteur::distante: canal rattaché au capteur largeur=1280 hauteur=720
2026-08-02T18:43:02.699455Z  INFO agent::capteur::fenetre: fenêtre attachée au capteur session=w-2 sortie=\\.\DISPLAY5 largeur=1280 hauteur=720
2026-08-02T18:43:02.699467Z  INFO agent::capteur::tube: attaché au capteur session=w-2 sortie=\\.\DISPLAY5 largeur=1280 hauteur=720
2026-08-02T18:43:02.699473Z  INFO agent::capteur::fenetre: l'enfant a fermé le canal session=w-2 images=0
2026-08-02T18:43:02.699513Z  INFO agent::capteur::distante: canal rattaché au capteur largeur=1280 hauteur=720
2026-08-02T18:43:02.699566Z  INFO agent::encode::arret: IMFShutdown::Shutdown : avant mft="encodeur"
2026-08-02T18:43:02.700005Z  INFO agent::encode::arret: IMFShutdown::Shutdown : après mft="encodeur"
2026-08-02T18:43:02.700269Z  INFO agent::encode::arret: IMFShutdown::Shutdown : après mft="encodeur"
2026-08-02T18:43:02.720488Z  WARN agent::capteur::serveur: DIAGNOSTIC : fil lecteur de commandes NON lancé
2026-08-02T18:43:02.721524Z  INFO agent::capture::ouverture: sortie retenue pour la duplication adaptateur=NVIDIA GeForce RTX 4070 index_adaptateur=0 index_sortie=2 nom_sortie=\\.\DISPLAY6 attachee=true
2026-08-02T18:43:02.730622Z  WARN agent::capteur::serveur: DIAGNOSTIC : fil lecteur de commandes NON lancé
2026-08-02T18:43:02.730982Z  INFO agent::capture::ouverture: sortie retenue pour la duplication adaptateur=NVIDIA GeForce RTX 4070 index_adaptateur=0 index_sortie=1 nom_sortie=\\.\DISPLAY5 attachee=true
2026-08-02T18:43:02.784570Z  INFO agent::capture::ouverture: protection multi-fils activée sur le contexte immédiat D3D11 protection_precedente=false
2026-08-02T18:43:02.784812Z  INFO agent::capture: duplication de sortie établie desktop_width=1280 desktop_height=720
2026-08-02T18:43:02.784852Z  INFO agent::encode: encodeur matériel retenu encodeur=NVIDIA H.264 Encoder MFT
2026-08-02T18:43:02.803111Z  INFO agent::capture::ouverture: protection multi-fils activée sur le contexte immédiat D3D11 protection_precedente=false
2026-08-02T18:43:02.803382Z  INFO agent::capture: duplication de sortie établie desktop_width=1280 desktop_height=720
2026-08-02T18:43:02.803424Z  INFO agent::encode: encodeur matériel retenu encodeur=NVIDIA H.264 Encoder MFT
2026-08-02T18:43:02.894342Z  INFO agent::encode::arret: file de travail sérialisée imposée mft="encodeur" file=14025672
2026-08-02T18:43:02.894568Z  INFO agent::encode: convertisseur BGRA→NV12 (Video Processor MFT) configuré converter_provides_samples=true
2026-08-02T18:43:02.894835Z  INFO agent::capteur::fenetre: fenêtre attachée au capteur session=w-4 sortie=\\.\DISPLAY6 largeur=1280 hauteur=720
2026-08-02T18:43:02.894845Z  INFO agent::capteur::fenetre: l'enfant a fermé le canal session=w-4 images=0
2026-08-02T18:43:02.894850Z  INFO agent::capteur::tube: attaché au capteur session=w-4 sortie=\\.\DISPLAY6 largeur=1280 hauteur=720
2026-08-02T18:43:02.894894Z  INFO agent::encode::arret: IMFShutdown::Shutdown : avant mft="encodeur"
2026-08-02T18:43:02.894904Z  INFO agent::capteur::distante: canal rattaché au capteur largeur=1280 hauteur=720
2026-08-02T18:43:02.895041Z  INFO agent::encode::arret: file de travail sérialisée imposée mft="encodeur" file=21627850
2026-08-02T18:43:02.895309Z  INFO agent::encode: convertisseur BGRA→NV12 (Video Processor MFT) configuré converter_provides_samples=true
2026-08-02T18:43:02.895371Z  INFO agent::encode::arret: IMFShutdown::Shutdown : après mft="encodeur"
2026-08-02T18:43:02.895584Z  INFO agent::capteur::fenetre: fenêtre attachée au capteur session=w-2 sortie=\\.\DISPLAY5 largeur=1280 hauteur=720
2026-08-02T18:43:02.895600Z  INFO agent::capteur::fenetre: l'enfant a fermé le canal session=w-2 images=0
2026-08-02T18:43:02.895596Z  INFO agent::capteur::tube: attaché au capteur session=w-2 sortie=\\.\DISPLAY5 largeur=1280 hauteur=720
2026-08-02T18:43:02.895638Z  INFO agent::capteur::distante: canal rattaché au capteur largeur=1280 hauteur=720
2026-08-02T18:43:02.895639Z  INFO agent::encode::arret: IMFShutdown::Shutdown : avant mft="encodeur"
2026-08-02T18:43:02.896212Z  INFO agent::encode::arret: IMFShutdown::Shutdown : après mft="encodeur"
2026-08-02T18:43:02.915623Z  WARN agent::capteur::serveur: DIAGNOSTIC : fil lecteur de commandes NON lancé
2026-08-02T18:43:02.916011Z  INFO agent::capture::ouverture: sortie retenue pour la duplication adaptateur=NVIDIA GeForce RTX 4070 index_adaptateur=0 index_sortie=2 nom_sortie=\\.\DISPLAY6 attachee=true
2026-08-02T18:43:02.925985Z  WARN agent::capteur::serveur: DIAGNOSTIC : fil lecteur de commandes NON lancé
2026-08-02T18:43:02.926348Z  INFO agent::capture::ouverture: sortie retenue pour la duplication adaptateur=NVIDIA GeForce RTX 4070 index_adaptateur=0 index_sortie=1 nom_sortie=\\.\DISPLAY5 attachee=true
2026-08-02T18:43:02.979824Z  INFO agent::capture::ouverture: protection multi-fils activée sur le contexte immédiat D3D11 protection_precedente=false
2026-08-02T18:43:02.980080Z  INFO agent::capture: duplication de sortie établie desktop_width=1280 desktop_height=720
2026-08-02T18:43:02.980119Z  INFO agent::encode: encodeur matériel retenu encodeur=NVIDIA H.264 Encoder MFT
2026-08-02T18:43:02.998827Z  INFO agent::capture::ouverture: protection multi-fils activée sur le contexte immédiat D3D11 protection_precedente=false
2026-08-02T18:43:02.999086Z  INFO agent::capture: duplication de sortie établie desktop_width=1280 desktop_height=720
2026-08-02T18:43:02.999134Z  INFO agent::encode: encodeur matériel retenu encodeur=NVIDIA H.264 Encoder MFT
2026-08-02T18:43:03.092274Z  INFO agent::encode::arret: file de travail sérialisée imposée mft="encodeur" file=14025678
2026-08-02T18:43:03.092500Z  INFO agent::encode: convertisseur BGRA→NV12 (Video Processor MFT) configuré converter_provides_samples=true
2026-08-02T18:43:03.092602Z  INFO agent::encode::arret: file de travail sérialisée imposée mft="encodeur" file=21758928
2026-08-02T18:43:03.092795Z  INFO agent::capteur::fenetre: fenêtre attachée au capteur session=w-4 sortie=\\.\DISPLAY6 largeur=1280 hauteur=720
2026-08-02T18:43:03.092805Z  INFO agent::capteur::fenetre: l'enfant a fermé le canal session=w-4 images=0
2026-08-02T18:43:03.092812Z  INFO agent::capteur::tube: attaché au capteur session=w-4 sortie=\\.\DISPLAY6 largeur=1280 hauteur=720
2026-08-02T18:43:03.092831Z  INFO agent::encode: convertisseur BGRA→NV12 (Video Processor MFT) configuré converter_provides_samples=true
2026-08-02T18:43:03.092857Z  INFO agent::encode::arret: IMFShutdown::Shutdown : avant mft="encodeur"
2026-08-02T18:43:03.092883Z  INFO agent::capteur::distante: canal rattaché au capteur largeur=1280 hauteur=720
2026-08-02T18:43:03.093151Z  INFO agent::capteur::fenetre: fenêtre attachée au capteur session=w-2 sortie=\\.\DISPLAY5 largeur=1280 hauteur=720
2026-08-02T18:43:03.093161Z  INFO agent::capteur::fenetre: l'enfant a fermé le canal session=w-2 images=0
2026-08-02T18:43:03.093163Z  INFO agent::capteur::tube: attaché au capteur session=w-2 sortie=\\.\DISPLAY5 largeur=1280 hauteur=720
2026-08-02T18:43:03.093206Z  INFO agent::capteur::distante: canal rattaché au capteur largeur=1280 hauteur=720
2026-08-02T18:43:03.093208Z  INFO agent::encode::arret: IMFShutdown::Shutdown : avant mft="encodeur"
2026-08-02T18:43:03.093425Z  INFO agent::encode::arret: IMFShutdown::Shutdown : après mft="encodeur"
2026-08-02T18:43:03.093791Z  INFO agent::encode::arret: IMFShutdown::Shutdown : après mft="encodeur"
2026-08-02T18:43:03.113517Z  WARN agent::capteur::serveur: DIAGNOSTIC : fil lecteur de commandes NON lancé
2026-08-02T18:43:03.113965Z  INFO agent::capture::ouverture: sortie retenue pour la duplication adaptateur=NVIDIA GeForce RTX 4070 index_adaptateur=0 index_sortie=2 nom_sortie=\\.\DISPLAY6 attachee=true
2026-08-02T18:43:03.124361Z  WARN agent::capteur::serveur: DIAGNOSTIC : fil lecteur de commandes NON lancé
2026-08-02T18:43:03.124711Z  INFO agent::capture::ouverture: sortie retenue pour la duplication adaptateur=NVIDIA GeForce RTX 4070 index_adaptateur=0 index_sortie=1 nom_sortie=\\.\DISPLAY5 attachee=true
2026-08-02T18:43:03.176442Z  INFO agent::capture::ouverture: protection multi-fils activée sur le contexte immédiat D3D11 protection_precedente=false
2026-08-02T18:43:03.176676Z  INFO agent::capture: duplication de sortie établie desktop_width=1280 desktop_height=720
2026-08-02T18:43:03.176714Z  INFO agent::encode: encodeur matériel retenu encodeur=NVIDIA H.264 Encoder MFT
2026-08-02T18:43:03.194250Z  INFO agent::capture::ouverture: protection multi-fils activée sur le contexte immédiat D3D11 protection_precedente=false
2026-08-02T18:43:03.194481Z  INFO agent::capture: duplication de sortie établie desktop_width=1280 desktop_height=720
2026-08-02T18:43:03.194522Z  INFO agent::encode: encodeur matériel retenu encodeur=NVIDIA H.264 Encoder MFT
2026-08-02T18:43:03.289491Z  INFO agent::encode::arret: file de travail sérialisée imposée mft="encodeur" file=21890006
2026-08-02T18:43:03.289744Z  INFO agent::encode: convertisseur BGRA→NV12 (Video Processor MFT) configuré converter_provides_samples=true
2026-08-02T18:43:03.289810Z  INFO agent::encode::arret: file de travail sérialisée imposée mft="encodeur" file=14025684
2026-08-02T18:43:03.290003Z  INFO agent::encode: convertisseur BGRA→NV12 (Video Processor MFT) configuré converter_provides_samples=true
2026-08-02T18:43:03.290006Z  INFO agent::capteur::fenetre: fenêtre attachée au capteur session=w-2 sortie=\\.\DISPLAY5 largeur=1280 hauteur=720
2026-08-02T18:43:03.290015Z  INFO agent::capteur::fenetre: l'enfant a fermé le canal session=w-2 images=0
2026-08-02T18:43:03.290020Z  INFO agent::capteur::tube: attaché au capteur session=w-2 sortie=\\.\DISPLAY5 largeur=1280 hauteur=720
2026-08-02T18:43:03.290061Z  INFO agent::encode::arret: IMFShutdown::Shutdown : avant mft="encodeur"
2026-08-02T18:43:03.290073Z  INFO agent::capteur::distante: canal rattaché au capteur largeur=1280 hauteur=720
2026-08-02T18:43:03.290333Z  INFO agent::capteur::fenetre: fenêtre attachée au capteur session=w-4 sortie=\\.\DISPLAY6 largeur=1280 hauteur=720
2026-08-02T18:43:03.290344Z  INFO agent::capteur::fenetre: l'enfant a fermé le canal session=w-4 images=0
2026-08-02T18:43:03.290343Z  INFO agent::capteur::tube: attaché au capteur session=w-4 sortie=\\.\DISPLAY6 largeur=1280 hauteur=720
2026-08-02T18:43:03.290377Z  INFO agent::capteur::distante: canal rattaché au capteur largeur=1280 hauteur=720
2026-08-02T18:43:03.290383Z  INFO agent::encode::arret: IMFShutdown::Shutdown : avant mft="encodeur"
2026-08-02T18:43:03.290625Z  INFO agent::encode::arret: IMFShutdown::Shutdown : après mft="encodeur"
2026-08-02T18:43:03.290993Z  INFO agent::encode::arret: IMFShutdown::Shutdown : après mft="encodeur"
2026-08-02T18:43:03.312568Z  WARN agent::capteur::serveur: DIAGNOSTIC : fil lecteur de commandes NON lancé
2026-08-02T18:43:03.313025Z  INFO agent::capture::ouverture: sortie retenue pour la duplication adaptateur=NVIDIA GeForce RTX 4070 index_adaptateur=0 index_sortie=1 nom_sortie=\\.\DISPLAY5 attachee=true
2026-08-02T18:43:03.320865Z  WARN agent::capteur::serveur: DIAGNOSTIC : fil lecteur de commandes NON lancé
2026-08-02T18:43:03.321219Z  INFO agent::capture::ouverture: sortie retenue pour la duplication adaptateur=NVIDIA GeForce RTX 4070 index_adaptateur=0 index_sortie=2 nom_sortie=\\.\DISPLAY6 attachee=true
2026-08-02T18:43:03.375783Z  INFO agent::capture::ouverture: protection multi-fils activée sur le contexte immédiat D3D11 protection_precedente=false
2026-08-02T18:43:03.376018Z  INFO agent::capture: duplication de sortie établie desktop_width=1280 desktop_height=720
2026-08-02T18:43:03.376058Z  INFO agent::encode: encodeur matériel retenu encodeur=NVIDIA H.264 Encoder MFT
2026-08-02T18:43:03.393620Z  INFO agent::capture::ouverture: protection multi-fils activée sur le contexte immédiat D3D11 protection_precedente=false
2026-08-02T18:43:03.393862Z  INFO agent::capture: duplication de sortie établie desktop_width=1280 desktop_height=720
2026-08-02T18:43:03.393922Z  INFO agent::encode: encodeur matériel retenu encodeur=NVIDIA H.264 Encoder MFT
2026-08-02T18:43:03.492010Z  INFO agent::encode::arret: file de travail sérialisée imposée mft="encodeur" file=22021084
2026-08-02T18:43:03.492208Z  INFO agent::encode::arret: file de travail sérialisée imposée mft="encodeur" file=14025690
2026-08-02T18:43:03.492240Z  INFO agent::encode: convertisseur BGRA→NV12 (Video Processor MFT) configuré converter_provides_samples=true
2026-08-02T18:43:03.492396Z  INFO agent::encode: convertisseur BGRA→NV12 (Video Processor MFT) configuré converter_provides_samples=true
2026-08-02T18:43:03.492501Z  INFO agent::capteur::fenetre: fenêtre attachée au capteur session=w-4 sortie=\\.\DISPLAY6 largeur=1280 hauteur=720
2026-08-02T18:43:03.492510Z  INFO agent::capteur::fenetre: l'enfant a fermé le canal session=w-4 images=0
2026-08-02T18:43:03.492515Z  INFO agent::capteur::tube: attaché au capteur session=w-4 sortie=\\.\DISPLAY6 largeur=1280 hauteur=720
2026-08-02T18:43:03.492569Z  INFO agent::encode::arret: IMFShutdown::Shutdown : avant mft="encodeur"
2026-08-02T18:43:03.492570Z  INFO agent::capteur::distante: canal rattaché au capteur largeur=1280 hauteur=720
2026-08-02T18:43:03.492717Z  INFO agent::capteur::tube: attaché au capteur session=w-2 sortie=\\.\DISPLAY5 largeur=1280 hauteur=720
2026-08-02T18:43:03.492702Z  INFO agent::capteur::fenetre: fenêtre attachée au capteur session=w-2 sortie=\\.\DISPLAY5 largeur=1280 hauteur=720
2026-08-02T18:43:03.492736Z  INFO agent::capteur::fenetre: l'enfant a fermé le canal session=w-2 images=0
2026-08-02T18:43:03.492764Z  INFO agent::capteur::distante: canal rattaché au capteur largeur=1280 hauteur=720
2026-08-02T18:43:03.492789Z  INFO agent::encode::arret: IMFShutdown::Shutdown : avant mft="encodeur"
2026-08-02T18:43:03.493165Z  INFO agent::encode::arret: IMFShutdown::Shutdown : après mft="encodeur"
2026-08-02T18:43:03.493456Z  INFO agent::encode::arret: IMFShutdown::Shutdown : après mft="encodeur"
2026-08-02T18:43:03.513102Z  WARN agent::capteur::serveur: DIAGNOSTIC : fil lecteur de commandes NON lancé
2026-08-02T18:43:03.513506Z  INFO agent::capture::ouverture: sortie retenue pour la duplication adaptateur=NVIDIA GeForce RTX 4070 index_adaptateur=0 index_sortie=1 nom_sortie=\\.\DISPLAY5 attachee=true
2026-08-02T18:43:03.523823Z  WARN agent::capteur::serveur: DIAGNOSTIC : fil lecteur de commandes NON lancé
2026-08-02T18:43:03.524158Z  INFO agent::capture::ouverture: sortie retenue pour la duplication adaptateur=NVIDIA GeForce RTX 4070 index_adaptateur=0 index_sortie=2 nom_sortie=\\.\DISPLAY6 attachee=true
2026-08-02T18:43:03.576622Z  INFO agent::capture::ouverture: protection multi-fils activée sur le contexte immédiat D3D11 protection_precedente=false
2026-08-02T18:43:03.576857Z  INFO agent::capture: duplication de sortie établie desktop_width=1280 desktop_height=720
2026-08-02T18:43:03.576896Z  INFO agent::encode: encodeur matériel retenu encodeur=NVIDIA H.264 Encoder MFT
2026-08-02T18:43:03.594454Z  INFO agent::capture::ouverture: protection multi-fils activée sur le contexte immédiat D3D11 protection_precedente=false
2026-08-02T18:43:03.594704Z  INFO agent::capture: duplication de sortie établie desktop_width=1280 desktop_height=720
2026-08-02T18:43:03.594745Z  INFO agent::encode: encodeur matériel retenu encodeur=NVIDIA H.264 Encoder MFT
2026-08-02T18:43:03.676798Z  INFO agent::encode::arret: file de travail sérialisée imposée mft="encodeur" file=14025696
2026-08-02T18:43:03.677085Z  INFO agent::encode: convertisseur BGRA→NV12 (Video Processor MFT) configuré converter_provides_samples=true
2026-08-02T18:43:03.679509Z  INFO agent::capteur::fenetre: fenêtre attachée au capteur session=w-2 sortie=\\.\DISPLAY5 largeur=1280 hauteur=720
2026-08-02T18:43:03.679523Z  INFO agent::capteur::fenetre: l'enfant a fermé le canal session=w-2 images=0
2026-08-02T18:43:03.679537Z  INFO agent::capteur::tube: attaché au capteur session=w-2 sortie=\\.\DISPLAY5 largeur=1280 hauteur=720
2026-08-02T18:43:03.679590Z  INFO agent::encode::arret: IMFShutdown::Shutdown : avant mft="encodeur"
2026-08-02T18:43:03.679592Z  INFO agent::capteur::distante: canal rattaché au capteur largeur=1280 hauteur=720
2026-08-02T18:43:03.680043Z  INFO agent::encode::arret: IMFShutdown::Shutdown : après mft="encodeur"
2026-08-02T18:43:03.695342Z  INFO agent::encode::arret: file de travail sérialisée imposée mft="encodeur" file=22152162
2026-08-02T18:43:03.695604Z  INFO agent::encode: convertisseur BGRA→NV12 (Video Processor MFT) configuré converter_provides_samples=true
2026-08-02T18:43:03.695930Z  INFO agent::capteur::fenetre: fenêtre attachée au capteur session=w-4 sortie=\\.\DISPLAY6 largeur=1280 hauteur=720
2026-08-02T18:43:03.695943Z  INFO agent::capteur::fenetre: l'enfant a fermé le canal session=w-4 images=0
2026-08-02T18:43:03.695943Z  INFO agent::capteur::tube: attaché au capteur session=w-4 sortie=\\.\DISPLAY6 largeur=1280 hauteur=720
2026-08-02T18:43:03.695996Z  INFO agent::capteur::distante: canal rattaché au capteur largeur=1280 hauteur=720
2026-08-02T18:43:03.695998Z  INFO agent::encode::arret: IMFShutdown::Shutdown : avant mft="encodeur"
2026-08-02T18:43:03.696741Z  INFO agent::encode::arret: IMFShutdown::Shutdown : après mft="encodeur"
2026-08-02T18:43:03.710135Z  WARN agent::capteur::serveur: DIAGNOSTIC : fil lecteur de commandes NON lancé
2026-08-02T18:43:03.710629Z  INFO agent::capture::ouverture: sortie retenue pour la duplication adaptateur=NVIDIA GeForce RTX 4070 index_adaptateur=0 index_sortie=1 nom_sortie=\\.\DISPLAY5 attachee=true
2026-08-02T18:43:03.716656Z  WARN agent::capteur::serveur: DIAGNOSTIC : fil lecteur de commandes NON lancé
2026-08-02T18:43:03.717012Z  INFO agent::capture::ouverture: sortie retenue pour la duplication adaptateur=NVIDIA GeForce RTX 4070 index_adaptateur=0 index_sortie=2 nom_sortie=\\.\DISPLAY6 attachee=true
2026-08-02T18:43:03.775566Z  INFO agent::capture::ouverture: protection multi-fils activée sur le contexte immédiat D3D11 protection_precedente=false
2026-08-02T18:43:03.776491Z  INFO agent::capture: duplication de sortie établie desktop_width=1280 desktop_height=720
2026-08-02T18:43:03.776531Z  INFO agent::encode: encodeur matériel retenu encodeur=NVIDIA H.264 Encoder MFT
2026-08-02T18:43:03.793711Z  INFO agent::capture::ouverture: protection multi-fils activée sur le contexte immédiat D3D11 protection_precedente=false
2026-08-02T18:43:03.793961Z  INFO agent::capture: duplication de sortie établie desktop_width=1280 desktop_height=720
2026-08-02T18:43:03.794003Z  INFO agent::encode: encodeur matériel retenu encodeur=NVIDIA H.264 Encoder MFT
2026-08-02T18:43:03.882694Z  INFO agent::encode::arret: file de travail sérialisée imposée mft="encodeur" file=14025702
2026-08-02T18:43:03.882867Z  INFO agent::encode::arret: file de travail sérialisée imposée mft="encodeur" file=22283240
2026-08-02T18:43:03.882917Z  INFO agent::encode: convertisseur BGRA→NV12 (Video Processor MFT) configuré converter_provides_samples=true
2026-08-02T18:43:03.883054Z  INFO agent::encode: convertisseur BGRA→NV12 (Video Processor MFT) configuré converter_provides_samples=true
2026-08-02T18:43:03.883182Z  INFO agent::capteur::fenetre: fenêtre attachée au capteur session=w-2 sortie=\\.\DISPLAY5 largeur=1280 hauteur=720
2026-08-02T18:43:03.883192Z  INFO agent::capteur::fenetre: l'enfant a fermé le canal session=w-2 images=0
2026-08-02T18:43:03.883198Z  INFO agent::capteur::tube: attaché au capteur session=w-2 sortie=\\.\DISPLAY5 largeur=1280 hauteur=720
2026-08-02T18:43:03.883238Z  INFO agent::encode::arret: IMFShutdown::Shutdown : avant mft="encodeur"
2026-08-02T18:43:03.883251Z  INFO agent::capteur::distante: canal rattaché au capteur largeur=1280 hauteur=720
2026-08-02T18:43:03.883290Z  INFO agent::capteur::fenetre: fenêtre attachée au capteur session=w-4 sortie=\\.\DISPLAY6 largeur=1280 hauteur=720
2026-08-02T18:43:03.883300Z  INFO agent::capteur::fenetre: l'enfant a fermé le canal session=w-4 images=0
2026-08-02T18:43:03.883313Z  INFO agent::capteur::tube: attaché au capteur session=w-4 sortie=\\.\DISPLAY6 largeur=1280 hauteur=720
2026-08-02T18:43:03.883349Z  INFO agent::encode::arret: IMFShutdown::Shutdown : avant mft="encodeur"
2026-08-02T18:43:03.883371Z  INFO agent::capteur::distante: canal rattaché au capteur largeur=1280 hauteur=720
2026-08-02T18:43:03.883893Z  INFO agent::encode::arret: IMFShutdown::Shutdown : après mft="encodeur"
2026-08-02T18:43:03.884035Z  INFO agent::encode::arret: IMFShutdown::Shutdown : après mft="encodeur"
2026-08-02T18:43:03.907016Z  WARN agent::capteur::serveur: DIAGNOSTIC : fil lecteur de commandes NON lancé
2026-08-02T18:43:03.907424Z  INFO agent::capture::ouverture: sortie retenue pour la duplication adaptateur=NVIDIA GeForce RTX 4070 index_adaptateur=0 index_sortie=2 nom_sortie=\\.\DISPLAY6 attachee=true
2026-08-02T18:43:03.913805Z  WARN agent::capteur::serveur: DIAGNOSTIC : fil lecteur de commandes NON lancé
2026-08-02T18:43:03.914137Z  INFO agent::capture::ouverture: sortie retenue pour la duplication adaptateur=NVIDIA GeForce RTX 4070 index_adaptateur=0 index_sortie=1 nom_sortie=\\.\DISPLAY5 attachee=true
2026-08-02T18:43:03.971004Z  INFO agent::capture::ouverture: protection multi-fils activée sur le contexte immédiat D3D11 protection_precedente=false
2026-08-02T18:43:03.971262Z  INFO agent::capture: duplication de sortie établie desktop_width=1280 desktop_height=720
2026-08-02T18:43:03.971303Z  INFO agent::encode: encodeur matériel retenu encodeur=NVIDIA H.264 Encoder MFT
2026-08-02T18:43:03.990651Z  INFO agent::capture::ouverture: protection multi-fils activée sur le contexte immédiat D3D11 protection_precedente=false
2026-08-02T18:43:03.990876Z  INFO agent::capture: duplication de sortie établie desktop_width=1280 desktop_height=720
2026-08-02T18:43:03.990916Z  INFO agent::encode: encodeur matériel retenu encodeur=NVIDIA H.264 Encoder MFT
2026-08-02T18:43:04.088783Z  INFO agent::encode::arret: file de travail sérialisée imposée mft="encodeur" file=22414318
2026-08-02T18:43:04.089008Z  INFO agent::encode: convertisseur BGRA→NV12 (Video Processor MFT) configuré converter_provides_samples=true
2026-08-02T18:43:04.089318Z  INFO agent::capteur::fenetre: fenêtre attachée au capteur session=w-2 sortie=\\.\DISPLAY5 largeur=1280 hauteur=720
2026-08-02T18:43:04.089328Z  INFO agent::capteur::fenetre: l'enfant a fermé le canal session=w-2 images=0
2026-08-02T18:43:04.089364Z  INFO agent::capteur::tube: attaché au capteur session=w-2 sortie=\\.\DISPLAY5 largeur=1280 hauteur=720
2026-08-02T18:43:04.089393Z  INFO agent::encode::arret: IMFShutdown::Shutdown : avant mft="encodeur"
2026-08-02T18:43:04.089419Z  INFO agent::capteur::distante: canal rattaché au capteur largeur=1280 hauteur=720
2026-08-02T18:43:04.089857Z  INFO agent::encode::arret: IMFShutdown::Shutdown : après mft="encodeur"
2026-08-02T18:43:04.098361Z  INFO agent::encode::arret: file de travail sérialisée imposée mft="encodeur" file=14025708
2026-08-02T18:43:04.098606Z  INFO agent::encode: convertisseur BGRA→NV12 (Video Processor MFT) configuré converter_provides_samples=true
2026-08-02T18:43:04.098933Z  INFO agent::capteur::fenetre: fenêtre attachée au capteur session=w-4 sortie=\\.\DISPLAY6 largeur=1280 hauteur=720
2026-08-02T18:43:04.098943Z  INFO agent::capteur::fenetre: l'enfant a fermé le canal session=w-4 images=0
2026-08-02T18:43:04.098949Z  INFO agent::capteur::tube: attaché au capteur session=w-4 sortie=\\.\DISPLAY6 largeur=1280 hauteur=720
2026-08-02T18:43:04.098986Z  INFO agent::encode::arret: IMFShutdown::Shutdown : avant mft="encodeur"
2026-08-02T18:43:04.099005Z  INFO agent::capteur::distante: canal rattaché au capteur largeur=1280 hauteur=720
2026-08-02T18:43:04.099900Z  INFO agent::encode::arret: IMFShutdown::Shutdown : après mft="encodeur"
2026-08-02T18:43:04.119616Z  WARN agent::capteur::serveur: DIAGNOSTIC : fil lecteur de commandes NON lancé
2026-08-02T18:43:04.119956Z  INFO agent::capture::ouverture: sortie retenue pour la duplication adaptateur=NVIDIA GeForce RTX 4070 index_adaptateur=0 index_sortie=2 nom_sortie=\\.\DISPLAY6 attachee=true
2026-08-02T18:43:04.120741Z  WARN agent::capteur::serveur: DIAGNOSTIC : fil lecteur de commandes NON lancé
2026-08-02T18:43:04.121074Z  INFO agent::capture::ouverture: sortie retenue pour la duplication adaptateur=NVIDIA GeForce RTX 4070 index_adaptateur=0 index_sortie=1 nom_sortie=\\.\DISPLAY5 attachee=true
2026-08-02T18:43:04.180294Z  INFO agent::capture::ouverture: protection multi-fils activée sur le contexte immédiat D3D11 protection_precedente=false
2026-08-02T18:43:04.181231Z  INFO agent::capture: duplication de sortie établie desktop_width=1280 desktop_height=720
2026-08-02T18:43:04.181270Z  INFO agent::encode: encodeur matériel retenu encodeur=NVIDIA H.264 Encoder MFT
2026-08-02T18:43:04.198354Z  INFO agent::capture::ouverture: protection multi-fils activée sur le contexte immédiat D3D11 protection_precedente=false
2026-08-02T18:43:04.198626Z  INFO agent::capture: duplication de sortie établie desktop_width=1280 desktop_height=720
2026-08-02T18:43:04.198667Z  INFO agent::encode: encodeur matériel retenu encodeur=NVIDIA H.264 Encoder MFT
2026-08-02T18:43:04.297863Z  INFO agent::encode::arret: file de travail sérialisée imposée mft="encodeur" file=14025714
2026-08-02T18:43:04.298099Z  INFO agent::encode: convertisseur BGRA→NV12 (Video Processor MFT) configuré converter_provides_samples=true
2026-08-02T18:43:04.298098Z  INFO agent::encode::arret: file de travail sérialisée imposée mft="encodeur" file=22545396
2026-08-02T18:43:04.298282Z  INFO agent::encode: convertisseur BGRA→NV12 (Video Processor MFT) configuré converter_provides_samples=true
2026-08-02T18:43:04.298388Z  INFO agent::capteur::fenetre: fenêtre attachée au capteur session=w-4 sortie=\\.\DISPLAY6 largeur=1280 hauteur=720
2026-08-02T18:43:04.298399Z  INFO agent::capteur::fenetre: l'enfant a fermé le canal session=w-4 images=0
2026-08-02T18:43:04.298403Z  INFO agent::capteur::tube: attaché au capteur session=w-4 sortie=\\.\DISPLAY6 largeur=1280 hauteur=720
2026-08-02T18:43:04.298447Z  INFO agent::encode::arret: IMFShutdown::Shutdown : avant mft="encodeur"
2026-08-02T18:43:04.298468Z  INFO agent::capteur::distante: canal rattaché au capteur largeur=1280 hauteur=720
2026-08-02T18:43:04.298553Z  INFO agent::capteur::fenetre: fenêtre attachée au capteur session=w-2 sortie=\\.\DISPLAY5 largeur=1280 hauteur=720
2026-08-02T18:43:04.298566Z  INFO agent::capteur::fenetre: l'enfant a fermé le canal session=w-2 images=0
2026-08-02T18:43:04.298564Z  INFO agent::capteur::tube: attaché au capteur session=w-2 sortie=\\.\DISPLAY5 largeur=1280 hauteur=720
2026-08-02T18:43:04.298618Z  INFO agent::encode::arret: IMFShutdown::Shutdown : avant mft="encodeur"
2026-08-02T18:43:04.298626Z  INFO agent::capteur::distante: canal rattaché au capteur largeur=1280 hauteur=720
2026-08-02T18:43:04.299064Z  INFO agent::encode::arret: IMFShutdown::Shutdown : après mft="encodeur"
2026-08-02T18:43:04.299273Z  INFO agent::encode::arret: IMFShutdown::Shutdown : après mft="encodeur"
2026-08-02T18:43:04.319229Z  WARN agent::capteur::serveur: DIAGNOSTIC : fil lecteur de commandes NON lancé
2026-08-02T18:43:04.319710Z  INFO agent::capture::ouverture: sortie retenue pour la duplication adaptateur=NVIDIA GeForce RTX 4070 index_adaptateur=0 index_sortie=2 nom_sortie=\\.\DISPLAY6 attachee=true
2026-08-02T18:43:04.328986Z  WARN agent::capteur::serveur: DIAGNOSTIC : fil lecteur de commandes NON lancé
2026-08-02T18:43:04.329361Z  INFO agent::capture::ouverture: sortie retenue pour la duplication adaptateur=NVIDIA GeForce RTX 4070 index_adaptateur=0 index_sortie=1 nom_sortie=\\.\DISPLAY5 attachee=true
2026-08-02T18:43:04.382889Z  INFO agent::capture::ouverture: protection multi-fils activée sur le contexte immédiat D3D11 protection_precedente=false
2026-08-02T18:43:04.383121Z  INFO agent::capture: duplication de sortie établie desktop_width=1280 desktop_height=720
2026-08-02T18:43:04.383158Z  INFO agent::encode: encodeur matériel retenu encodeur=NVIDIA H.264 Encoder MFT
2026-08-02T18:43:04.402761Z  INFO agent::capture::ouverture: protection multi-fils activée sur le contexte immédiat D3D11 protection_precedente=false
2026-08-02T18:43:04.403040Z  INFO agent::capture: duplication de sortie établie desktop_width=1280 desktop_height=720
2026-08-02T18:43:04.403081Z  INFO agent::encode: encodeur matériel retenu encodeur=NVIDIA H.264 Encoder MFT
2026-08-02T18:43:04.480140Z  INFO agent::encode::arret: file de travail sérialisée imposée mft="encodeur" file=14025720
2026-08-02T18:43:04.480358Z  INFO agent::encode: convertisseur BGRA→NV12 (Video Processor MFT) configuré converter_provides_samples=true
2026-08-02T18:43:04.480734Z  INFO agent::capteur::fenetre: fenêtre attachée au capteur session=w-4 sortie=\\.\DISPLAY6 largeur=1280 hauteur=720
2026-08-02T18:43:04.480747Z  INFO agent::capteur::fenetre: l'enfant a fermé le canal session=w-4 images=0
2026-08-02T18:43:04.480748Z  INFO agent::capteur::tube: attaché au capteur session=w-4 sortie=\\.\DISPLAY6 largeur=1280 hauteur=720
2026-08-02T18:43:04.480807Z  INFO agent::capteur::distante: canal rattaché au capteur largeur=1280 hauteur=720
2026-08-02T18:43:04.480809Z  INFO agent::encode::arret: IMFShutdown::Shutdown : avant mft="encodeur"
2026-08-02T18:43:04.482714Z  INFO agent::encode::arret: IMFShutdown::Shutdown : après mft="encodeur"
2026-08-02T18:43:04.502127Z  INFO agent::encode::arret: file de travail sérialisée imposée mft="encodeur" file=22676474
2026-08-02T18:43:04.502357Z  INFO agent::encode: convertisseur BGRA→NV12 (Video Processor MFT) configuré converter_provides_samples=true
2026-08-02T18:43:04.502680Z  INFO agent::capteur::fenetre: fenêtre attachée au capteur session=w-2 sortie=\\.\DISPLAY5 largeur=1280 hauteur=720
2026-08-02T18:43:04.502693Z  INFO agent::capteur::fenetre: l'enfant a fermé le canal session=w-2 images=0
2026-08-02T18:43:04.502696Z  INFO agent::capteur::tube: attaché au capteur session=w-2 sortie=\\.\DISPLAY5 largeur=1280 hauteur=720
2026-08-02T18:43:04.502739Z  INFO agent::encode::arret: IMFShutdown::Shutdown : avant mft="encodeur"
2026-08-02T18:43:04.502752Z  INFO agent::capteur::distante: canal rattaché au capteur largeur=1280 hauteur=720
2026-08-02T18:43:04.503337Z  INFO agent::encode::arret: IMFShutdown::Shutdown : après mft="encodeur"
2026-08-02T18:43:04.511722Z  WARN agent::capteur::serveur: DIAGNOSTIC : fil lecteur de commandes NON lancé
2026-08-02T18:43:04.512084Z  INFO agent::capture::ouverture: sortie retenue pour la duplication adaptateur=NVIDIA GeForce RTX 4070 index_adaptateur=0 index_sortie=2 nom_sortie=\\.\DISPLAY6 attachee=true
2026-08-02T18:43:04.523509Z  WARN agent::capteur::serveur: DIAGNOSTIC : fil lecteur de commandes NON lancé
2026-08-02T18:43:04.523907Z  INFO agent::capture::ouverture: sortie retenue pour la duplication adaptateur=NVIDIA GeForce RTX 4070 index_adaptateur=0 index_sortie=1 nom_sortie=\\.\DISPLAY5 attachee=true
2026-08-02T18:43:04.533546Z  INFO agent::capture::ouverture: protection multi-fils activée sur le contexte immédiat D3D11 protection_precedente=false
2026-08-02T18:43:04.533782Z  INFO agent::capture: duplication de sortie établie desktop_width=1280 desktop_height=720
2026-08-02T18:43:04.533824Z  INFO agent::encode: encodeur matériel retenu encodeur=NVIDIA H.264 Encoder MFT
2026-08-02T18:43:04.552565Z  INFO agent::capture::ouverture: protection multi-fils activée sur le contexte immédiat D3D11 protection_precedente=false
2026-08-02T18:43:04.552813Z  INFO agent::capture: duplication de sortie établie desktop_width=1280 desktop_height=720
2026-08-02T18:43:04.552853Z  INFO agent::encode: encodeur matériel retenu encodeur=NVIDIA H.264 Encoder MFT
2026-08-02T18:43:04.641521Z  INFO agent::encode::arret: file de travail sérialisée imposée mft="encodeur" file=14025726
2026-08-02T18:43:04.641688Z  INFO agent::encode::arret: file de travail sérialisée imposée mft="encodeur" file=22807552
2026-08-02T18:43:04.641751Z  INFO agent::encode: convertisseur BGRA→NV12 (Video Processor MFT) configuré converter_provides_samples=true
2026-08-02T18:43:04.641883Z  INFO agent::encode: convertisseur BGRA→NV12 (Video Processor MFT) configuré converter_provides_samples=true
2026-08-02T18:43:04.642002Z  INFO agent::capteur::fenetre: fenêtre attachée au capteur session=w-4 sortie=\\.\DISPLAY6 largeur=1280 hauteur=720
2026-08-02T18:43:04.642012Z  INFO agent::capteur::fenetre: l'enfant a fermé le canal session=w-4 images=0
2026-08-02T18:43:04.642019Z  INFO agent::capteur::tube: attaché au capteur session=w-4 sortie=\\.\DISPLAY6 largeur=1280 hauteur=720
2026-08-02T18:43:04.642063Z  INFO agent::encode::arret: IMFShutdown::Shutdown : avant mft="encodeur"
2026-08-02T18:43:04.642073Z  INFO agent::capteur::distante: canal rattaché au capteur largeur=1280 hauteur=720
2026-08-02T18:43:04.642152Z  INFO agent::capteur::fenetre: fenêtre attachée au capteur session=w-2 sortie=\\.\DISPLAY5 largeur=1280 hauteur=720
2026-08-02T18:43:04.642164Z  INFO agent::capteur::fenetre: l'enfant a fermé le canal session=w-2 images=0
2026-08-02T18:43:04.642164Z  INFO agent::capteur::tube: attaché au capteur session=w-2 sortie=\\.\DISPLAY5 largeur=1280 hauteur=720
2026-08-02T18:43:04.642207Z  INFO agent::encode::arret: IMFShutdown::Shutdown : avant mft="encodeur"
2026-08-02T18:43:04.642214Z  INFO agent::capteur::distante: canal rattaché au capteur largeur=1280 hauteur=720
2026-08-02T18:43:04.642657Z  INFO agent::encode::arret: IMFShutdown::Shutdown : après mft="encodeur"
2026-08-02T18:43:04.642921Z  INFO agent::encode::arret: IMFShutdown::Shutdown : après mft="encodeur"
2026-08-02T18:43:04.663295Z  WARN agent::capteur::serveur: DIAGNOSTIC : fil lecteur de commandes NON lancé
2026-08-02T18:43:04.663769Z  INFO agent::capture::ouverture: sortie retenue pour la duplication adaptateur=NVIDIA GeForce RTX 4070 index_adaptateur=0 index_sortie=1 nom_sortie=\\.\DISPLAY5 attachee=true
2026-08-02T18:43:04.672446Z  WARN agent::capteur::serveur: DIAGNOSTIC : fil lecteur de commandes NON lancé
2026-08-02T18:43:04.672794Z  INFO agent::capture::ouverture: sortie retenue pour la duplication adaptateur=NVIDIA GeForce RTX 4070 index_adaptateur=0 index_sortie=2 nom_sortie=\\.\DISPLAY6 attachee=true
2026-08-02T18:43:04.727673Z  INFO agent::capture::ouverture: protection multi-fils activée sur le contexte immédiat D3D11 protection_precedente=false
2026-08-02T18:43:04.728572Z  INFO agent::capture: duplication de sortie établie desktop_width=1280 desktop_height=720
2026-08-02T18:43:04.728611Z  INFO agent::encode: encodeur matériel retenu encodeur=NVIDIA H.264 Encoder MFT
2026-08-02T18:43:04.744946Z  INFO agent::capture::ouverture: protection multi-fils activée sur le contexte immédiat D3D11 protection_precedente=false
2026-08-02T18:43:04.745180Z  INFO agent::capture: duplication de sortie établie desktop_width=1280 desktop_height=720
2026-08-02T18:43:04.745222Z  INFO agent::encode: encodeur matériel retenu encodeur=NVIDIA H.264 Encoder MFT
2026-08-02T18:43:04.833516Z  INFO agent::encode::arret: file de travail sérialisée imposée mft="encodeur" file=22938630
2026-08-02T18:43:04.833773Z  INFO agent::encode: convertisseur BGRA→NV12 (Video Processor MFT) configuré converter_provides_samples=true
2026-08-02T18:43:04.833975Z  INFO agent::encode::arret: file de travail sérialisée imposée mft="encodeur" file=14025732
2026-08-02T18:43:04.834078Z  INFO agent::capteur::fenetre: fenêtre attachée au capteur session=w-4 sortie=\\.\DISPLAY6 largeur=1280 hauteur=720
2026-08-02T18:43:04.834088Z  INFO agent::capteur::fenetre: l'enfant a fermé le canal session=w-4 images=0
2026-08-02T18:43:04.834092Z  INFO agent::capteur::tube: attaché au capteur session=w-4 sortie=\\.\DISPLAY6 largeur=1280 hauteur=720
2026-08-02T18:43:04.834145Z  INFO agent::encode::arret: IMFShutdown::Shutdown : avant mft="encodeur"
2026-08-02T18:43:04.834152Z  INFO agent::capteur::distante: canal rattaché au capteur largeur=1280 hauteur=720
2026-08-02T18:43:04.834179Z  INFO agent::encode: convertisseur BGRA→NV12 (Video Processor MFT) configuré converter_provides_samples=true
2026-08-02T18:43:04.834507Z  INFO agent::capteur::fenetre: fenêtre attachée au capteur session=w-2 sortie=\\.\DISPLAY5 largeur=1280 hauteur=720
2026-08-02T18:43:04.834519Z  INFO agent::capteur::tube: attaché au capteur session=w-2 sortie=\\.\DISPLAY5 largeur=1280 hauteur=720
2026-08-02T18:43:04.834522Z  INFO agent::capteur::fenetre: l'enfant a fermé le canal session=w-2 images=0
2026-08-02T18:43:04.834565Z  INFO agent::capteur::distante: canal rattaché au capteur largeur=1280 hauteur=720
2026-08-02T18:43:04.834590Z  INFO agent::encode::arret: IMFShutdown::Shutdown : avant mft="encodeur"
2026-08-02T18:43:04.834651Z  INFO agent::encode::arret: IMFShutdown::Shutdown : après mft="encodeur"
2026-08-02T18:43:04.835197Z  INFO agent::encode::arret: IMFShutdown::Shutdown : après mft="encodeur"
2026-08-02T18:43:04.854795Z  WARN agent::capteur::serveur: DIAGNOSTIC : fil lecteur de commandes NON lancé
2026-08-02T18:43:04.855260Z  INFO agent::capture::ouverture: sortie retenue pour la duplication adaptateur=NVIDIA GeForce RTX 4070 index_adaptateur=0 index_sortie=2 nom_sortie=\\.\DISPLAY6 attachee=true
2026-08-02T18:43:04.865006Z  WARN agent::capteur::serveur: DIAGNOSTIC : fil lecteur de commandes NON lancé
2026-08-02T18:43:04.865370Z  INFO agent::capture::ouverture: sortie retenue pour la duplication adaptateur=NVIDIA GeForce RTX 4070 index_adaptateur=0 index_sortie=1 nom_sortie=\\.\DISPLAY5 attachee=true
2026-08-02T18:43:04.919179Z  INFO agent::capture::ouverture: protection multi-fils activée sur le contexte immédiat D3D11 protection_precedente=false
2026-08-02T18:43:04.919416Z  INFO agent::capture: duplication de sortie établie desktop_width=1280 desktop_height=720
2026-08-02T18:43:04.919454Z  INFO agent::encode: encodeur matériel retenu encodeur=NVIDIA H.264 Encoder MFT
2026-08-02T18:43:04.936624Z  INFO agent::capture::ouverture: protection multi-fils activée sur le contexte immédiat D3D11 protection_precedente=false
2026-08-02T18:43:04.936867Z  INFO agent::capture: duplication de sortie établie desktop_width=1280 desktop_height=720
2026-08-02T18:43:04.936909Z  INFO agent::encode: encodeur matériel retenu encodeur=NVIDIA H.264 Encoder MFT
2026-08-02T18:43:05.025095Z  INFO agent::encode::arret: file de travail sérialisée imposée mft="encodeur" file=14025738
2026-08-02T18:43:05.025292Z  INFO agent::encode::arret: file de travail sérialisée imposée mft="encodeur" file=23069708
2026-08-02T18:43:05.025326Z  INFO agent::encode: convertisseur BGRA→NV12 (Video Processor MFT) configuré converter_provides_samples=true
2026-08-02T18:43:05.025487Z  INFO agent::encode: convertisseur BGRA→NV12 (Video Processor MFT) configuré converter_provides_samples=true
2026-08-02T18:43:05.025592Z  INFO agent::capteur::fenetre: fenêtre attachée au capteur session=w-4 sortie=\\.\DISPLAY6 largeur=1280 hauteur=720
2026-08-02T18:43:05.025603Z  INFO agent::capteur::fenetre: l'enfant a fermé le canal session=w-4 images=0
2026-08-02T18:43:05.025608Z  INFO agent::capteur::tube: attaché au capteur session=w-4 sortie=\\.\DISPLAY6 largeur=1280 hauteur=720
2026-08-02T18:43:05.025651Z  INFO agent::encode::arret: IMFShutdown::Shutdown : avant mft="encodeur"
2026-08-02T18:43:05.025679Z  INFO agent::capteur::distante: canal rattaché au capteur largeur=1280 hauteur=720
2026-08-02T18:43:05.025719Z  INFO agent::capteur::fenetre: fenêtre attachée au capteur session=w-2 sortie=\\.\DISPLAY5 largeur=1280 hauteur=720
2026-08-02T18:43:05.025731Z  INFO agent::capteur::fenetre: l'enfant a fermé le canal session=w-2 images=0
2026-08-02T18:43:05.025746Z  INFO agent::capteur::tube: attaché au capteur session=w-2 sortie=\\.\DISPLAY5 largeur=1280 hauteur=720
2026-08-02T18:43:05.025784Z  INFO agent::encode::arret: IMFShutdown::Shutdown : avant mft="encodeur"
2026-08-02T18:43:05.025802Z  INFO agent::capteur::distante: canal rattaché au capteur largeur=1280 hauteur=720
2026-08-02T18:43:05.026224Z  INFO agent::encode::arret: IMFShutdown::Shutdown : après mft="encodeur"
2026-08-02T18:43:05.026412Z  INFO agent::encode::arret: IMFShutdown::Shutdown : après mft="encodeur"
2026-08-02T18:43:05.046051Z  WARN agent::capteur::serveur: DIAGNOSTIC : fil lecteur de commandes NON lancé
2026-08-02T18:43:05.046505Z  INFO agent::capture::ouverture: sortie retenue pour la duplication adaptateur=NVIDIA GeForce RTX 4070 index_adaptateur=0 index_sortie=2 nom_sortie=\\.\DISPLAY6 attachee=true
2026-08-02T18:43:05.056143Z  WARN agent::capteur::serveur: DIAGNOSTIC : fil lecteur de commandes NON lancé
2026-08-02T18:43:05.056478Z  INFO agent::capture::ouverture: sortie retenue pour la duplication adaptateur=NVIDIA GeForce RTX 4070 index_adaptateur=0 index_sortie=1 nom_sortie=\\.\DISPLAY5 attachee=true
2026-08-02T18:43:05.111393Z  INFO agent::capture::ouverture: protection multi-fils activée sur le contexte immédiat D3D11 protection_precedente=false
2026-08-02T18:43:05.111621Z  INFO agent::capture: duplication de sortie établie desktop_width=1280 desktop_height=720
2026-08-02T18:43:05.111661Z  INFO agent::encode: encodeur matériel retenu encodeur=NVIDIA H.264 Encoder MFT
2026-08-02T18:43:05.129065Z  INFO agent::capture::ouverture: protection multi-fils activée sur le contexte immédiat D3D11 protection_precedente=false
2026-08-02T18:43:05.129305Z  INFO agent::capture: duplication de sortie établie desktop_width=1280 desktop_height=720
2026-08-02T18:43:05.129347Z  INFO agent::encode: encodeur matériel retenu encodeur=NVIDIA H.264 Encoder MFT
2026-08-02T18:43:05.209648Z  INFO agent::encode::arret: file de travail sérialisée imposée mft="encodeur" file=14025744
2026-08-02T18:43:05.209940Z  INFO agent::encode: convertisseur BGRA→NV12 (Video Processor MFT) configuré converter_provides_samples=true
2026-08-02T18:43:05.210268Z  INFO agent::capteur::fenetre: fenêtre attachée au capteur session=w-4 sortie=\\.\DISPLAY6 largeur=1280 hauteur=720
2026-08-02T18:43:05.210282Z  INFO agent::capteur::fenetre: l'enfant a fermé le canal session=w-4 images=0
2026-08-02T18:43:05.210281Z  INFO agent::capteur::tube: attaché au capteur session=w-4 sortie=\\.\DISPLAY6 largeur=1280 hauteur=720
2026-08-02T18:43:05.210337Z  INFO agent::capteur::distante: canal rattaché au capteur largeur=1280 hauteur=720
2026-08-02T18:43:05.210344Z  INFO agent::encode::arret: IMFShutdown::Shutdown : avant mft="encodeur"
2026-08-02T18:43:05.212795Z  INFO agent::encode::arret: IMFShutdown::Shutdown : après mft="encodeur"
2026-08-02T18:43:05.222756Z  INFO agent::encode::arret: file de travail sérialisée imposée mft="encodeur" file=23200786
2026-08-02T18:43:05.223005Z  INFO agent::encode: convertisseur BGRA→NV12 (Video Processor MFT) configuré converter_provides_samples=true
2026-08-02T18:43:05.223346Z  INFO agent::capteur::fenetre: fenêtre attachée au capteur session=w-2 sortie=\\.\DISPLAY5 largeur=1280 hauteur=720
2026-08-02T18:43:05.223357Z  INFO agent::capteur::fenetre: l'enfant a fermé le canal session=w-2 images=0
2026-08-02T18:43:05.223375Z  INFO agent::capteur::tube: attaché au capteur session=w-2 sortie=\\.\DISPLAY5 largeur=1280 hauteur=720
2026-08-02T18:43:05.223418Z  INFO agent::encode::arret: IMFShutdown::Shutdown : avant mft="encodeur"
2026-08-02T18:43:05.223430Z  INFO agent::capteur::distante: canal rattaché au capteur largeur=1280 hauteur=720
2026-08-02T18:43:05.224020Z  INFO agent::encode::arret: IMFShutdown::Shutdown : après mft="encodeur"
2026-08-02T18:43:05.242834Z  WARN agent::capteur::serveur: DIAGNOSTIC : fil lecteur de commandes NON lancé
2026-08-02T18:43:05.243251Z  INFO agent::capture::ouverture: sortie retenue pour la duplication adaptateur=NVIDIA GeForce RTX 4070 index_adaptateur=0 index_sortie=2 nom_sortie=\\.\DISPLAY6 attachee=true
2026-08-02T18:43:05.244025Z  WARN agent::capteur::serveur: DIAGNOSTIC : fil lecteur de commandes NON lancé
2026-08-02T18:43:05.244315Z  INFO agent::capture::ouverture: sortie retenue pour la duplication adaptateur=NVIDIA GeForce RTX 4070 index_adaptateur=0 index_sortie=1 nom_sortie=\\.\DISPLAY5 attachee=true
2026-08-02T18:43:05.306533Z  INFO agent::capture::ouverture: protection multi-fils activée sur le contexte immédiat D3D11 protection_precedente=false
2026-08-02T18:43:05.307533Z  INFO agent::capture: duplication de sortie établie desktop_width=1280 desktop_height=720
2026-08-02T18:43:05.307574Z  INFO agent::encode: encodeur matériel retenu encodeur=NVIDIA H.264 Encoder MFT
2026-08-02T18:43:05.323892Z  INFO agent::capture::ouverture: protection multi-fils activée sur le contexte immédiat D3D11 protection_precedente=false
2026-08-02T18:43:05.324123Z  INFO agent::capture: duplication de sortie établie desktop_width=1280 desktop_height=720
2026-08-02T18:43:05.324165Z  INFO agent::encode: encodeur matériel retenu encodeur=NVIDIA H.264 Encoder MFT
2026-08-02T18:43:05.411830Z  INFO agent::encode::arret: file de travail sérialisée imposée mft="encodeur" file=23331864
2026-08-02T18:43:05.411918Z  INFO agent::encode::arret: file de travail sérialisée imposée mft="encodeur" file=14025750
2026-08-02T18:43:05.412118Z  INFO agent::encode: convertisseur BGRA→NV12 (Video Processor MFT) configuré converter_provides_samples=true
2026-08-02T18:43:05.412119Z  INFO agent::encode: convertisseur BGRA→NV12 (Video Processor MFT) configuré converter_provides_samples=true
2026-08-02T18:43:05.412389Z  INFO agent::capteur::fenetre: fenêtre attachée au capteur session=w-4 sortie=\\.\DISPLAY6 largeur=1280 hauteur=720
2026-08-02T18:43:05.412399Z  INFO agent::capteur::fenetre: l'enfant a fermé le canal session=w-4 images=0
2026-08-02T18:43:05.412402Z  INFO agent::capteur::tube: attaché au capteur session=w-4 sortie=\\.\DISPLAY6 largeur=1280 hauteur=720
2026-08-02T18:43:05.412454Z  INFO agent::capteur::distante: canal rattaché au capteur largeur=1280 hauteur=720
2026-08-02T18:43:05.412459Z  INFO agent::encode::arret: IMFShutdown::Shutdown : avant mft="encodeur"
2026-08-02T18:43:05.412465Z  INFO agent::capteur::fenetre: fenêtre attachée au capteur session=w-2 sortie=\\.\DISPLAY5 largeur=1280 hauteur=720
2026-08-02T18:43:05.412476Z  INFO agent::capteur::fenetre: l'enfant a fermé le canal session=w-2 images=0
2026-08-02T18:43:05.412482Z  INFO agent::capteur::tube: attaché au capteur session=w-2 sortie=\\.\DISPLAY5 largeur=1280 hauteur=720
2026-08-02T18:43:05.412514Z  INFO agent::encode::arret: IMFShutdown::Shutdown : avant mft="encodeur"
2026-08-02T18:43:05.412536Z  INFO agent::capteur::distante: canal rattaché au capteur largeur=1280 hauteur=720
2026-08-02T18:43:05.413092Z  INFO agent::encode::arret: IMFShutdown::Shutdown : après mft="encodeur"
2026-08-02T18:43:05.413266Z  INFO agent::encode::arret: IMFShutdown::Shutdown : après mft="encodeur"
2026-08-02T18:43:05.433568Z  WARN agent::capteur::serveur: DIAGNOSTIC : fil lecteur de commandes NON lancé
2026-08-02T18:43:05.434021Z  INFO agent::capture::ouverture: sortie retenue pour la duplication adaptateur=NVIDIA GeForce RTX 4070 index_adaptateur=0 index_sortie=2 nom_sortie=\\.\DISPLAY6 attachee=true
2026-08-02T18:43:05.443521Z  WARN agent::capteur::serveur: DIAGNOSTIC : fil lecteur de commandes NON lancé
2026-08-02T18:43:05.443892Z  INFO agent::capture::ouverture: sortie retenue pour la duplication adaptateur=NVIDIA GeForce RTX 4070 index_adaptateur=0 index_sortie=1 nom_sortie=\\.\DISPLAY5 attachee=true
2026-08-02T18:43:05.496060Z  INFO agent::capture::ouverture: protection multi-fils activée sur le contexte immédiat D3D11 protection_precedente=false
2026-08-02T18:43:05.496308Z  INFO agent::capture: duplication de sortie établie desktop_width=1280 desktop_height=720
2026-08-02T18:43:05.496352Z  INFO agent::encode: encodeur matériel retenu encodeur=NVIDIA H.264 Encoder MFT
2026-08-02T18:43:05.514208Z  INFO agent::capture::ouverture: protection multi-fils activée sur le contexte immédiat D3D11 protection_precedente=false
2026-08-02T18:43:05.514456Z  INFO agent::capture: duplication de sortie établie desktop_width=1280 desktop_height=720
2026-08-02T18:43:05.514497Z  INFO agent::encode: encodeur matériel retenu encodeur=NVIDIA H.264 Encoder MFT
2026-08-02T18:43:05.604965Z  INFO agent::encode::arret: file de travail sérialisée imposée mft="encodeur" file=14025756
2026-08-02T18:43:05.605194Z  INFO agent::encode: convertisseur BGRA→NV12 (Video Processor MFT) configuré converter_provides_samples=true
2026-08-02T18:43:05.605256Z  INFO agent::encode::arret: file de travail sérialisée imposée mft="encodeur" file=23462942
2026-08-02T18:43:05.605450Z  INFO agent::encode: convertisseur BGRA→NV12 (Video Processor MFT) configuré converter_provides_samples=true
2026-08-02T18:43:05.605462Z  INFO agent::capteur::fenetre: fenêtre attachée au capteur session=w-4 sortie=\\.\DISPLAY6 largeur=1280 hauteur=720
2026-08-02T18:43:05.605470Z  INFO agent::capteur::fenetre: l'enfant a fermé le canal session=w-4 images=0
2026-08-02T18:43:05.605478Z  INFO agent::capteur::tube: attaché au capteur session=w-4 sortie=\\.\DISPLAY6 largeur=1280 hauteur=720
2026-08-02T18:43:05.605516Z  INFO agent::encode::arret: IMFShutdown::Shutdown : avant mft="encodeur"
2026-08-02T18:43:05.605538Z  INFO agent::capteur::distante: canal rattaché au capteur largeur=1280 hauteur=720
2026-08-02T18:43:05.605732Z  INFO agent::capteur::fenetre: fenêtre attachée au capteur session=w-2 sortie=\\.\DISPLAY5 largeur=1280 hauteur=720
2026-08-02T18:43:05.605743Z  INFO agent::capteur::fenetre: l'enfant a fermé le canal session=w-2 images=0
2026-08-02T18:43:05.605743Z  INFO agent::capteur::tube: attaché au capteur session=w-2 sortie=\\.\DISPLAY5 largeur=1280 hauteur=720
2026-08-02T18:43:05.605792Z  INFO agent::encode::arret: IMFShutdown::Shutdown : avant mft="encodeur"
2026-08-02T18:43:05.605796Z  INFO agent::capteur::distante: canal rattaché au capteur largeur=1280 hauteur=720
2026-08-02T18:43:05.605805Z  INFO agent::transport::cadence_video: cadence de la piste vidéo (côté enfant) session=w-2 unites=0 cadence="0.0"
2026-08-02T18:43:05.606228Z  INFO agent::encode::arret: IMFShutdown::Shutdown : après mft="encodeur"
2026-08-02T18:43:05.606451Z  INFO agent::encode::arret: IMFShutdown::Shutdown : après mft="encodeur"
2026-08-02T18:43:05.626974Z  WARN agent::capteur::serveur: DIAGNOSTIC : fil lecteur de commandes NON lancé
2026-08-02T18:43:05.627476Z  INFO agent::capture::ouverture: sortie retenue pour la duplication adaptateur=NVIDIA GeForce RTX 4070 index_adaptateur=0 index_sortie=1 nom_sortie=\\.\DISPLAY5 attachee=true
2026-08-02T18:43:05.635886Z  WARN agent::capteur::serveur: DIAGNOSTIC : fil lecteur de commandes NON lancé
2026-08-02T18:43:05.636239Z  INFO agent::capture::ouverture: sortie retenue pour la duplication adaptateur=NVIDIA GeForce RTX 4070 index_adaptateur=0 index_sortie=2 nom_sortie=\\.\DISPLAY6 attachee=true
2026-08-02T18:43:05.691329Z  INFO agent::capture::ouverture: protection multi-fils activée sur le contexte immédiat D3D11 protection_precedente=false
2026-08-02T18:43:05.691563Z  INFO agent::capture: duplication de sortie établie desktop_width=1280 desktop_height=720
2026-08-02T18:43:05.691608Z  INFO agent::encode: encodeur matériel retenu encodeur=NVIDIA H.264 Encoder MFT
2026-08-02T18:43:05.709105Z  INFO agent::capture::ouverture: protection multi-fils activée sur le contexte immédiat D3D11 protection_precedente=false
2026-08-02T18:43:05.709351Z  INFO agent::capture: duplication de sortie établie desktop_width=1280 desktop_height=720
2026-08-02T18:43:05.709392Z  INFO agent::encode: encodeur matériel retenu encodeur=NVIDIA H.264 Encoder MFT
2026-08-02T18:43:05.791197Z  INFO agent::encode::arret: file de travail sérialisée imposée mft="encodeur" file=14025762
2026-08-02T18:43:05.791431Z  INFO agent::encode: convertisseur BGRA→NV12 (Video Processor MFT) configuré converter_provides_samples=true
2026-08-02T18:43:05.791732Z  INFO agent::capteur::fenetre: fenêtre attachée au capteur session=w-2 sortie=\\.\DISPLAY5 largeur=1280 hauteur=720
2026-08-02T18:43:05.791743Z  INFO agent::capteur::fenetre: l'enfant a fermé le canal session=w-2 images=0
2026-08-02T18:43:05.791748Z  INFO agent::capteur::tube: attaché au capteur session=w-2 sortie=\\.\DISPLAY5 largeur=1280 hauteur=720
2026-08-02T18:43:05.791804Z  INFO agent::capteur::distante: canal rattaché au capteur largeur=1280 hauteur=720
2026-08-02T18:43:05.791805Z  INFO agent::encode::arret: IMFShutdown::Shutdown : avant mft="encodeur"
2026-08-02T18:43:05.792334Z  INFO agent::encode::arret: IMFShutdown::Shutdown : après mft="encodeur"
2026-08-02T18:43:05.803843Z  INFO agent::encode::arret: file de travail sérialisée imposée mft="encodeur" file=23594020
2026-08-02T18:43:05.804073Z  INFO agent::encode: convertisseur BGRA→NV12 (Video Processor MFT) configuré converter_provides_samples=true
2026-08-02T18:43:05.804514Z  INFO agent::capteur::fenetre: fenêtre attachée au capteur session=w-4 sortie=\\.\DISPLAY6 largeur=1280 hauteur=720
2026-08-02T18:43:05.804525Z  INFO agent::capteur::fenetre: l'enfant a fermé le canal session=w-4 images=0
2026-08-02T18:43:05.804531Z  INFO agent::capteur::tube: attaché au capteur session=w-4 sortie=\\.\DISPLAY6 largeur=1280 hauteur=720
2026-08-02T18:43:05.804574Z  INFO agent::encode::arret: IMFShutdown::Shutdown : avant mft="encodeur"
2026-08-02T18:43:05.804591Z  INFO agent::capteur::distante: canal rattaché au capteur largeur=1280 hauteur=720
2026-08-02T18:43:05.805316Z  INFO agent::encode::arret: IMFShutdown::Shutdown : après mft="encodeur"
2026-08-02T18:43:05.824573Z  WARN agent::capteur::serveur: DIAGNOSTIC : fil lecteur de commandes NON lancé
2026-08-02T18:43:05.824999Z  INFO agent::capture::ouverture: sortie retenue pour la duplication adaptateur=NVIDIA GeForce RTX 4070 index_adaptateur=0 index_sortie=1 nom_sortie=\\.\DISPLAY5 attachee=true
2026-08-02T18:43:05.825842Z  WARN agent::capteur::serveur: DIAGNOSTIC : fil lecteur de commandes NON lancé
2026-08-02T18:43:05.826175Z  INFO agent::capture::ouverture: sortie retenue pour la duplication adaptateur=NVIDIA GeForce RTX 4070 index_adaptateur=0 index_sortie=2 nom_sortie=\\.\DISPLAY6 attachee=true
2026-08-02T18:43:05.887177Z  INFO agent::capture::ouverture: protection multi-fils activée sur le contexte immédiat D3D11 protection_precedente=false
2026-08-02T18:43:05.887418Z  INFO agent::capture: duplication de sortie établie desktop_width=1280 desktop_height=720
2026-08-02T18:43:05.887461Z  INFO agent::encode: encodeur matériel retenu encodeur=NVIDIA H.264 Encoder MFT
2026-08-02T18:43:05.904857Z  INFO agent::capture::ouverture: protection multi-fils activée sur le contexte immédiat D3D11 protection_precedente=false
2026-08-02T18:43:05.905095Z  INFO agent::capture: duplication de sortie établie desktop_width=1280 desktop_height=720
2026-08-02T18:43:05.905138Z  INFO agent::encode: encodeur matériel retenu encodeur=NVIDIA H.264 Encoder MFT
2026-08-02T18:43:05.982401Z  INFO agent::encode::arret: file de travail sérialisée imposée mft="encodeur" file=23725098
2026-08-02T18:43:05.982629Z  INFO agent::encode: convertisseur BGRA→NV12 (Video Processor MFT) configuré converter_provides_samples=true
2026-08-02T18:43:05.982936Z  INFO agent::capteur::fenetre: fenêtre attachée au capteur session=w-4 sortie=\\.\DISPLAY6 largeur=1280 hauteur=720
2026-08-02T18:43:05.982946Z  INFO agent::capteur::fenetre: l'enfant a fermé le canal session=w-4 images=0
2026-08-02T18:43:05.982951Z  INFO agent::capteur::tube: attaché au capteur session=w-4 sortie=\\.\DISPLAY6 largeur=1280 hauteur=720
2026-08-02T18:43:05.982998Z  INFO agent::encode::arret: IMFShutdown::Shutdown : avant mft="encodeur"
2026-08-02T18:43:05.983004Z  INFO agent::capteur::distante: canal rattaché au capteur largeur=1280 hauteur=720
2026-08-02T18:43:05.983609Z  INFO agent::encode::arret: IMFShutdown::Shutdown : après mft="encodeur"
2026-08-02T18:43:05.998366Z  INFO agent::encode::arret: file de travail sérialisée imposée mft="encodeur" file=14025768
2026-08-02T18:43:05.998596Z  INFO agent::encode: convertisseur BGRA→NV12 (Video Processor MFT) configuré converter_provides_samples=true
2026-08-02T18:43:05.998930Z  INFO agent::capteur::fenetre: fenêtre attachée au capteur session=w-2 sortie=\\.\DISPLAY5 largeur=1280 hauteur=720
2026-08-02T18:43:05.998943Z  INFO agent::capteur::fenetre: l'enfant a fermé le canal session=w-2 images=0
2026-08-02T18:43:05.998944Z  INFO agent::capteur::tube: attaché au capteur session=w-2 sortie=\\.\DISPLAY5 largeur=1280 hauteur=720
2026-08-02T18:43:05.998996Z  INFO agent::encode::arret: IMFShutdown::Shutdown : avant mft="encodeur"
2026-08-02T18:43:05.998999Z  INFO agent::capteur::distante: canal rattaché au capteur largeur=1280 hauteur=720
2026-08-02T18:43:05.999594Z  INFO agent::encode::arret: IMFShutdown::Shutdown : après mft="encodeur"
2026-08-02T18:43:06.015074Z  WARN agent::capteur::serveur: DIAGNOSTIC : fil lecteur de commandes NON lancé
2026-08-02T18:43:06.015501Z  INFO agent::capture::ouverture: sortie retenue pour la duplication adaptateur=NVIDIA GeForce RTX 4070 index_adaptateur=0 index_sortie=2 nom_sortie=\\.\DISPLAY6 attachee=true
2026-08-02T18:43:06.019670Z  WARN agent::capteur::serveur: DIAGNOSTIC : fil lecteur de commandes NON lancé
2026-08-02T18:43:06.020021Z  INFO agent::capture::ouverture: sortie retenue pour la duplication adaptateur=NVIDIA GeForce RTX 4070 index_adaptateur=0 index_sortie=1 nom_sortie=\\.\DISPLAY5 attachee=true
2026-08-02T18:43:06.076774Z  INFO agent::capture::ouverture: protection multi-fils activée sur le contexte immédiat D3D11 protection_precedente=false
2026-08-02T18:43:06.077004Z  INFO agent::capture: duplication de sortie établie desktop_width=1280 desktop_height=720
2026-08-02T18:43:06.077043Z  INFO agent::encode: encodeur matériel retenu encodeur=NVIDIA H.264 Encoder MFT
2026-08-02T18:43:06.094161Z  INFO agent::capture::ouverture: protection multi-fils activée sur le contexte immédiat D3D11 protection_precedente=false
2026-08-02T18:43:06.094404Z  INFO agent::capture: duplication de sortie établie desktop_width=1280 desktop_height=720
2026-08-02T18:43:06.094448Z  INFO agent::encode: encodeur matériel retenu encodeur=NVIDIA H.264 Encoder MFT
2026-08-02T18:43:06.182783Z  INFO agent::encode::arret: file de travail sérialisée imposée mft="encodeur" file=14025774
2026-08-02T18:43:06.183022Z  INFO agent::encode: convertisseur BGRA→NV12 (Video Processor MFT) configuré converter_provides_samples=true
2026-08-02T18:43:06.183133Z  INFO agent::encode::arret: file de travail sérialisée imposée mft="encodeur" file=23856176
2026-08-02T18:43:06.183352Z  INFO agent::capteur::fenetre: fenêtre attachée au capteur session=w-4 sortie=\\.\DISPLAY6 largeur=1280 hauteur=720
2026-08-02T18:43:06.183363Z  INFO agent::capteur::fenetre: l'enfant a fermé le canal session=w-4 images=0
2026-08-02T18:43:06.183366Z  INFO agent::encode: convertisseur BGRA→NV12 (Video Processor MFT) configuré converter_provides_samples=true
2026-08-02T18:43:06.183412Z  INFO agent::capteur::tube: attaché au capteur session=w-4 sortie=\\.\DISPLAY6 largeur=1280 hauteur=720
2026-08-02T18:43:06.183426Z  INFO agent::encode::arret: IMFShutdown::Shutdown : avant mft="encodeur"
2026-08-02T18:43:06.183467Z  INFO agent::capteur::distante: canal rattaché au capteur largeur=1280 hauteur=720
2026-08-02T18:43:06.183695Z  INFO agent::capteur::fenetre: fenêtre attachée au capteur session=w-2 sortie=\\.\DISPLAY5 largeur=1280 hauteur=720
2026-08-02T18:43:06.183706Z  INFO agent::capteur::fenetre: l'enfant a fermé le canal session=w-2 images=0
2026-08-02T18:43:06.183706Z  INFO agent::capteur::tube: attaché au capteur session=w-2 sortie=\\.\DISPLAY5 largeur=1280 hauteur=720
2026-08-02T18:43:06.183744Z  INFO agent::capteur::distante: canal rattaché au capteur largeur=1280 hauteur=720
2026-08-02T18:43:06.183753Z  INFO agent::encode::arret: IMFShutdown::Shutdown : avant mft="encodeur"
2026-08-02T18:43:06.183987Z  INFO agent::encode::arret: IMFShutdown::Shutdown : après mft="encodeur"
2026-08-02T18:43:06.184411Z  INFO agent::encode::arret: IMFShutdown::Shutdown : après mft="encodeur"
2026-08-02T18:43:06.206047Z  WARN agent::capteur::serveur: DIAGNOSTIC : fil lecteur de commandes NON lancé
2026-08-02T18:43:06.206544Z  INFO agent::capture::ouverture: sortie retenue pour la duplication adaptateur=NVIDIA GeForce RTX 4070 index_adaptateur=0 index_sortie=2 nom_sortie=\\.\DISPLAY6 attachee=true
2026-08-02T18:43:06.214545Z  WARN agent::capteur::serveur: DIAGNOSTIC : fil lecteur de commandes NON lancé
2026-08-02T18:43:06.214864Z  INFO agent::capture::ouverture: sortie retenue pour la duplication adaptateur=NVIDIA GeForce RTX 4070 index_adaptateur=0 index_sortie=1 nom_sortie=\\.\DISPLAY5 attachee=true
2026-08-02T18:43:06.268430Z  INFO agent::capture::ouverture: protection multi-fils activée sur le contexte immédiat D3D11 protection_precedente=false
2026-08-02T18:43:06.268682Z  INFO agent::capture: duplication de sortie établie desktop_width=1280 desktop_height=720
2026-08-02T18:43:06.268721Z  INFO agent::encode: encodeur matériel retenu encodeur=NVIDIA H.264 Encoder MFT
2026-08-02T18:43:06.286626Z  INFO agent::capture::ouverture: protection multi-fils activée sur le contexte immédiat D3D11 protection_precedente=false
2026-08-02T18:43:06.286878Z  INFO agent::capture: duplication de sortie établie desktop_width=1280 desktop_height=720
2026-08-02T18:43:06.286918Z  INFO agent::encode: encodeur matériel retenu encodeur=NVIDIA H.264 Encoder MFT
2026-08-02T18:43:06.374085Z  INFO agent::encode::arret: file de travail sérialisée imposée mft="encodeur" file=23987254
2026-08-02T18:43:06.374317Z  INFO agent::encode: convertisseur BGRA→NV12 (Video Processor MFT) configuré converter_provides_samples=true
2026-08-02T18:43:06.374356Z  INFO agent::encode::arret: file de travail sérialisée imposée mft="encodeur" file=14025780
2026-08-02T18:43:06.374536Z  INFO agent::encode: convertisseur BGRA→NV12 (Video Processor MFT) configuré converter_provides_samples=true
2026-08-02T18:43:06.374596Z  INFO agent::capteur::fenetre: fenêtre attachée au capteur session=w-2 sortie=\\.\DISPLAY5 largeur=1280 hauteur=720
2026-08-02T18:43:06.374605Z  INFO agent::capteur::fenetre: l'enfant a fermé le canal session=w-2 images=0
2026-08-02T18:43:06.374611Z  INFO agent::capteur::tube: attaché au capteur session=w-2 sortie=\\.\DISPLAY5 largeur=1280 hauteur=720
2026-08-02T18:43:06.374650Z  INFO agent::encode::arret: IMFShutdown::Shutdown : avant mft="encodeur"
2026-08-02T18:43:06.374666Z  INFO agent::capteur::distante: canal rattaché au capteur largeur=1280 hauteur=720
2026-08-02T18:43:06.374799Z  INFO agent::capteur::tube: attaché au capteur session=w-4 sortie=\\.\DISPLAY6 largeur=1280 hauteur=720
2026-08-02T18:43:06.374790Z  INFO agent::capteur::fenetre: fenêtre attachée au capteur session=w-4 sortie=\\.\DISPLAY6 largeur=1280 hauteur=720
2026-08-02T18:43:06.374820Z  INFO agent::capteur::fenetre: l'enfant a fermé le canal session=w-4 images=0
2026-08-02T18:43:06.374836Z  INFO agent::capteur::distante: canal rattaché au capteur largeur=1280 hauteur=720
2026-08-02T18:43:06.374867Z  INFO agent::encode::arret: IMFShutdown::Shutdown : avant mft="encodeur"
2026-08-02T18:43:06.375268Z  INFO agent::encode::arret: IMFShutdown::Shutdown : après mft="encodeur"
2026-08-02T18:43:06.375557Z  INFO agent::encode::arret: IMFShutdown::Shutdown : après mft="encodeur"
2026-08-02T18:43:06.395350Z  WARN agent::capteur::serveur: DIAGNOSTIC : fil lecteur de commandes NON lancé
2026-08-02T18:43:06.399017Z  INFO agent::capture::ouverture: sortie retenue pour la duplication adaptateur=NVIDIA GeForce RTX 4070 index_adaptateur=0 index_sortie=1 nom_sortie=\\.\DISPLAY5 attachee=true
2026-08-02T18:43:06.406025Z  WARN agent::capteur::serveur: DIAGNOSTIC : fil lecteur de commandes NON lancé
2026-08-02T18:43:06.406382Z  INFO agent::capture::ouverture: sortie retenue pour la duplication adaptateur=NVIDIA GeForce RTX 4070 index_adaptateur=0 index_sortie=2 nom_sortie=\\.\DISPLAY6 attachee=true
2026-08-02T18:43:06.465615Z  INFO agent::capture::ouverture: protection multi-fils activée sur le contexte immédiat D3D11 protection_precedente=false
2026-08-02T18:43:06.465898Z  INFO agent::capture: duplication de sortie établie desktop_width=1280 desktop_height=720
2026-08-02T18:43:06.465939Z  INFO agent::encode: encodeur matériel retenu encodeur=NVIDIA H.264 Encoder MFT
2026-08-02T18:43:06.483873Z  INFO agent::capture::ouverture: protection multi-fils activée sur le contexte immédiat D3D11 protection_precedente=false
2026-08-02T18:43:06.484122Z  INFO agent::capture: duplication de sortie établie desktop_width=1280 desktop_height=720
2026-08-02T18:43:06.484164Z  INFO agent::encode: encodeur matériel retenu encodeur=NVIDIA H.264 Encoder MFT
2026-08-02T18:43:06.569154Z  INFO agent::encode::arret: file de travail sérialisée imposée mft="encodeur" file=24118332
2026-08-02T18:43:06.569380Z  INFO agent::encode: convertisseur BGRA→NV12 (Video Processor MFT) configuré converter_provides_samples=true
2026-08-02T18:43:06.573091Z  INFO agent::capteur::fenetre: fenêtre attachée au capteur session=w-4 sortie=\\.\DISPLAY6 largeur=1280 hauteur=720
2026-08-02T18:43:06.573105Z  INFO agent::capteur::fenetre: l'enfant a fermé le canal session=w-4 images=0
2026-08-02T18:43:06.573107Z  INFO agent::capteur::tube: attaché au capteur session=w-4 sortie=\\.\DISPLAY6 largeur=1280 hauteur=720
2026-08-02T18:43:06.573153Z  INFO agent::encode::arret: IMFShutdown::Shutdown : avant mft="encodeur"
2026-08-02T18:43:06.573161Z  INFO agent::capteur::distante: canal rattaché au capteur largeur=1280 hauteur=720
2026-08-02T18:43:06.573630Z  INFO agent::encode::arret: IMFShutdown::Shutdown : après mft="encodeur"
2026-08-02T18:43:06.584219Z  INFO agent::encode::arret: file de travail sérialisée imposée mft="encodeur" file=14025786
2026-08-02T18:43:06.584504Z  INFO agent::encode: convertisseur BGRA→NV12 (Video Processor MFT) configuré converter_provides_samples=true
2026-08-02T18:43:06.584811Z  INFO agent::capteur::fenetre: fenêtre attachée au capteur session=w-2 sortie=\\.\DISPLAY5 largeur=1280 hauteur=720
2026-08-02T18:43:06.584820Z  INFO agent::capteur::fenetre: l'enfant a fermé le canal session=w-2 images=0
2026-08-02T18:43:06.584827Z  INFO agent::capteur::tube: attaché au capteur session=w-2 sortie=\\.\DISPLAY5 largeur=1280 hauteur=720
2026-08-02T18:43:06.584885Z  INFO agent::capteur::distante: canal rattaché au capteur largeur=1280 hauteur=720
2026-08-02T18:43:06.584885Z  INFO agent::encode::arret: IMFShutdown::Shutdown : avant mft="encodeur"
2026-08-02T18:43:06.585496Z  INFO agent::encode::arret: IMFShutdown::Shutdown : après mft="encodeur"
2026-08-02T18:43:06.593593Z  WARN agent::capteur::serveur: DIAGNOSTIC : fil lecteur de commandes NON lancé
2026-08-02T18:43:06.594092Z  INFO agent::capture::ouverture: sortie retenue pour la duplication adaptateur=NVIDIA GeForce RTX 4070 index_adaptateur=0 index_sortie=2 nom_sortie=\\.\DISPLAY6 attachee=true
2026-08-02T18:43:06.605355Z  WARN agent::capteur::serveur: DIAGNOSTIC : fil lecteur de commandes NON lancé
2026-08-02T18:43:06.605731Z  INFO agent::capture::ouverture: sortie retenue pour la duplication adaptateur=NVIDIA GeForce RTX 4070 index_adaptateur=0 index_sortie=1 nom_sortie=\\.\DISPLAY5 attachee=true
2026-08-02T18:43:06.615057Z  INFO agent::capture::ouverture: protection multi-fils activée sur le contexte immédiat D3D11 protection_precedente=false
2026-08-02T18:43:06.615302Z  INFO agent::capture: duplication de sortie établie desktop_width=1280 desktop_height=720
2026-08-02T18:43:06.615341Z  INFO agent::encode: encodeur matériel retenu encodeur=NVIDIA H.264 Encoder MFT
2026-08-02T18:43:06.633506Z  INFO agent::capture::ouverture: protection multi-fils activée sur le contexte immédiat D3D11 protection_precedente=false
2026-08-02T18:43:06.633732Z  INFO agent::capture: duplication de sortie établie desktop_width=1280 desktop_height=720
2026-08-02T18:43:06.633774Z  INFO agent::encode: encodeur matériel retenu encodeur=NVIDIA H.264 Encoder MFT
2026-08-02T18:43:06.722668Z  INFO agent::encode::arret: file de travail sérialisée imposée mft="encodeur" file=14025792
2026-08-02T18:43:06.722925Z  INFO agent::encode: convertisseur BGRA→NV12 (Video Processor MFT) configuré converter_provides_samples=true
2026-08-02T18:43:06.723194Z  INFO agent::capteur::fenetre: fenêtre attachée au capteur session=w-4 sortie=\\.\DISPLAY6 largeur=1280 hauteur=720
2026-08-02T18:43:06.723204Z  INFO agent::capteur::fenetre: l'enfant a fermé le canal session=w-4 images=0
2026-08-02T18:43:06.723213Z  INFO agent::capteur::tube: attaché au capteur session=w-4 sortie=\\.\DISPLAY6 largeur=1280 hauteur=720
2026-08-02T18:43:06.723260Z  INFO agent::encode::arret: IMFShutdown::Shutdown : avant mft="encodeur"
2026-08-02T18:43:06.723279Z  INFO agent::capteur::distante: canal rattaché au capteur largeur=1280 hauteur=720
2026-08-02T18:43:06.723677Z  INFO agent::encode::arret: file de travail sérialisée imposée mft="encodeur" file=24249410
2026-08-02T18:43:06.723736Z  INFO agent::encode::arret: IMFShutdown::Shutdown : après mft="encodeur"
2026-08-02T18:43:06.723863Z  INFO agent::encode: convertisseur BGRA→NV12 (Video Processor MFT) configuré converter_provides_samples=true
2026-08-02T18:43:06.724087Z  INFO agent::capteur::fenetre: fenêtre attachée au capteur session=w-2 sortie=\\.\DISPLAY5 largeur=1280 hauteur=720
2026-08-02T18:43:06.724098Z  INFO agent::capteur::fenetre: l'enfant a fermé le canal session=w-2 images=0
2026-08-02T18:43:06.724101Z  INFO agent::capteur::tube: attaché au capteur session=w-2 sortie=\\.\DISPLAY5 largeur=1280 hauteur=720
2026-08-02T18:43:06.724133Z  INFO agent::encode::arret: IMFShutdown::Shutdown : avant mft="encodeur"
2026-08-02T18:43:06.724153Z  INFO agent::capteur::distante: canal rattaché au capteur largeur=1280 hauteur=720
2026-08-02T18:43:06.724679Z  INFO agent::encode::arret: IMFShutdown::Shutdown : après mft="encodeur"
2026-08-02T18:43:06.744346Z  WARN agent::capteur::serveur: DIAGNOSTIC : fil lecteur de commandes NON lancé
2026-08-02T18:43:06.744808Z  INFO agent::capture::ouverture: sortie retenue pour la duplication adaptateur=NVIDIA GeForce RTX 4070 index_adaptateur=0 index_sortie=2 nom_sortie=\\.\DISPLAY6 attachee=true
2026-08-02T18:43:06.754694Z  WARN agent::capteur::serveur: DIAGNOSTIC : fil lecteur de commandes NON lancé
2026-08-02T18:43:06.755066Z  INFO agent::capture::ouverture: sortie retenue pour la duplication adaptateur=NVIDIA GeForce RTX 4070 index_adaptateur=0 index_sortie=1 nom_sortie=\\.\DISPLAY5 attachee=true
2026-08-02T18:43:06.807306Z  INFO agent::capture::ouverture: protection multi-fils activée sur le contexte immédiat D3D11 protection_precedente=false
2026-08-02T18:43:06.807542Z  INFO agent::capture: duplication de sortie établie desktop_width=1280 desktop_height=720
2026-08-02T18:43:06.807583Z  INFO agent::encode: encodeur matériel retenu encodeur=NVIDIA H.264 Encoder MFT
2026-08-02T18:43:06.825491Z  INFO agent::capture::ouverture: protection multi-fils activée sur le contexte immédiat D3D11 protection_precedente=false
2026-08-02T18:43:06.825731Z  INFO agent::capture: duplication de sortie établie desktop_width=1280 desktop_height=720
2026-08-02T18:43:06.825773Z  INFO agent::encode: encodeur matériel retenu encodeur=NVIDIA H.264 Encoder MFT
2026-08-02T18:43:06.914422Z  INFO agent::encode::arret: file de travail sérialisée imposée mft="encodeur" file=14025798
2026-08-02T18:43:06.914648Z  INFO agent::encode: convertisseur BGRA→NV12 (Video Processor MFT) configuré converter_provides_samples=true
2026-08-02T18:43:06.914928Z  INFO agent::capteur::fenetre: fenêtre attachée au capteur session=w-4 sortie=\\.\DISPLAY6 largeur=1280 hauteur=720
2026-08-02T18:43:06.914939Z  INFO agent::capteur::fenetre: l'enfant a fermé le canal session=w-4 images=0
2026-08-02T18:43:06.914943Z  INFO agent::capteur::tube: attaché au capteur session=w-4 sortie=\\.\DISPLAY6 largeur=1280 hauteur=720
2026-08-02T18:43:06.914993Z  INFO agent::encode::arret: IMFShutdown::Shutdown : avant mft="encodeur"
2026-08-02T18:43:06.915005Z  INFO agent::capteur::distante: canal rattaché au capteur largeur=1280 hauteur=720
2026-08-02T18:43:06.915206Z  INFO agent::encode::arret: file de travail sérialisée imposée mft="encodeur" file=24380488
2026-08-02T18:43:06.915430Z  INFO agent::encode: convertisseur BGRA→NV12 (Video Processor MFT) configuré converter_provides_samples=true
2026-08-02T18:43:06.915448Z  INFO agent::encode::arret: IMFShutdown::Shutdown : après mft="encodeur"
2026-08-02T18:43:06.915676Z  INFO agent::capteur::fenetre: fenêtre attachée au capteur session=w-2 sortie=\\.\DISPLAY5 largeur=1280 hauteur=720
2026-08-02T18:43:06.915685Z  INFO agent::capteur::fenetre: l'enfant a fermé le canal session=w-2 images=0
2026-08-02T18:43:06.915687Z  INFO agent::capteur::tube: attaché au capteur session=w-2 sortie=\\.\DISPLAY5 largeur=1280 hauteur=720
2026-08-02T18:43:06.915723Z  INFO agent::encode::arret: IMFShutdown::Shutdown : avant mft="encodeur"
2026-08-02T18:43:06.915729Z  INFO agent::capteur::distante: canal rattaché au capteur largeur=1280 hauteur=720
2026-08-02T18:43:06.916269Z  INFO agent::encode::arret: IMFShutdown::Shutdown : après mft="encodeur"
2026-08-02T18:43:06.935647Z  WARN agent::capteur::serveur: DIAGNOSTIC : fil lecteur de commandes NON lancé
2026-08-02T18:43:06.936132Z  INFO agent::capture::ouverture: sortie retenue pour la duplication adaptateur=NVIDIA GeForce RTX 4070 index_adaptateur=0 index_sortie=2 nom_sortie=\\.\DISPLAY6 attachee=true
2026-08-02T18:43:06.946087Z  WARN agent::capteur::serveur: DIAGNOSTIC : fil lecteur de commandes NON lancé
2026-08-02T18:43:06.946469Z  INFO agent::capture::ouverture: sortie retenue pour la duplication adaptateur=NVIDIA GeForce RTX 4070 index_adaptateur=0 index_sortie=1 nom_sortie=\\.\DISPLAY5 attachee=true
2026-08-02T18:43:07.001828Z  INFO agent::capture::ouverture: protection multi-fils activée sur le contexte immédiat D3D11 protection_precedente=false
2026-08-02T18:43:07.002086Z  INFO agent::capture: duplication de sortie établie desktop_width=1280 desktop_height=720
2026-08-02T18:43:07.002125Z  INFO agent::encode: encodeur matériel retenu encodeur=NVIDIA H.264 Encoder MFT
2026-08-02T18:43:07.021699Z  INFO agent::capture::ouverture: protection multi-fils activée sur le contexte immédiat D3D11 protection_precedente=false
2026-08-02T18:43:07.021985Z  INFO agent::capture: duplication de sortie établie desktop_width=1280 desktop_height=720
2026-08-02T18:43:07.022026Z  INFO agent::encode: encodeur matériel retenu encodeur=NVIDIA H.264 Encoder MFT
2026-08-02T18:43:07.108005Z  INFO agent::encode::arret: file de travail sérialisée imposée mft="encodeur" file=24511566
2026-08-02T18:43:07.108235Z  INFO agent::encode: convertisseur BGRA→NV12 (Video Processor MFT) configuré converter_provides_samples=true
2026-08-02T18:43:07.108520Z  INFO agent::capteur::fenetre: fenêtre attachée au capteur session=w-2 sortie=\\.\DISPLAY5 largeur=1280 hauteur=720
2026-08-02T18:43:07.108530Z  INFO agent::capteur::fenetre: l'enfant a fermé le canal session=w-2 images=0
2026-08-02T18:43:07.108537Z  INFO agent::capteur::tube: attaché au capteur session=w-2 sortie=\\.\DISPLAY5 largeur=1280 hauteur=720
2026-08-02T18:43:07.108597Z  INFO agent::encode::arret: IMFShutdown::Shutdown : avant mft="encodeur"
2026-08-02T18:43:07.108601Z  INFO agent::capteur::distante: canal rattaché au capteur largeur=1280 hauteur=720
2026-08-02T18:43:07.108633Z  INFO agent::encode::arret: file de travail sérialisée imposée mft="encodeur" file=14025804
2026-08-02T18:43:07.108874Z  INFO agent::encode: convertisseur BGRA→NV12 (Video Processor MFT) configuré converter_provides_samples=true
2026-08-02T18:43:07.109054Z  INFO agent::encode::arret: IMFShutdown::Shutdown : après mft="encodeur"
2026-08-02T18:43:07.109151Z  INFO agent::capteur::fenetre: fenêtre attachée au capteur session=w-4 sortie=\\.\DISPLAY6 largeur=1280 hauteur=720
2026-08-02T18:43:07.109160Z  INFO agent::capteur::fenetre: l'enfant a fermé le canal session=w-4 images=0
2026-08-02T18:43:07.109163Z  INFO agent::capteur::tube: attaché au capteur session=w-4 sortie=\\.\DISPLAY6 largeur=1280 hauteur=720
2026-08-02T18:43:07.109196Z  INFO agent::encode::arret: IMFShutdown::Shutdown : avant mft="encodeur"
2026-08-02T18:43:07.109201Z  INFO agent::capteur::distante: canal rattaché au capteur largeur=1280 hauteur=720
2026-08-02T18:43:07.109783Z  INFO agent::encode::arret: IMFShutdown::Shutdown : après mft="encodeur"
2026-08-02T18:43:07.129134Z  WARN agent::capteur::serveur: DIAGNOSTIC : fil lecteur de commandes NON lancé
2026-08-02T18:43:07.129571Z  INFO agent::capture::ouverture: sortie retenue pour la duplication adaptateur=NVIDIA GeForce RTX 4070 index_adaptateur=0 index_sortie=1 nom_sortie=\\.\DISPLAY5 attachee=true
2026-08-02T18:43:07.139981Z  WARN agent::capteur::serveur: DIAGNOSTIC : fil lecteur de commandes NON lancé
2026-08-02T18:43:07.140385Z  INFO agent::capture::ouverture: sortie retenue pour la duplication adaptateur=NVIDIA GeForce RTX 4070 index_adaptateur=0 index_sortie=2 nom_sortie=\\.\DISPLAY6 attachee=true
2026-08-02T18:43:07.192069Z  INFO agent::capture::ouverture: protection multi-fils activée sur le contexte immédiat D3D11 protection_precedente=false
2026-08-02T18:43:07.192302Z  INFO agent::capture: duplication de sortie établie desktop_width=1280 desktop_height=720
2026-08-02T18:43:07.192340Z  INFO agent::encode: encodeur matériel retenu encodeur=NVIDIA H.264 Encoder MFT
2026-08-02T18:43:07.210033Z  INFO agent::capture::ouverture: protection multi-fils activée sur le contexte immédiat D3D11 protection_precedente=false
2026-08-02T18:43:07.210253Z  INFO agent::capture: duplication de sortie établie desktop_width=1280 desktop_height=720
2026-08-02T18:43:07.210294Z  INFO agent::encode: encodeur matériel retenu encodeur=NVIDIA H.264 Encoder MFT
2026-08-02T18:43:07.307161Z  INFO agent::encode::arret: file de travail sérialisée imposée mft="encodeur" file=14025810
2026-08-02T18:43:07.307399Z  INFO agent::encode: convertisseur BGRA→NV12 (Video Processor MFT) configuré converter_provides_samples=true
2026-08-02T18:43:07.307665Z  INFO agent::capteur::fenetre: fenêtre attachée au capteur session=w-2 sortie=\\.\DISPLAY5 largeur=1280 hauteur=720
2026-08-02T18:43:07.307675Z  INFO agent::capteur::fenetre: l'enfant a fermé le canal session=w-2 images=0
2026-08-02T18:43:07.307680Z  INFO agent::capteur::tube: attaché au capteur session=w-2 sortie=\\.\DISPLAY5 largeur=1280 hauteur=720
2026-08-02T18:43:07.307734Z  INFO agent::capteur::distante: canal rattaché au capteur largeur=1280 hauteur=720
2026-08-02T18:43:07.307736Z  INFO agent::encode::arret: IMFShutdown::Shutdown : avant mft="encodeur"
2026-08-02T18:43:07.307821Z  INFO agent::encode::arret: file de travail sérialisée imposée mft="encodeur" file=24642644
2026-08-02T18:43:07.308048Z  INFO agent::encode: convertisseur BGRA→NV12 (Video Processor MFT) configuré converter_provides_samples=true
2026-08-02T18:43:07.308208Z  INFO agent::encode::arret: IMFShutdown::Shutdown : après mft="encodeur"
2026-08-02T18:43:07.308313Z  INFO agent::capteur::fenetre: fenêtre attachée au capteur session=w-4 sortie=\\.\DISPLAY6 largeur=1280 hauteur=720
2026-08-02T18:43:07.308322Z  INFO agent::capteur::fenetre: l'enfant a fermé le canal session=w-4 images=0
2026-08-02T18:43:07.308325Z  INFO agent::capteur::tube: attaché au capteur session=w-4 sortie=\\.\DISPLAY6 largeur=1280 hauteur=720
2026-08-02T18:43:07.308370Z  INFO agent::encode::arret: IMFShutdown::Shutdown : avant mft="encodeur"
2026-08-02T18:43:07.308375Z  INFO agent::capteur::distante: canal rattaché au capteur largeur=1280 hauteur=720
2026-08-02T18:43:07.309016Z  INFO agent::encode::arret: IMFShutdown::Shutdown : après mft="encodeur"
2026-08-02T18:43:07.328060Z  WARN agent::capteur::serveur: DIAGNOSTIC : fil lecteur de commandes NON lancé
2026-08-02T18:43:07.328589Z  INFO agent::capture::ouverture: sortie retenue pour la duplication adaptateur=NVIDIA GeForce RTX 4070 index_adaptateur=0 index_sortie=1 nom_sortie=\\.\DISPLAY5 attachee=true
2026-08-02T18:43:07.338796Z  WARN agent::capteur::serveur: DIAGNOSTIC : fil lecteur de commandes NON lancé
2026-08-02T18:43:07.339157Z  INFO agent::capture::ouverture: sortie retenue pour la duplication adaptateur=NVIDIA GeForce RTX 4070 index_adaptateur=0 index_sortie=2 nom_sortie=\\.\DISPLAY6 attachee=true
2026-08-02T18:43:07.392872Z  INFO agent::capture::ouverture: protection multi-fils activée sur le contexte immédiat D3D11 protection_precedente=false
2026-08-02T18:43:07.393148Z  INFO agent::capture: duplication de sortie établie desktop_width=1280 desktop_height=720
2026-08-02T18:43:07.393189Z  INFO agent::encode: encodeur matériel retenu encodeur=NVIDIA H.264 Encoder MFT
2026-08-02T18:43:07.410569Z  INFO agent::capture::ouverture: protection multi-fils activée sur le contexte immédiat D3D11 protection_precedente=false
2026-08-02T18:43:07.410809Z  INFO agent::capture: duplication de sortie établie desktop_width=1280 desktop_height=720
2026-08-02T18:43:07.410848Z  INFO agent::encode: encodeur matériel retenu encodeur=NVIDIA H.264 Encoder MFT
2026-08-02T18:43:07.508678Z  INFO agent::encode::arret: file de travail sérialisée imposée mft="encodeur" file=14025816
2026-08-02T18:43:07.508928Z  INFO agent::encode: convertisseur BGRA→NV12 (Video Processor MFT) configuré converter_provides_samples=true
2026-08-02T18:43:07.508942Z  INFO agent::encode::arret: file de travail sérialisée imposée mft="encodeur" file=24773722
2026-08-02T18:43:07.509152Z  INFO agent::encode: convertisseur BGRA→NV12 (Video Processor MFT) configuré converter_provides_samples=true
2026-08-02T18:43:07.509254Z  INFO agent::capteur::fenetre: fenêtre attachée au capteur session=w-2 sortie=\\.\DISPLAY5 largeur=1280 hauteur=720
2026-08-02T18:43:07.509265Z  INFO agent::capteur::fenetre: l'enfant a fermé le canal session=w-2 images=0
2026-08-02T18:43:07.509269Z  INFO agent::capteur::tube: attaché au capteur session=w-2 sortie=\\.\DISPLAY5 largeur=1280 hauteur=720
2026-08-02T18:43:07.509326Z  INFO agent::capteur::distante: canal rattaché au capteur largeur=1280 hauteur=720
2026-08-02T18:43:07.509331Z  INFO agent::encode::arret: IMFShutdown::Shutdown : avant mft="encodeur"
2026-08-02T18:43:07.509415Z  INFO agent::capteur::fenetre: fenêtre attachée au capteur session=w-4 sortie=\\.\DISPLAY6 largeur=1280 hauteur=720
2026-08-02T18:43:07.509427Z  INFO agent::capteur::fenetre: l'enfant a fermé le canal session=w-4 images=0
2026-08-02T18:43:07.509431Z  INFO agent::capteur::tube: attaché au capteur session=w-4 sortie=\\.\DISPLAY6 largeur=1280 hauteur=720
2026-08-02T18:43:07.509488Z  INFO agent::capteur::distante: canal rattaché au capteur largeur=1280 hauteur=720
2026-08-02T18:43:07.509471Z  INFO agent::encode::arret: IMFShutdown::Shutdown : avant mft="encodeur"
2026-08-02T18:43:07.509943Z  INFO agent::encode::arret: IMFShutdown::Shutdown : après mft="encodeur"
2026-08-02T18:43:07.510168Z  INFO agent::encode::arret: IMFShutdown::Shutdown : après mft="encodeur"
2026-08-02T18:43:07.530239Z  WARN agent::capteur::serveur: DIAGNOSTIC : fil lecteur de commandes NON lancé
2026-08-02T18:43:07.530718Z  INFO agent::capture::ouverture: sortie retenue pour la duplication adaptateur=NVIDIA GeForce RTX 4070 index_adaptateur=0 index_sortie=2 nom_sortie=\\.\DISPLAY6 attachee=true
2026-08-02T18:43:07.540375Z  WARN agent::capteur::serveur: DIAGNOSTIC : fil lecteur de commandes NON lancé
2026-08-02T18:43:07.540757Z  INFO agent::capture::ouverture: sortie retenue pour la duplication adaptateur=NVIDIA GeForce RTX 4070 index_adaptateur=0 index_sortie=1 nom_sortie=\\.\DISPLAY5 attachee=true
2026-08-02T18:43:07.595468Z  INFO agent::capture::ouverture: protection multi-fils activée sur le contexte immédiat D3D11 protection_precedente=false
2026-08-02T18:43:07.595714Z  INFO agent::capture: duplication de sortie établie desktop_width=1280 desktop_height=720
2026-08-02T18:43:07.595755Z  INFO agent::encode: encodeur matériel retenu encodeur=NVIDIA H.264 Encoder MFT
2026-08-02T18:43:07.613303Z  INFO agent::capture::ouverture: protection multi-fils activée sur le contexte immédiat D3D11 protection_precedente=false
2026-08-02T18:43:07.613544Z  INFO agent::capture: duplication de sortie établie desktop_width=1280 desktop_height=720
2026-08-02T18:43:07.613588Z  INFO agent::encode: encodeur matériel retenu encodeur=NVIDIA H.264 Encoder MFT
2026-08-02T18:43:07.704526Z  INFO agent::encode::arret: file de travail sérialisée imposée mft="encodeur" file=24904800
2026-08-02T18:43:07.704754Z  INFO agent::encode: convertisseur BGRA→NV12 (Video Processor MFT) configuré converter_provides_samples=true
2026-08-02T18:43:07.705032Z  INFO agent::capteur::fenetre: fenêtre attachée au capteur session=w-2 sortie=\\.\DISPLAY5 largeur=1280 hauteur=720
2026-08-02T18:43:07.705043Z  INFO agent::capteur::fenetre: l'enfant a fermé le canal session=w-2 images=0
2026-08-02T18:43:07.705047Z  INFO agent::capteur::tube: attaché au capteur session=w-2 sortie=\\.\DISPLAY5 largeur=1280 hauteur=720
2026-08-02T18:43:07.705108Z  INFO agent::capteur::distante: canal rattaché au capteur largeur=1280 hauteur=720
2026-08-02T18:43:07.705114Z  INFO agent::encode::arret: IMFShutdown::Shutdown : avant mft="encodeur"
2026-08-02T18:43:07.705129Z  INFO agent::encode::arret: file de travail sérialisée imposée mft="encodeur" file=14025822
2026-08-02T18:43:07.705379Z  INFO agent::encode: convertisseur BGRA→NV12 (Video Processor MFT) configuré converter_provides_samples=true
2026-08-02T18:43:07.705620Z  INFO agent::encode::arret: IMFShutdown::Shutdown : après mft="encodeur"
2026-08-02T18:43:07.705659Z  INFO agent::capteur::fenetre: fenêtre attachée au capteur session=w-4 sortie=\\.\DISPLAY6 largeur=1280 hauteur=720
2026-08-02T18:43:07.705669Z  INFO agent::capteur::fenetre: l'enfant a fermé le canal session=w-4 images=0
2026-08-02T18:43:07.705671Z  INFO agent::capteur::tube: attaché au capteur session=w-4 sortie=\\.\DISPLAY6 largeur=1280 hauteur=720
2026-08-02T18:43:07.705712Z  INFO agent::capteur::distante: canal rattaché au capteur largeur=1280 hauteur=720
2026-08-02T18:43:07.705722Z  INFO agent::encode::arret: IMFShutdown::Shutdown : avant mft="encodeur"
2026-08-02T18:43:07.706301Z  INFO agent::encode::arret: IMFShutdown::Shutdown : après mft="encodeur"
2026-08-02T18:43:07.725658Z  WARN agent::capteur::serveur: DIAGNOSTIC : fil lecteur de commandes NON lancé
2026-08-02T18:43:07.726218Z  INFO agent::capture::ouverture: sortie retenue pour la duplication adaptateur=NVIDIA GeForce RTX 4070 index_adaptateur=0 index_sortie=1 nom_sortie=\\.\DISPLAY5 attachee=true
2026-08-02T18:43:07.736605Z  WARN agent::capteur::serveur: DIAGNOSTIC : fil lecteur de commandes NON lancé
2026-08-02T18:43:07.736983Z  INFO agent::capture::ouverture: sortie retenue pour la duplication adaptateur=NVIDIA GeForce RTX 4070 index_adaptateur=0 index_sortie=2 nom_sortie=\\.\DISPLAY6 attachee=true
2026-08-02T18:43:07.789522Z  INFO agent::capture::ouverture: protection multi-fils activée sur le contexte immédiat D3D11 protection_precedente=false
2026-08-02T18:43:07.790922Z  INFO agent::capture: duplication de sortie établie desktop_width=1280 desktop_height=720
2026-08-02T18:43:07.790967Z  INFO agent::encode: encodeur matériel retenu encodeur=NVIDIA H.264 Encoder MFT
2026-08-02T18:43:07.807593Z  INFO agent::capture::ouverture: protection multi-fils activée sur le contexte immédiat D3D11 protection_precedente=false
2026-08-02T18:43:07.807830Z  INFO agent::capture: duplication de sortie établie desktop_width=1280 desktop_height=720
2026-08-02T18:43:07.807871Z  INFO agent::encode: encodeur matériel retenu encodeur=NVIDIA H.264 Encoder MFT
2026-08-02T18:43:07.896832Z  INFO agent::encode::arret: file de travail sérialisée imposée mft="encodeur" file=25035878
2026-08-02T18:43:07.896955Z  INFO agent::encode::arret: file de travail sérialisée imposée mft="encodeur" file=14025828
2026-08-02T18:43:07.897060Z  INFO agent::encode: convertisseur BGRA→NV12 (Video Processor MFT) configuré converter_provides_samples=true
2026-08-02T18:43:07.897144Z  INFO agent::encode: convertisseur BGRA→NV12 (Video Processor MFT) configuré converter_provides_samples=true
2026-08-02T18:43:07.897348Z  INFO agent::capteur::fenetre: fenêtre attachée au capteur session=w-4 sortie=\\.\DISPLAY6 largeur=1280 hauteur=720
2026-08-02T18:43:07.897362Z  INFO agent::capteur::fenetre: l'enfant a fermé le canal session=w-4 images=0
2026-08-02T18:43:07.897361Z  INFO agent::capteur::tube: attaché au capteur session=w-4 sortie=\\.\DISPLAY6 largeur=1280 hauteur=720
2026-08-02T18:43:07.897409Z  INFO agent::capteur::fenetre: fenêtre attachée au capteur session=w-2 sortie=\\.\DISPLAY5 largeur=1280 hauteur=720
2026-08-02T18:43:07.897419Z  INFO agent::encode::arret: IMFShutdown::Shutdown : avant mft="encodeur"
2026-08-02T18:43:07.897422Z  INFO agent::capteur::fenetre: l'enfant a fermé le canal session=w-2 images=0
2026-08-02T18:43:07.897413Z  INFO agent::capteur::distante: canal rattaché au capteur largeur=1280 hauteur=720
2026-08-02T18:43:07.897426Z  INFO agent::capteur::tube: attaché au capteur session=w-2 sortie=\\.\DISPLAY5 largeur=1280 hauteur=720
2026-08-02T18:43:07.897463Z  INFO agent::encode::arret: IMFShutdown::Shutdown : avant mft="encodeur"
2026-08-02T18:43:07.897480Z  INFO agent::capteur::distante: canal rattaché au capteur largeur=1280 hauteur=720
2026-08-02T18:43:07.897977Z  INFO agent::encode::arret: IMFShutdown::Shutdown : après mft="encodeur"
2026-08-02T18:43:07.898162Z  INFO agent::encode::arret: IMFShutdown::Shutdown : après mft="encodeur"
2026-08-02T18:43:07.918512Z  WARN agent::capteur::serveur: DIAGNOSTIC : fil lecteur de commandes NON lancé
2026-08-02T18:43:07.918969Z  INFO agent::capture::ouverture: sortie retenue pour la duplication adaptateur=NVIDIA GeForce RTX 4070 index_adaptateur=0 index_sortie=1 nom_sortie=\\.\DISPLAY5 attachee=true
2026-08-02T18:43:07.928108Z  WARN agent::capteur::serveur: DIAGNOSTIC : fil lecteur de commandes NON lancé
2026-08-02T18:43:07.928455Z  INFO agent::capture::ouverture: sortie retenue pour la duplication adaptateur=NVIDIA GeForce RTX 4070 index_adaptateur=0 index_sortie=2 nom_sortie=\\.\DISPLAY6 attachee=true
2026-08-02T18:43:07.982127Z  INFO agent::capture::ouverture: protection multi-fils activée sur le contexte immédiat D3D11 protection_precedente=false
2026-08-02T18:43:07.982373Z  INFO agent::capture: duplication de sortie établie desktop_width=1280 desktop_height=720
2026-08-02T18:43:07.982412Z  INFO agent::encode: encodeur matériel retenu encodeur=NVIDIA H.264 Encoder MFT
2026-08-02T18:43:08.001010Z  INFO agent::capture::ouverture: protection multi-fils activée sur le contexte immédiat D3D11 protection_precedente=false
2026-08-02T18:43:08.001282Z  INFO agent::capture: duplication de sortie établie desktop_width=1280 desktop_height=720
2026-08-02T18:43:08.001333Z  INFO agent::encode: encodeur matériel retenu encodeur=NVIDIA H.264 Encoder MFT
2026-08-02T18:43:08.089447Z  INFO agent::encode::arret: file de travail sérialisée imposée mft="encodeur" file=14025834
2026-08-02T18:43:08.089536Z  INFO agent::encode::arret: file de travail sérialisée imposée mft="encodeur" file=25166956
2026-08-02T18:43:08.089719Z  INFO agent::encode: convertisseur BGRA→NV12 (Video Processor MFT) configuré converter_provides_samples=true
2026-08-02T18:43:08.089732Z  INFO agent::encode: convertisseur BGRA→NV12 (Video Processor MFT) configuré converter_provides_samples=true
2026-08-02T18:43:08.090013Z  INFO agent::capteur::fenetre: fenêtre attachée au capteur session=w-2 sortie=\\.\DISPLAY5 largeur=1280 hauteur=720
2026-08-02T18:43:08.090024Z  INFO agent::capteur::fenetre: l'enfant a fermé le canal session=w-2 images=0
2026-08-02T18:43:08.090028Z  INFO agent::capteur::tube: attaché au capteur session=w-2 sortie=\\.\DISPLAY5 largeur=1280 hauteur=720
2026-08-02T18:43:08.090072Z  INFO agent::encode::arret: IMFShutdown::Shutdown : avant mft="encodeur"
2026-08-02T18:43:08.090080Z  INFO agent::capteur::distante: canal rattaché au capteur largeur=1280 hauteur=720
2026-08-02T18:43:08.090081Z  INFO agent::capteur::fenetre: fenêtre attachée au capteur session=w-4 sortie=\\.\DISPLAY6 largeur=1280 hauteur=720
2026-08-02T18:43:08.090093Z  INFO agent::capteur::fenetre: l'enfant a fermé le canal session=w-4 images=0
2026-08-02T18:43:08.090111Z  INFO agent::capteur::tube: attaché au capteur session=w-4 sortie=\\.\DISPLAY6 largeur=1280 hauteur=720
2026-08-02T18:43:08.090129Z  INFO agent::encode::arret: IMFShutdown::Shutdown : avant mft="encodeur"
2026-08-02T18:43:08.090167Z  INFO agent::capteur::distante: canal rattaché au capteur largeur=1280 hauteur=720
2026-08-02T18:43:08.090687Z  INFO agent::encode::arret: IMFShutdown::Shutdown : après mft="encodeur"
2026-08-02T18:43:08.090832Z  INFO agent::encode::arret: IMFShutdown::Shutdown : après mft="encodeur"
2026-08-02T18:43:08.111327Z  WARN agent::capteur::serveur: DIAGNOSTIC : fil lecteur de commandes NON lancé
2026-08-02T18:43:08.111745Z  INFO agent::capture::ouverture: sortie retenue pour la duplication adaptateur=NVIDIA GeForce RTX 4070 index_adaptateur=0 index_sortie=1 nom_sortie=\\.\DISPLAY5 attachee=true
2026-08-02T18:43:08.120544Z  WARN agent::capteur::serveur: DIAGNOSTIC : fil lecteur de commandes NON lancé
2026-08-02T18:43:08.120888Z  INFO agent::capture::ouverture: sortie retenue pour la duplication adaptateur=NVIDIA GeForce RTX 4070 index_adaptateur=0 index_sortie=2 nom_sortie=\\.\DISPLAY6 attachee=true
2026-08-02T18:43:08.174120Z  INFO agent::capture::ouverture: protection multi-fils activée sur le contexte immédiat D3D11 protection_precedente=false
2026-08-02T18:43:08.174358Z  INFO agent::capture: duplication de sortie établie desktop_width=1280 desktop_height=720
2026-08-02T18:43:08.174402Z  INFO agent::encode: encodeur matériel retenu encodeur=NVIDIA H.264 Encoder MFT
2026-08-02T18:43:08.191389Z  INFO agent::capture::ouverture: protection multi-fils activée sur le contexte immédiat D3D11 protection_precedente=false
2026-08-02T18:43:08.191632Z  INFO agent::capture: duplication de sortie établie desktop_width=1280 desktop_height=720
2026-08-02T18:43:08.191673Z  INFO agent::encode: encodeur matériel retenu encodeur=NVIDIA H.264 Encoder MFT
2026-08-02T18:43:08.279493Z  INFO agent::encode::arret: file de travail sérialisée imposée mft="encodeur" file=25298034
2026-08-02T18:43:08.279631Z  INFO agent::encode::arret: file de travail sérialisée imposée mft="encodeur" file=14025840
2026-08-02T18:43:08.279725Z  INFO agent::encode: convertisseur BGRA→NV12 (Video Processor MFT) configuré converter_provides_samples=true
2026-08-02T18:43:08.279817Z  INFO agent::encode: convertisseur BGRA→NV12 (Video Processor MFT) configuré converter_provides_samples=true
2026-08-02T18:43:08.280018Z  INFO agent::capteur::fenetre: fenêtre attachée au capteur session=w-4 sortie=\\.\DISPLAY6 largeur=1280 hauteur=720
2026-08-02T18:43:08.280031Z  INFO agent::capteur::fenetre: l'enfant a fermé le canal session=w-4 images=0
2026-08-02T18:43:08.280031Z  INFO agent::capteur::tube: attaché au capteur session=w-4 sortie=\\.\DISPLAY6 largeur=1280 hauteur=720
2026-08-02T18:43:08.280072Z  INFO agent::capteur::fenetre: fenêtre attachée au capteur session=w-2 sortie=\\.\DISPLAY5 largeur=1280 hauteur=720
2026-08-02T18:43:08.280082Z  INFO agent::capteur::fenetre: l'enfant a fermé le canal session=w-2 images=0
2026-08-02T18:43:08.280085Z  INFO agent::capteur::distante: canal rattaché au capteur largeur=1280 hauteur=720
2026-08-02T18:43:08.280095Z  INFO agent::encode::arret: IMFShutdown::Shutdown : avant mft="encodeur"
2026-08-02T18:43:08.280099Z  INFO agent::capteur::tube: attaché au capteur session=w-2 sortie=\\.\DISPLAY5 largeur=1280 hauteur=720
2026-08-02T18:43:08.280122Z  INFO agent::encode::arret: IMFShutdown::Shutdown : avant mft="encodeur"
2026-08-02T18:43:08.280151Z  INFO agent::capteur::distante: canal rattaché au capteur largeur=1280 hauteur=720
2026-08-02T18:43:08.280686Z  INFO agent::encode::arret: IMFShutdown::Shutdown : après mft="encodeur"
2026-08-02T18:43:08.280843Z  INFO agent::encode::arret: IMFShutdown::Shutdown : après mft="encodeur"
2026-08-02T18:43:08.300828Z  WARN agent::capteur::serveur: DIAGNOSTIC : fil lecteur de commandes NON lancé
2026-08-02T18:43:08.304002Z  INFO agent::capture::ouverture: sortie retenue pour la duplication adaptateur=NVIDIA GeForce RTX 4070 index_adaptateur=0 index_sortie=1 nom_sortie=\\.\DISPLAY5 attachee=true
2026-08-02T18:43:08.310554Z  WARN agent::capteur::serveur: DIAGNOSTIC : fil lecteur de commandes NON lancé
2026-08-02T18:43:08.310883Z  INFO agent::capture::ouverture: sortie retenue pour la duplication adaptateur=NVIDIA GeForce RTX 4070 index_adaptateur=0 index_sortie=2 nom_sortie=\\.\DISPLAY6 attachee=true
2026-08-02T18:43:08.363331Z  INFO agent::capture::ouverture: protection multi-fils activée sur le contexte immédiat D3D11 protection_precedente=false
2026-08-02T18:43:08.363569Z  INFO agent::capture: duplication de sortie établie desktop_width=1280 desktop_height=720
2026-08-02T18:43:08.363610Z  INFO agent::encode: encodeur matériel retenu encodeur=NVIDIA H.264 Encoder MFT
2026-08-02T18:43:08.380772Z  INFO agent::capture::ouverture: protection multi-fils activée sur le contexte immédiat D3D11 protection_precedente=false
2026-08-02T18:43:08.381004Z  INFO agent::capture: duplication de sortie établie desktop_width=1280 desktop_height=720
2026-08-02T18:43:08.381046Z  INFO agent::encode: encodeur matériel retenu encodeur=NVIDIA H.264 Encoder MFT
2026-08-02T18:43:08.473167Z  INFO agent::encode::arret: file de travail sérialisée imposée mft="encodeur" file=25429112
2026-08-02T18:43:08.473401Z  INFO agent::encode::arret: file de travail sérialisée imposée mft="encodeur" file=14025846
2026-08-02T18:43:08.473408Z  INFO agent::encode: convertisseur BGRA→NV12 (Video Processor MFT) configuré converter_provides_samples=true
2026-08-02T18:43:08.473585Z  INFO agent::encode: convertisseur BGRA→NV12 (Video Processor MFT) configuré converter_provides_samples=true
2026-08-02T18:43:08.473669Z  INFO agent::capteur::fenetre: fenêtre attachée au capteur session=w-4 sortie=\\.\DISPLAY6 largeur=1280 hauteur=720
2026-08-02T18:43:08.473679Z  INFO agent::capteur::fenetre: l'enfant a fermé le canal session=w-4 images=0
2026-08-02T18:43:08.473683Z  INFO agent::capteur::tube: attaché au capteur session=w-4 sortie=\\.\DISPLAY6 largeur=1280 hauteur=720
2026-08-02T18:43:08.473731Z  INFO agent::encode::arret: IMFShutdown::Shutdown : avant mft="encodeur"
2026-08-02T18:43:08.473735Z  INFO agent::capteur::distante: canal rattaché au capteur largeur=1280 hauteur=720
2026-08-02T18:43:08.473821Z  INFO agent::capteur::fenetre: fenêtre attachée au capteur session=w-2 sortie=\\.\DISPLAY5 largeur=1280 hauteur=720
2026-08-02T18:43:08.473831Z  INFO agent::capteur::fenetre: l'enfant a fermé le canal session=w-2 images=0
2026-08-02T18:43:08.473831Z  INFO agent::capteur::tube: attaché au capteur session=w-2 sortie=\\.\DISPLAY5 largeur=1280 hauteur=720
2026-08-02T18:43:08.473869Z  INFO agent::capteur::distante: canal rattaché au capteur largeur=1280 hauteur=720
2026-08-02T18:43:08.473879Z  INFO agent::encode::arret: IMFShutdown::Shutdown : avant mft="encodeur"
2026-08-02T18:43:08.474303Z  INFO agent::encode::arret: IMFShutdown::Shutdown : après mft="encodeur"
2026-08-02T18:43:08.474538Z  INFO agent::encode::arret: IMFShutdown::Shutdown : après mft="encodeur"
2026-08-02T18:43:08.494515Z  WARN agent::capteur::serveur: DIAGNOSTIC : fil lecteur de commandes NON lancé
2026-08-02T18:43:08.495062Z  INFO agent::capture::ouverture: sortie retenue pour la duplication adaptateur=NVIDIA GeForce RTX 4070 index_adaptateur=0 index_sortie=1 nom_sortie=\\.\DISPLAY5 attachee=true
2026-08-02T18:43:08.504222Z  WARN agent::capteur::serveur: DIAGNOSTIC : fil lecteur de commandes NON lancé
2026-08-02T18:43:08.504597Z  INFO agent::capture::ouverture: sortie retenue pour la duplication adaptateur=NVIDIA GeForce RTX 4070 index_adaptateur=0 index_sortie=2 nom_sortie=\\.\DISPLAY6 attachee=true
2026-08-02T18:43:08.559091Z  INFO agent::capture::ouverture: protection multi-fils activée sur le contexte immédiat D3D11 protection_precedente=false
2026-08-02T18:43:08.559332Z  INFO agent::capture: duplication de sortie établie desktop_width=1280 desktop_height=720
2026-08-02T18:43:08.559371Z  INFO agent::encode: encodeur matériel retenu encodeur=NVIDIA H.264 Encoder MFT
2026-08-02T18:43:08.576150Z  INFO agent::capture::ouverture: protection multi-fils activée sur le contexte immédiat D3D11 protection_precedente=false
2026-08-02T18:43:08.576400Z  INFO agent::capture: duplication de sortie établie desktop_width=1280 desktop_height=720
2026-08-02T18:43:08.576443Z  INFO agent::encode: encodeur matériel retenu encodeur=NVIDIA H.264 Encoder MFT
2026-08-02T18:43:08.663561Z  INFO agent::encode::arret: file de travail sérialisée imposée mft="encodeur" file=14025852
2026-08-02T18:43:08.663789Z  INFO agent::encode: convertisseur BGRA→NV12 (Video Processor MFT) configuré converter_provides_samples=true
2026-08-02T18:43:08.663801Z  INFO agent::encode::arret: file de travail sérialisée imposée mft="encodeur" file=25560190
2026-08-02T18:43:08.664003Z  INFO agent::encode: convertisseur BGRA→NV12 (Video Processor MFT) configuré converter_provides_samples=true
2026-08-02T18:43:08.664067Z  INFO agent::capteur::fenetre: fenêtre attachée au capteur session=w-2 sortie=\\.\DISPLAY5 largeur=1280 hauteur=720
2026-08-02T18:43:08.664077Z  INFO agent::capteur::fenetre: l'enfant a fermé le canal session=w-2 images=0
2026-08-02T18:43:08.664080Z  INFO agent::capteur::tube: attaché au capteur session=w-2 sortie=\\.\DISPLAY5 largeur=1280 hauteur=720
2026-08-02T18:43:08.664128Z  INFO agent::encode::arret: IMFShutdown::Shutdown : avant mft="encodeur"
2026-08-02T18:43:08.664135Z  INFO agent::capteur::distante: canal rattaché au capteur largeur=1280 hauteur=720
2026-08-02T18:43:08.664297Z  INFO agent::capteur::fenetre: fenêtre attachée au capteur session=w-4 sortie=\\.\DISPLAY6 largeur=1280 hauteur=720
2026-08-02T18:43:08.664307Z  INFO agent::capteur::tube: attaché au capteur session=w-4 sortie=\\.\DISPLAY6 largeur=1280 hauteur=720
2026-08-02T18:43:08.664310Z  INFO agent::capteur::fenetre: l'enfant a fermé le canal session=w-4 images=0
2026-08-02T18:43:08.664350Z  INFO agent::capteur::distante: canal rattaché au capteur largeur=1280 hauteur=720
2026-08-02T18:43:08.664377Z  INFO agent::encode::arret: IMFShutdown::Shutdown : avant mft="encodeur"
2026-08-02T18:43:08.664716Z  INFO agent::encode::arret: IMFShutdown::Shutdown : après mft="encodeur"
2026-08-02T18:43:08.665076Z  INFO agent::encode::arret: IMFShutdown::Shutdown : après mft="encodeur"
2026-08-02T18:43:08.686766Z  WARN agent::capteur::serveur: DIAGNOSTIC : fil lecteur de commandes NON lancé
2026-08-02T18:43:08.687289Z  INFO agent::capture::ouverture: sortie retenue pour la duplication adaptateur=NVIDIA GeForce RTX 4070 index_adaptateur=0 index_sortie=1 nom_sortie=\\.\DISPLAY5 attachee=true
2026-08-02T18:43:08.695620Z  WARN agent::capteur::serveur: DIAGNOSTIC : fil lecteur de commandes NON lancé
2026-08-02T18:43:08.695981Z  INFO agent::capture::ouverture: sortie retenue pour la duplication adaptateur=NVIDIA GeForce RTX 4070 index_adaptateur=0 index_sortie=2 nom_sortie=\\.\DISPLAY6 attachee=true
2026-08-02T18:43:08.749822Z  INFO agent::capture::ouverture: protection multi-fils activée sur le contexte immédiat D3D11 protection_precedente=false
2026-08-02T18:43:08.750071Z  INFO agent::capture: duplication de sortie établie desktop_width=1280 desktop_height=720
2026-08-02T18:43:08.750110Z  INFO agent::encode: encodeur matériel retenu encodeur=NVIDIA H.264 Encoder MFT
2026-08-02T18:43:08.767753Z  INFO agent::capture::ouverture: protection multi-fils activée sur le contexte immédiat D3D11 protection_precedente=false
2026-08-02T18:43:08.767992Z  INFO agent::capture: duplication de sortie établie desktop_width=1280 desktop_height=720
2026-08-02T18:43:08.768034Z  INFO agent::encode: encodeur matériel retenu encodeur=NVIDIA H.264 Encoder MFT
2026-08-02T18:43:08.857270Z  INFO agent::encode::arret: file de travail sérialisée imposée mft="encodeur" file=14025858
2026-08-02T18:43:08.857425Z  INFO agent::encode::arret: file de travail sérialisée imposée mft="encodeur" file=25691268
2026-08-02T18:43:08.857496Z  INFO agent::encode: convertisseur BGRA→NV12 (Video Processor MFT) configuré converter_provides_samples=true
2026-08-02T18:43:08.857611Z  INFO agent::encode: convertisseur BGRA→NV12 (Video Processor MFT) configuré converter_provides_samples=true
2026-08-02T18:43:08.857775Z  INFO agent::capteur::fenetre: fenêtre attachée au capteur session=w-2 sortie=\\.\DISPLAY5 largeur=1280 hauteur=720
2026-08-02T18:43:08.857785Z  INFO agent::capteur::fenetre: l'enfant a fermé le canal session=w-2 images=0
2026-08-02T18:43:08.857788Z  INFO agent::capteur::tube: attaché au capteur session=w-2 sortie=\\.\DISPLAY5 largeur=1280 hauteur=720
2026-08-02T18:43:08.857828Z  INFO agent::encode::arret: IMFShutdown::Shutdown : avant mft="encodeur"
2026-08-02T18:43:08.857841Z  INFO agent::capteur::distante: canal rattaché au capteur largeur=1280 hauteur=720
2026-08-02T18:43:08.857848Z  INFO agent::capteur::fenetre: fenêtre attachée au capteur session=w-4 sortie=\\.\DISPLAY6 largeur=1280 hauteur=720
2026-08-02T18:43:08.857856Z  INFO agent::capteur::fenetre: l'enfant a fermé le canal session=w-4 images=0
2026-08-02T18:43:08.857860Z  INFO agent::capteur::tube: attaché au capteur session=w-4 sortie=\\.\DISPLAY6 largeur=1280 hauteur=720
2026-08-02T18:43:08.857909Z  INFO agent::encode::arret: IMFShutdown::Shutdown : avant mft="encodeur"
2026-08-02T18:43:08.857917Z  INFO agent::capteur::distante: canal rattaché au capteur largeur=1280 hauteur=720
2026-08-02T18:43:08.858483Z  INFO agent::encode::arret: IMFShutdown::Shutdown : après mft="encodeur"
2026-08-02T18:43:08.858646Z  INFO agent::encode::arret: IMFShutdown::Shutdown : après mft="encodeur"
2026-08-02T18:43:08.879057Z  WARN agent::capteur::serveur: DIAGNOSTIC : fil lecteur de commandes NON lancé
2026-08-02T18:43:08.879504Z  INFO agent::capture::ouverture: sortie retenue pour la duplication adaptateur=NVIDIA GeForce RTX 4070 index_adaptateur=0 index_sortie=2 nom_sortie=\\.\DISPLAY6 attachee=true
2026-08-02T18:43:08.888616Z  WARN agent::capteur::serveur: DIAGNOSTIC : fil lecteur de commandes NON lancé
2026-08-02T18:43:08.888958Z  INFO agent::capture::ouverture: sortie retenue pour la duplication adaptateur=NVIDIA GeForce RTX 4070 index_adaptateur=0 index_sortie=1 nom_sortie=\\.\DISPLAY5 attachee=true
2026-08-02T18:43:08.943851Z  INFO agent::capture::ouverture: protection multi-fils activée sur le contexte immédiat D3D11 protection_precedente=false
2026-08-02T18:43:08.944123Z  INFO agent::capture: duplication de sortie établie desktop_width=1280 desktop_height=720
2026-08-02T18:43:08.944164Z  INFO agent::encode: encodeur matériel retenu encodeur=NVIDIA H.264 Encoder MFT
2026-08-02T18:43:08.999962Z  INFO agent::capture::ouverture: protection multi-fils activée sur le contexte immédiat D3D11 protection_precedente=false
2026-08-02T18:43:09.000214Z  INFO agent::capture: duplication de sortie établie desktop_width=1280 desktop_height=720
2026-08-02T18:43:09.000252Z  INFO agent::encode: encodeur matériel retenu encodeur=NVIDIA H.264 Encoder MFT
2026-08-02T18:43:09.084366Z  INFO agent::encode::arret: file de travail sérialisée imposée mft="encodeur" file=25822346
2026-08-02T18:43:09.084609Z  INFO agent::encode: convertisseur BGRA→NV12 (Video Processor MFT) configuré converter_provides_samples=true
2026-08-02T18:43:09.084879Z  INFO agent::capteur::fenetre: fenêtre attachée au capteur session=w-2 sortie=\\.\DISPLAY5 largeur=1280 hauteur=720
2026-08-02T18:43:09.084890Z  INFO agent::capteur::fenetre: l'enfant a fermé le canal session=w-2 images=0
2026-08-02T18:43:09.084894Z  INFO agent::capteur::tube: attaché au capteur session=w-2 sortie=\\.\DISPLAY5 largeur=1280 hauteur=720
2026-08-02T18:43:09.084950Z  INFO agent::capteur::distante: canal rattaché au capteur largeur=1280 hauteur=720
2026-08-02T18:43:09.084952Z  INFO agent::encode::arret: IMFShutdown::Shutdown : avant mft="encodeur"
2026-08-02T18:43:09.085424Z  INFO agent::encode::arret: IMFShutdown::Shutdown : après mft="encodeur"
2026-08-02T18:43:09.101547Z  INFO agent::encode::arret: file de travail sérialisée imposée mft="encodeur" file=14025864
2026-08-02T18:43:09.101781Z  INFO agent::encode: convertisseur BGRA→NV12 (Video Processor MFT) configuré converter_provides_samples=true
2026-08-02T18:43:09.102074Z  INFO agent::capteur::fenetre: fenêtre attachée au capteur session=w-4 sortie=\\.\DISPLAY6 largeur=1280 hauteur=720
2026-08-02T18:43:09.102085Z  INFO agent::capteur::fenetre: l'enfant a fermé le canal session=w-4 images=0
2026-08-02T18:43:09.102091Z  INFO agent::capteur::tube: attaché au capteur session=w-4 sortie=\\.\DISPLAY6 largeur=1280 hauteur=720
2026-08-02T18:43:09.102139Z  INFO agent::encode::arret: IMFShutdown::Shutdown : avant mft="encodeur"
2026-08-02T18:43:09.102148Z  INFO agent::capteur::distante: canal rattaché au capteur largeur=1280 hauteur=720
2026-08-02T18:43:09.102732Z  INFO agent::encode::arret: IMFShutdown::Shutdown : après mft="encodeur"
2026-08-02T18:43:09.115445Z  WARN agent::capteur::serveur: DIAGNOSTIC : fil lecteur de commandes NON lancé
2026-08-02T18:43:09.116417Z  INFO agent::capture::ouverture: sortie retenue pour la duplication adaptateur=NVIDIA GeForce RTX 4070 index_adaptateur=0 index_sortie=1 nom_sortie=\\.\DISPLAY5 attachee=true
2026-08-02T18:43:09.122706Z  WARN agent::capteur::serveur: DIAGNOSTIC : fil lecteur de commandes NON lancé
2026-08-02T18:43:09.123051Z  INFO agent::capture::ouverture: sortie retenue pour la duplication adaptateur=NVIDIA GeForce RTX 4070 index_adaptateur=0 index_sortie=2 nom_sortie=\\.\DISPLAY6 attachee=true
2026-08-02T18:43:09.179501Z  INFO agent::capture::ouverture: protection multi-fils activée sur le contexte immédiat D3D11 protection_precedente=false
2026-08-02T18:43:09.179752Z  INFO agent::capture: duplication de sortie établie desktop_width=1280 desktop_height=720
2026-08-02T18:43:09.179791Z  INFO agent::encode: encodeur matériel retenu encodeur=NVIDIA H.264 Encoder MFT
2026-08-02T18:43:09.197668Z  INFO agent::capture::ouverture: protection multi-fils activée sur le contexte immédiat D3D11 protection_precedente=false
2026-08-02T18:43:09.197921Z  INFO agent::capture: duplication de sortie établie desktop_width=1280 desktop_height=720
2026-08-02T18:43:09.197961Z  INFO agent::encode: encodeur matériel retenu encodeur=NVIDIA H.264 Encoder MFT
2026-08-02T18:43:09.292659Z  INFO agent::encode::arret: file de travail sérialisée imposée mft="encodeur" file=14025870
2026-08-02T18:43:09.292854Z  INFO agent::encode::arret: file de travail sérialisée imposée mft="encodeur" file=25953424
2026-08-02T18:43:09.292887Z  INFO agent::encode: convertisseur BGRA→NV12 (Video Processor MFT) configuré converter_provides_samples=true
2026-08-02T18:43:09.293031Z  INFO agent::encode: convertisseur BGRA→NV12 (Video Processor MFT) configuré converter_provides_samples=true
2026-08-02T18:43:09.293155Z  INFO agent::capteur::fenetre: fenêtre attachée au capteur session=w-2 sortie=\\.\DISPLAY5 largeur=1280 hauteur=720
2026-08-02T18:43:09.293165Z  INFO agent::capteur::fenetre: l'enfant a fermé le canal session=w-2 images=0
2026-08-02T18:43:09.293171Z  INFO agent::capteur::tube: attaché au capteur session=w-2 sortie=\\.\DISPLAY5 largeur=1280 hauteur=720
2026-08-02T18:43:09.293213Z  INFO agent::encode::arret: IMFShutdown::Shutdown : avant mft="encodeur"
2026-08-02T18:43:09.293224Z  INFO agent::capteur::distante: canal rattaché au capteur largeur=1280 hauteur=720
2026-08-02T18:43:09.293388Z  INFO agent::capteur::fenetre: fenêtre attachée au capteur session=w-4 sortie=\\.\DISPLAY6 largeur=1280 hauteur=720
2026-08-02T18:43:09.293397Z  INFO agent::capteur::fenetre: l'enfant a fermé le canal session=w-4 images=0
2026-08-02T18:43:09.293402Z  INFO agent::capteur::tube: attaché au capteur session=w-4 sortie=\\.\DISPLAY6 largeur=1280 hauteur=720
2026-08-02T18:43:09.293439Z  INFO agent::encode::arret: IMFShutdown::Shutdown : avant mft="encodeur"
2026-08-02T18:43:09.293444Z  INFO agent::capteur::distante: canal rattaché au capteur largeur=1280 hauteur=720
2026-08-02T18:43:09.293852Z  INFO agent::encode::arret: IMFShutdown::Shutdown : après mft="encodeur"
2026-08-02T18:43:09.294067Z  INFO agent::encode::arret: IMFShutdown::Shutdown : après mft="encodeur"
2026-08-02T18:43:09.313670Z  WARN agent::capteur::serveur: DIAGNOSTIC : fil lecteur de commandes NON lancé
2026-08-02T18:43:09.316102Z  INFO agent::capture::ouverture: sortie retenue pour la duplication adaptateur=NVIDIA GeForce RTX 4070 index_adaptateur=0 index_sortie=1 nom_sortie=\\.\DISPLAY5 attachee=true
2026-08-02T18:43:09.324019Z  WARN agent::capteur::serveur: DIAGNOSTIC : fil lecteur de commandes NON lancé
2026-08-02T18:43:09.324367Z  INFO agent::capture::ouverture: sortie retenue pour la duplication adaptateur=NVIDIA GeForce RTX 4070 index_adaptateur=0 index_sortie=2 nom_sortie=\\.\DISPLAY6 attachee=true
2026-08-02T18:43:09.376743Z  INFO agent::capture::ouverture: protection multi-fils activée sur le contexte immédiat D3D11 protection_precedente=false
2026-08-02T18:43:09.377008Z  INFO agent::capture: duplication de sortie établie desktop_width=1280 desktop_height=720
2026-08-02T18:43:09.377047Z  INFO agent::encode: encodeur matériel retenu encodeur=NVIDIA H.264 Encoder MFT
2026-08-02T18:43:09.396631Z  INFO agent::capture::ouverture: protection multi-fils activée sur le contexte immédiat D3D11 protection_precedente=false
2026-08-02T18:43:09.396896Z  INFO agent::capture: duplication de sortie établie desktop_width=1280 desktop_height=720
2026-08-02T18:43:09.396938Z  INFO agent::encode: encodeur matériel retenu encodeur=NVIDIA H.264 Encoder MFT
2026-08-02T18:43:09.485636Z  INFO agent::encode::arret: file de travail sérialisée imposée mft="encodeur" file=14025876
2026-08-02T18:43:09.485870Z  INFO agent::encode: convertisseur BGRA→NV12 (Video Processor MFT) configuré converter_provides_samples=true
2026-08-02T18:43:09.486183Z  INFO agent::capteur::fenetre: fenêtre attachée au capteur session=w-2 sortie=\\.\DISPLAY5 largeur=1280 hauteur=720
2026-08-02T18:43:09.486193Z  INFO agent::capteur::fenetre: l'enfant a fermé le canal session=w-2 images=0
2026-08-02T18:43:09.486199Z  INFO agent::capteur::tube: attaché au capteur session=w-2 sortie=\\.\DISPLAY5 largeur=1280 hauteur=720
2026-08-02T18:43:09.486252Z  INFO agent::encode::arret: IMFShutdown::Shutdown : avant mft="encodeur"
2026-08-02T18:43:09.486261Z  INFO agent::capteur::distante: canal rattaché au capteur largeur=1280 hauteur=720
2026-08-02T18:43:09.486717Z  INFO agent::encode::arret: IMFShutdown::Shutdown : après mft="encodeur"
2026-08-02T18:43:09.502575Z  INFO agent::encode::arret: file de travail sérialisée imposée mft="encodeur" file=26084502
2026-08-02T18:43:09.502806Z  INFO agent::encode: convertisseur BGRA→NV12 (Video Processor MFT) configuré converter_provides_samples=true
2026-08-02T18:43:09.503169Z  INFO agent::capteur::fenetre: fenêtre attachée au capteur session=w-4 sortie=\\.\DISPLAY6 largeur=1280 hauteur=720
2026-08-02T18:43:09.503179Z  INFO agent::capteur::fenetre: l'enfant a fermé le canal session=w-4 images=0
2026-08-02T18:43:09.503184Z  INFO agent::capteur::tube: attaché au capteur session=w-4 sortie=\\.\DISPLAY6 largeur=1280 hauteur=720
2026-08-02T18:43:09.503234Z  INFO agent::encode::arret: IMFShutdown::Shutdown : avant mft="encodeur"
2026-08-02T18:43:09.503249Z  INFO agent::capteur::distante: canal rattaché au capteur largeur=1280 hauteur=720
2026-08-02T18:43:09.503256Z  INFO agent::transport::cadence_video: cadence de la piste vidéo (côté enfant) session=w-4 unites=0 cadence="0.0"
2026-08-02T18:43:09.503801Z  INFO agent::encode::arret: IMFShutdown::Shutdown : après mft="encodeur"
2026-08-02T18:43:09.516960Z  WARN agent::capteur::serveur: DIAGNOSTIC : fil lecteur de commandes NON lancé
2026-08-02T18:43:09.517525Z  INFO agent::capture::ouverture: sortie retenue pour la duplication adaptateur=NVIDIA GeForce RTX 4070 index_adaptateur=0 index_sortie=1 nom_sortie=\\.\DISPLAY5 attachee=true
2026-08-02T18:43:09.523588Z  WARN agent::capteur::serveur: DIAGNOSTIC : fil lecteur de commandes NON lancé
2026-08-02T18:43:09.523955Z  INFO agent::capture::ouverture: sortie retenue pour la duplication adaptateur=NVIDIA GeForce RTX 4070 index_adaptateur=0 index_sortie=2 nom_sortie=\\.\DISPLAY6 attachee=true
2026-08-02T18:43:09.580351Z  INFO agent::capture::ouverture: protection multi-fils activée sur le contexte immédiat D3D11 protection_precedente=false
2026-08-02T18:43:09.580615Z  INFO agent::capture: duplication de sortie établie desktop_width=1280 desktop_height=720
2026-08-02T18:43:09.580657Z  INFO agent::encode: encodeur matériel retenu encodeur=NVIDIA H.264 Encoder MFT
2026-08-02T18:43:09.598254Z  INFO agent::capture::ouverture: protection multi-fils activée sur le contexte immédiat D3D11 protection_precedente=false
2026-08-02T18:43:09.598500Z  INFO agent::capture: duplication de sortie établie desktop_width=1280 desktop_height=720
2026-08-02T18:43:09.598543Z  INFO agent::encode: encodeur matériel retenu encodeur=NVIDIA H.264 Encoder MFT
2026-08-02T18:43:09.681662Z  INFO agent::encode::arret: file de travail sérialisée imposée mft="encodeur" file=26215580
2026-08-02T18:43:09.681888Z  INFO agent::encode: convertisseur BGRA→NV12 (Video Processor MFT) configuré converter_provides_samples=true
2026-08-02T18:43:09.682186Z  INFO agent::capteur::fenetre: fenêtre attachée au capteur session=w-4 sortie=\\.\DISPLAY6 largeur=1280 hauteur=720
2026-08-02T18:43:09.682196Z  INFO agent::capteur::fenetre: l'enfant a fermé le canal session=w-4 images=0
2026-08-02T18:43:09.682199Z  INFO agent::capteur::tube: attaché au capteur session=w-4 sortie=\\.\DISPLAY6 largeur=1280 hauteur=720
2026-08-02T18:43:09.682244Z  INFO agent::encode::arret: IMFShutdown::Shutdown : avant mft="encodeur"
2026-08-02T18:43:09.682249Z  INFO agent::capteur::distante: canal rattaché au capteur largeur=1280 hauteur=720
2026-08-02T18:43:09.682795Z  INFO agent::encode::arret: IMFShutdown::Shutdown : après mft="encodeur"
2026-08-02T18:43:09.695917Z  INFO agent::encode::arret: file de travail sérialisée imposée mft="encodeur" file=14025882
2026-08-02T18:43:09.696153Z  INFO agent::encode: convertisseur BGRA→NV12 (Video Processor MFT) configuré converter_provides_samples=true
2026-08-02T18:43:09.696449Z  INFO agent::capteur::fenetre: fenêtre attachée au capteur session=w-2 sortie=\\.\DISPLAY5 largeur=1280 hauteur=720
2026-08-02T18:43:09.696461Z  INFO agent::capteur::fenetre: l'enfant a fermé le canal session=w-2 images=0
2026-08-02T18:43:09.696466Z  INFO agent::capteur::tube: attaché au capteur session=w-2 sortie=\\.\DISPLAY5 largeur=1280 hauteur=720
2026-08-02T18:43:09.696514Z  INFO agent::encode::arret: IMFShutdown::Shutdown : avant mft="encodeur"
2026-08-02T18:43:09.696526Z  INFO agent::capteur::distante: canal rattaché au capteur largeur=1280 hauteur=720
2026-08-02T18:43:09.697126Z  INFO agent::encode::arret: IMFShutdown::Shutdown : après mft="encodeur"
2026-08-02T18:43:09.715878Z  WARN agent::capteur::serveur: DIAGNOSTIC : fil lecteur de commandes NON lancé
2026-08-02T18:43:09.716369Z  INFO agent::capture::ouverture: sortie retenue pour la duplication adaptateur=NVIDIA GeForce RTX 4070 index_adaptateur=0 index_sortie=2 nom_sortie=\\.\DISPLAY6 attachee=true
2026-08-02T18:43:09.717144Z  WARN agent::capteur::serveur: DIAGNOSTIC : fil lecteur de commandes NON lancé
2026-08-02T18:43:09.717421Z  INFO agent::capture::ouverture: sortie retenue pour la duplication adaptateur=NVIDIA GeForce RTX 4070 index_adaptateur=0 index_sortie=1 nom_sortie=\\.\DISPLAY5 attachee=true
2026-08-02T18:43:09.776872Z  INFO agent::capture::ouverture: protection multi-fils activée sur le contexte immédiat D3D11 protection_precedente=false
2026-08-02T18:43:09.777150Z  INFO agent::capture: duplication de sortie établie desktop_width=1280 desktop_height=720
2026-08-02T18:43:09.777188Z  INFO agent::encode: encodeur matériel retenu encodeur=NVIDIA H.264 Encoder MFT
2026-08-02T18:43:09.794692Z  INFO agent::capture::ouverture: protection multi-fils activée sur le contexte immédiat D3D11 protection_precedente=false
2026-08-02T18:43:09.794972Z  INFO agent::capture: duplication de sortie établie desktop_width=1280 desktop_height=720
2026-08-02T18:43:09.795013Z  INFO agent::encode: encodeur matériel retenu encodeur=NVIDIA H.264 Encoder MFT
2026-08-02T18:43:09.891853Z  INFO agent::encode::arret: file de travail sérialisée imposée mft="encodeur" file=14025888
2026-08-02T18:43:09.892079Z  INFO agent::encode::arret: file de travail sérialisée imposée mft="encodeur" file=26346658
2026-08-02T18:43:09.892086Z  INFO agent::encode: convertisseur BGRA→NV12 (Video Processor MFT) configuré converter_provides_samples=true
2026-08-02T18:43:09.892265Z  INFO agent::encode: convertisseur BGRA→NV12 (Video Processor MFT) configuré converter_provides_samples=true
2026-08-02T18:43:09.892351Z  INFO agent::capteur::fenetre: fenêtre attachée au capteur session=w-4 sortie=\\.\DISPLAY6 largeur=1280 hauteur=720
2026-08-02T18:43:09.892361Z  INFO agent::capteur::fenetre: l'enfant a fermé le canal session=w-4 images=0
2026-08-02T18:43:09.892365Z  INFO agent::capteur::tube: attaché au capteur session=w-4 sortie=\\.\DISPLAY6 largeur=1280 hauteur=720
2026-08-02T18:43:09.892411Z  INFO agent::encode::arret: IMFShutdown::Shutdown : avant mft="encodeur"
2026-08-02T18:43:09.892419Z  INFO agent::capteur::distante: canal rattaché au capteur largeur=1280 hauteur=720
2026-08-02T18:43:09.892592Z  INFO agent::capteur::fenetre: fenêtre attachée au capteur session=w-2 sortie=\\.\DISPLAY5 largeur=1280 hauteur=720
2026-08-02T18:43:09.892601Z  INFO agent::capteur::fenetre: l'enfant a fermé le canal session=w-2 images=0
2026-08-02T18:43:09.892604Z  INFO agent::capteur::tube: attaché au capteur session=w-2 sortie=\\.\DISPLAY5 largeur=1280 hauteur=720
2026-08-02T18:43:09.892639Z  INFO agent::capteur::distante: canal rattaché au capteur largeur=1280 hauteur=720
2026-08-02T18:43:09.892649Z  INFO agent::encode::arret: IMFShutdown::Shutdown : avant mft="encodeur"
2026-08-02T18:43:09.893037Z  INFO agent::encode::arret: IMFShutdown::Shutdown : après mft="encodeur"
2026-08-02T18:43:09.893306Z  INFO agent::encode::arret: IMFShutdown::Shutdown : après mft="encodeur"
2026-08-02T18:43:09.916522Z  WARN agent::capteur::serveur: DIAGNOSTIC : fil lecteur de commandes NON lancé
2026-08-02T18:43:09.916948Z  INFO agent::capture::ouverture: sortie retenue pour la duplication adaptateur=NVIDIA GeForce RTX 4070 index_adaptateur=0 index_sortie=1 nom_sortie=\\.\DISPLAY5 attachee=true
2026-08-02T18:43:09.923554Z  WARN agent::capteur::serveur: DIAGNOSTIC : fil lecteur de commandes NON lancé
2026-08-02T18:43:09.923898Z  INFO agent::capture::ouverture: sortie retenue pour la duplication adaptateur=NVIDIA GeForce RTX 4070 index_adaptateur=0 index_sortie=2 nom_sortie=\\.\DISPLAY6 attachee=true
2026-08-02T18:43:09.979797Z  INFO agent::capture::ouverture: protection multi-fils activée sur le contexte immédiat D3D11 protection_precedente=false
2026-08-02T18:43:09.980037Z  INFO agent::capture: duplication de sortie établie desktop_width=1280 desktop_height=720
2026-08-02T18:43:09.980077Z  INFO agent::encode: encodeur matériel retenu encodeur=NVIDIA H.264 Encoder MFT
2026-08-02T18:43:09.998298Z  INFO agent::capture::ouverture: protection multi-fils activée sur le contexte immédiat D3D11 protection_precedente=false
2026-08-02T18:43:09.998535Z  INFO agent::capture: duplication de sortie établie desktop_width=1280 desktop_height=720
2026-08-02T18:43:09.998576Z  INFO agent::encode: encodeur matériel retenu encodeur=NVIDIA H.264 Encoder MFT
2026-08-02T18:43:10.091429Z  INFO agent::encode::arret: file de travail sérialisée imposée mft="encodeur" file=26477736
2026-08-02T18:43:10.091662Z  INFO agent::encode: convertisseur BGRA→NV12 (Video Processor MFT) configuré converter_provides_samples=true
2026-08-02T18:43:10.091787Z  INFO agent::encode::arret: file de travail sérialisée imposée mft="encodeur" file=14025894
2026-08-02T18:43:10.091938Z  INFO agent::capteur::fenetre: fenêtre attachée au capteur session=w-4 sortie=\\.\DISPLAY6 largeur=1280 hauteur=720
2026-08-02T18:43:10.091948Z  INFO agent::capteur::fenetre: l'enfant a fermé le canal session=w-4 images=0
2026-08-02T18:43:10.091952Z  INFO agent::capteur::tube: attaché au capteur session=w-4 sortie=\\.\DISPLAY6 largeur=1280 hauteur=720
2026-08-02T18:43:10.091972Z  INFO agent::encode: convertisseur BGRA→NV12 (Video Processor MFT) configuré converter_provides_samples=true
2026-08-02T18:43:10.092004Z  INFO agent::encode::arret: IMFShutdown::Shutdown : avant mft="encodeur"
2026-08-02T18:43:10.092013Z  INFO agent::capteur::distante: canal rattaché au capteur largeur=1280 hauteur=720
2026-08-02T18:43:10.092314Z  INFO agent::capteur::fenetre: fenêtre attachée au capteur session=w-2 sortie=\\.\DISPLAY5 largeur=1280 hauteur=720
2026-08-02T18:43:10.092330Z  INFO agent::capteur::fenetre: l'enfant a fermé le canal session=w-2 images=0
2026-08-02T18:43:10.092328Z  INFO agent::capteur::tube: attaché au capteur session=w-2 sortie=\\.\DISPLAY5 largeur=1280 hauteur=720
2026-08-02T18:43:10.092376Z  INFO agent::capteur::distante: canal rattaché au capteur largeur=1280 hauteur=720
2026-08-02T18:43:10.092381Z  INFO agent::encode::arret: IMFShutdown::Shutdown : avant mft="encodeur"
2026-08-02T18:43:10.092528Z  INFO agent::encode::arret: IMFShutdown::Shutdown : après mft="encodeur"
2026-08-02T18:43:10.092960Z  INFO agent::encode::arret: IMFShutdown::Shutdown : après mft="encodeur"
2026-08-02T18:43:10.113592Z  WARN agent::capteur::serveur: DIAGNOSTIC : fil lecteur de commandes NON lancé
2026-08-02T18:43:10.116985Z  INFO agent::capture::ouverture: sortie retenue pour la duplication adaptateur=NVIDIA GeForce RTX 4070 index_adaptateur=0 index_sortie=1 nom_sortie=\\.\DISPLAY5 attachee=true
2026-08-02T18:43:10.122647Z  WARN agent::capteur::serveur: DIAGNOSTIC : fil lecteur de commandes NON lancé
2026-08-02T18:43:10.122975Z  INFO agent::capture::ouverture: sortie retenue pour la duplication adaptateur=NVIDIA GeForce RTX 4070 index_adaptateur=0 index_sortie=2 nom_sortie=\\.\DISPLAY6 attachee=true
2026-08-02T18:43:10.177387Z  INFO agent::capture::ouverture: protection multi-fils activée sur le contexte immédiat D3D11 protection_precedente=false
2026-08-02T18:43:10.177637Z  INFO agent::capture: duplication de sortie établie desktop_width=1280 desktop_height=720
2026-08-02T18:43:10.177680Z  INFO agent::encode: encodeur matériel retenu encodeur=NVIDIA H.264 Encoder MFT
2026-08-02T18:43:10.195494Z  INFO agent::capture::ouverture: protection multi-fils activée sur le contexte immédiat D3D11 protection_precedente=false
2026-08-02T18:43:10.195728Z  INFO agent::capture: duplication de sortie établie desktop_width=1280 desktop_height=720
2026-08-02T18:43:10.195771Z  INFO agent::encode: encodeur matériel retenu encodeur=NVIDIA H.264 Encoder MFT
2026-08-02T18:43:10.290779Z  INFO agent::encode::arret: file de travail sérialisée imposée mft="encodeur" file=14025900
2026-08-02T18:43:10.291005Z  INFO agent::encode::arret: file de travail sérialisée imposée mft="encodeur" file=26608814
2026-08-02T18:43:10.291028Z  INFO agent::encode: convertisseur BGRA→NV12 (Video Processor MFT) configuré converter_provides_samples=true
2026-08-02T18:43:10.291193Z  INFO agent::encode: convertisseur BGRA→NV12 (Video Processor MFT) configuré converter_provides_samples=true
2026-08-02T18:43:10.291357Z  INFO agent::capteur::fenetre: fenêtre attachée au capteur session=w-2 sortie=\\.\DISPLAY5 largeur=1280 hauteur=720
2026-08-02T18:43:10.291367Z  INFO agent::capteur::fenetre: l'enfant a fermé le canal session=w-2 images=0
2026-08-02T18:43:10.291370Z  INFO agent::capteur::tube: attaché au capteur session=w-2 sortie=\\.\DISPLAY5 largeur=1280 hauteur=720
2026-08-02T18:43:10.291418Z  INFO agent::encode::arret: IMFShutdown::Shutdown : avant mft="encodeur"
2026-08-02T18:43:10.291425Z  INFO agent::capteur::distante: canal rattaché au capteur largeur=1280 hauteur=720
2026-08-02T18:43:10.291444Z  INFO agent::capteur::fenetre: fenêtre attachée au capteur session=w-4 sortie=\\.\DISPLAY6 largeur=1280 hauteur=720
2026-08-02T18:43:10.291455Z  INFO agent::capteur::fenetre: l'enfant a fermé le canal session=w-4 images=0
2026-08-02T18:43:10.291464Z  INFO agent::capteur::tube: attaché au capteur session=w-4 sortie=\\.\DISPLAY6 largeur=1280 hauteur=720
2026-08-02T18:43:10.291496Z  INFO agent::encode::arret: IMFShutdown::Shutdown : avant mft="encodeur"
2026-08-02T18:43:10.291518Z  INFO agent::capteur::distante: canal rattaché au capteur largeur=1280 hauteur=720
2026-08-02T18:43:10.292018Z  INFO agent::encode::arret: IMFShutdown::Shutdown : après mft="encodeur"
2026-08-02T18:43:10.292174Z  INFO agent::encode::arret: IMFShutdown::Shutdown : après mft="encodeur"
2026-08-02T18:43:10.312193Z  WARN agent::capteur::serveur: DIAGNOSTIC : fil lecteur de commandes NON lancé
2026-08-02T18:43:10.312700Z  INFO agent::capture::ouverture: sortie retenue pour la duplication adaptateur=NVIDIA GeForce RTX 4070 index_adaptateur=0 index_sortie=1 nom_sortie=\\.\DISPLAY5 attachee=true
2026-08-02T18:43:10.322602Z  WARN agent::capteur::serveur: DIAGNOSTIC : fil lecteur de commandes NON lancé
2026-08-02T18:43:10.322971Z  INFO agent::capture::ouverture: sortie retenue pour la duplication adaptateur=NVIDIA GeForce RTX 4070 index_adaptateur=0 index_sortie=2 nom_sortie=\\.\DISPLAY6 attachee=true
2026-08-02T18:43:10.375507Z  INFO agent::capture::ouverture: protection multi-fils activée sur le contexte immédiat D3D11 protection_precedente=false
2026-08-02T18:43:10.375746Z  INFO agent::capture: duplication de sortie établie desktop_width=1280 desktop_height=720
2026-08-02T18:43:10.375793Z  INFO agent::encode: encodeur matériel retenu encodeur=NVIDIA H.264 Encoder MFT
2026-08-02T18:43:10.392632Z  INFO agent::capture::ouverture: protection multi-fils activée sur le contexte immédiat D3D11 protection_precedente=false
2026-08-02T18:43:10.392868Z  INFO agent::capture: duplication de sortie établie desktop_width=1280 desktop_height=720
2026-08-02T18:43:10.392909Z  INFO agent::encode: encodeur matériel retenu encodeur=NVIDIA H.264 Encoder MFT
2026-08-02T18:43:10.489174Z  INFO agent::encode::arret: file de travail sérialisée imposée mft="encodeur" file=14025906
2026-08-02T18:43:10.489368Z  INFO agent::encode::arret: file de travail sérialisée imposée mft="encodeur" file=26739892
2026-08-02T18:43:10.489467Z  INFO agent::encode: convertisseur BGRA→NV12 (Video Processor MFT) configuré converter_provides_samples=true
2026-08-02T18:43:10.489555Z  INFO agent::encode: convertisseur BGRA→NV12 (Video Processor MFT) configuré converter_provides_samples=true
2026-08-02T18:43:10.489746Z  INFO agent::capteur::fenetre: fenêtre attachée au capteur session=w-2 sortie=\\.\DISPLAY5 largeur=1280 hauteur=720
2026-08-02T18:43:10.489757Z  INFO agent::capteur::fenetre: l'enfant a fermé le canal session=w-2 images=0
2026-08-02T18:43:10.489759Z  INFO agent::capteur::tube: attaché au capteur session=w-2 sortie=\\.\DISPLAY5 largeur=1280 hauteur=720
2026-08-02T18:43:10.489814Z  INFO agent::capteur::distante: canal rattaché au capteur largeur=1280 hauteur=720
2026-08-02T18:43:10.489820Z  INFO agent::encode::arret: IMFShutdown::Shutdown : avant mft="encodeur"
2026-08-02T18:43:10.489870Z  INFO agent::capteur::fenetre: fenêtre attachée au capteur session=w-4 sortie=\\.\DISPLAY6 largeur=1280 hauteur=720
2026-08-02T18:43:10.489881Z  INFO agent::capteur::fenetre: l'enfant a fermé le canal session=w-4 images=0
2026-08-02T18:43:10.489885Z  INFO agent::capteur::tube: attaché au capteur session=w-4 sortie=\\.\DISPLAY6 largeur=1280 hauteur=720
2026-08-02T18:43:10.489921Z  INFO agent::encode::arret: IMFShutdown::Shutdown : avant mft="encodeur"
2026-08-02T18:43:10.489939Z  INFO agent::capteur::distante: canal rattaché au capteur largeur=1280 hauteur=720
2026-08-02T18:43:10.490383Z  INFO agent::encode::arret: IMFShutdown::Shutdown : après mft="encodeur"
2026-08-02T18:43:10.490582Z  INFO agent::encode::arret: IMFShutdown::Shutdown : après mft="encodeur"
2026-08-02T18:43:10.510617Z  WARN agent::capteur::serveur: DIAGNOSTIC : fil lecteur de commandes NON lancé
2026-08-02T18:43:10.511035Z  INFO agent::capture::ouverture: sortie retenue pour la duplication adaptateur=NVIDIA GeForce RTX 4070 index_adaptateur=0 index_sortie=2 nom_sortie=\\.\DISPLAY6 attachee=true
2026-08-02T18:43:10.520758Z  WARN agent::capteur::serveur: DIAGNOSTIC : fil lecteur de commandes NON lancé
2026-08-02T18:43:10.521110Z  INFO agent::capture::ouverture: sortie retenue pour la duplication adaptateur=NVIDIA GeForce RTX 4070 index_adaptateur=0 index_sortie=1 nom_sortie=\\.\DISPLAY5 attachee=true
2026-08-02T18:43:10.573887Z  INFO agent::capture::ouverture: protection multi-fils activée sur le contexte immédiat D3D11 protection_precedente=false
2026-08-02T18:43:10.574152Z  INFO agent::capture: duplication de sortie établie desktop_width=1280 desktop_height=720
2026-08-02T18:43:10.574191Z  INFO agent::encode: encodeur matériel retenu encodeur=NVIDIA H.264 Encoder MFT
2026-08-02T18:43:10.592508Z  INFO agent::capture::ouverture: protection multi-fils activée sur le contexte immédiat D3D11 protection_precedente=false
2026-08-02T18:43:10.592762Z  INFO agent::capture: duplication de sortie établie desktop_width=1280 desktop_height=720
2026-08-02T18:43:10.592802Z  INFO agent::encode: encodeur matériel retenu encodeur=NVIDIA H.264 Encoder MFT
2026-08-02T18:43:10.689687Z  INFO agent::encode::arret: file de travail sérialisée imposée mft="encodeur" file=14025912
2026-08-02T18:43:10.689915Z  INFO agent::encode: convertisseur BGRA→NV12 (Video Processor MFT) configuré converter_provides_samples=true
2026-08-02T18:43:10.690081Z  INFO agent::encode::arret: file de travail sérialisée imposée mft="encodeur" file=26870970
2026-08-02T18:43:10.690234Z  INFO agent::capteur::fenetre: fenêtre attachée au capteur session=w-4 sortie=\\.\DISPLAY6 largeur=1280 hauteur=720
2026-08-02T18:43:10.690243Z  INFO agent::capteur::fenetre: l'enfant a fermé le canal session=w-4 images=0
2026-08-02T18:43:10.690250Z  INFO agent::capteur::tube: attaché au capteur session=w-4 sortie=\\.\DISPLAY6 largeur=1280 hauteur=720
2026-08-02T18:43:10.690271Z  INFO agent::encode: convertisseur BGRA→NV12 (Video Processor MFT) configuré converter_provides_samples=true
2026-08-02T18:43:10.690285Z  INFO agent::encode::arret: IMFShutdown::Shutdown : avant mft="encodeur"
2026-08-02T18:43:10.690312Z  INFO agent::capteur::distante: canal rattaché au capteur largeur=1280 hauteur=720
2026-08-02T18:43:10.690699Z  INFO agent::capteur::fenetre: fenêtre attachée au capteur session=w-2 sortie=\\.\DISPLAY5 largeur=1280 hauteur=720
2026-08-02T18:43:10.690709Z  INFO agent::capteur::fenetre: l'enfant a fermé le canal session=w-2 images=0
2026-08-02T18:43:10.690710Z  INFO agent::capteur::tube: attaché au capteur session=w-2 sortie=\\.\DISPLAY5 largeur=1280 hauteur=720
2026-08-02T18:43:10.690753Z  INFO agent::encode::arret: IMFShutdown::Shutdown : avant mft="encodeur"
2026-08-02T18:43:10.690756Z  INFO agent::capteur::distante: canal rattaché au capteur largeur=1280 hauteur=720
2026-08-02T18:43:10.690764Z  INFO agent::encode::arret: IMFShutdown::Shutdown : après mft="encodeur"
2026-08-02T18:43:10.691331Z  INFO agent::encode::arret: IMFShutdown::Shutdown : après mft="encodeur"
2026-08-02T18:43:10.710860Z  WARN agent::capteur::serveur: DIAGNOSTIC : fil lecteur de commandes NON lancé
2026-08-02T18:43:10.711325Z  INFO agent::capture::ouverture: sortie retenue pour la duplication adaptateur=NVIDIA GeForce RTX 4070 index_adaptateur=0 index_sortie=2 nom_sortie=\\.\DISPLAY6 attachee=true
2026-08-02T18:43:10.721497Z  WARN agent::capteur::serveur: DIAGNOSTIC : fil lecteur de commandes NON lancé
2026-08-02T18:43:10.721855Z  INFO agent::capture::ouverture: sortie retenue pour la duplication adaptateur=NVIDIA GeForce RTX 4070 index_adaptateur=0 index_sortie=1 nom_sortie=\\.\DISPLAY5 attachee=true
2026-08-02T18:43:10.773447Z  INFO agent::capture::ouverture: protection multi-fils activée sur le contexte immédiat D3D11 protection_precedente=false
2026-08-02T18:43:10.773708Z  INFO agent::capture: duplication de sortie établie desktop_width=1280 desktop_height=720
2026-08-02T18:43:10.773747Z  INFO agent::encode: encodeur matériel retenu encodeur=NVIDIA H.264 Encoder MFT
2026-08-02T18:43:10.791551Z  INFO agent::capture::ouverture: protection multi-fils activée sur le contexte immédiat D3D11 protection_precedente=false
2026-08-02T18:43:10.791788Z  INFO agent::capture: duplication de sortie établie desktop_width=1280 desktop_height=720
2026-08-02T18:43:10.791835Z  INFO agent::encode: encodeur matériel retenu encodeur=NVIDIA H.264 Encoder MFT
2026-08-02T18:43:10.889030Z  INFO agent::encode::arret: file de travail sérialisée imposée mft="encodeur" file=14025918
2026-08-02T18:43:10.889272Z  INFO agent::encode: convertisseur BGRA→NV12 (Video Processor MFT) configuré converter_provides_samples=true
2026-08-02T18:43:10.889369Z  INFO agent::encode::arret: file de travail sérialisée imposée mft="encodeur" file=27002048
2026-08-02T18:43:10.889549Z  INFO agent::encode: convertisseur BGRA→NV12 (Video Processor MFT) configuré converter_provides_samples=true
2026-08-02T18:43:10.889552Z  INFO agent::capteur::fenetre: fenêtre attachée au capteur session=w-4 sortie=\\.\DISPLAY6 largeur=1280 hauteur=720
2026-08-02T18:43:10.889562Z  INFO agent::capteur::fenetre: l'enfant a fermé le canal session=w-4 images=0
2026-08-02T18:43:10.889567Z  INFO agent::capteur::tube: attaché au capteur session=w-4 sortie=\\.\DISPLAY6 largeur=1280 hauteur=720
2026-08-02T18:43:10.889617Z  INFO agent::encode::arret: IMFShutdown::Shutdown : avant mft="encodeur"
2026-08-02T18:43:10.889624Z  INFO agent::capteur::distante: canal rattaché au capteur largeur=1280 hauteur=720
2026-08-02T18:43:10.889947Z  INFO agent::capteur::fenetre: fenêtre attachée au capteur session=w-2 sortie=\\.\DISPLAY5 largeur=1280 hauteur=720
2026-08-02T18:43:10.889962Z  INFO agent::capteur::fenetre: l'enfant a fermé le canal session=w-2 images=0
2026-08-02T18:43:10.889960Z  INFO agent::capteur::tube: attaché au capteur session=w-2 sortie=\\.\DISPLAY5 largeur=1280 hauteur=720
2026-08-02T18:43:10.890000Z  INFO agent::capteur::distante: canal rattaché au capteur largeur=1280 hauteur=720
2026-08-02T18:43:10.890016Z  INFO agent::encode::arret: IMFShutdown::Shutdown : avant mft="encodeur"
2026-08-02T18:43:10.890125Z  INFO agent::encode::arret: IMFShutdown::Shutdown : après mft="encodeur"
2026-08-02T18:43:10.890615Z  INFO agent::encode::arret: IMFShutdown::Shutdown : après mft="encodeur"
2026-08-02T18:43:10.910944Z  WARN agent::capteur::serveur: DIAGNOSTIC : fil lecteur de commandes NON lancé
2026-08-02T18:43:10.911428Z  INFO agent::capture::ouverture: sortie retenue pour la duplication adaptateur=NVIDIA GeForce RTX 4070 index_adaptateur=0 index_sortie=2 nom_sortie=\\.\DISPLAY6 attachee=true
2026-08-02T18:43:10.921043Z  WARN agent::capteur::serveur: DIAGNOSTIC : fil lecteur de commandes NON lancé
2026-08-02T18:43:10.921389Z  INFO agent::capture::ouverture: sortie retenue pour la duplication adaptateur=NVIDIA GeForce RTX 4070 index_adaptateur=0 index_sortie=1 nom_sortie=\\.\DISPLAY5 attachee=true
2026-08-02T18:43:10.974004Z  INFO agent::capture::ouverture: protection multi-fils activée sur le contexte immédiat D3D11 protection_precedente=false
2026-08-02T18:43:10.974234Z  INFO agent::capture: duplication de sortie établie desktop_width=1280 desktop_height=720
2026-08-02T18:43:10.974272Z  INFO agent::encode: encodeur matériel retenu encodeur=NVIDIA H.264 Encoder MFT
2026-08-02T18:43:10.993850Z  INFO agent::capture::ouverture: protection multi-fils activée sur le contexte immédiat D3D11 protection_precedente=false
2026-08-02T18:43:10.994088Z  INFO agent::capture: duplication de sortie établie desktop_width=1280 desktop_height=720
2026-08-02T18:43:10.994128Z  INFO agent::encode: encodeur matériel retenu encodeur=NVIDIA H.264 Encoder MFT
2026-08-02T18:43:11.090613Z  INFO agent::encode::arret: file de travail sérialisée imposée mft="encodeur" file=14025924
2026-08-02T18:43:11.090882Z  INFO agent::encode: convertisseur BGRA→NV12 (Video Processor MFT) configuré converter_provides_samples=true
2026-08-02T18:43:11.090973Z  INFO agent::encode::arret: file de travail sérialisée imposée mft="encodeur" file=27133126
2026-08-02T18:43:11.091159Z  INFO agent::encode: convertisseur BGRA→NV12 (Video Processor MFT) configuré converter_provides_samples=true
2026-08-02T18:43:11.091160Z  INFO agent::capteur::fenetre: fenêtre attachée au capteur session=w-4 sortie=\\.\DISPLAY6 largeur=1280 hauteur=720
2026-08-02T18:43:11.091172Z  INFO agent::capteur::fenetre: l'enfant a fermé le canal session=w-4 images=0
2026-08-02T18:43:11.091174Z  INFO agent::capteur::tube: attaché au capteur session=w-4 sortie=\\.\DISPLAY6 largeur=1280 hauteur=720
2026-08-02T18:43:11.091227Z  INFO agent::encode::arret: IMFShutdown::Shutdown : avant mft="encodeur"
2026-08-02T18:43:11.091243Z  INFO agent::capteur::distante: canal rattaché au capteur largeur=1280 hauteur=720
2026-08-02T18:43:11.091505Z  INFO agent::capteur::fenetre: fenêtre attachée au capteur session=w-2 sortie=\\.\DISPLAY5 largeur=1280 hauteur=720
2026-08-02T18:43:11.091514Z  INFO agent::capteur::fenetre: l'enfant a fermé le canal session=w-2 images=0
2026-08-02T18:43:11.091521Z  INFO agent::capteur::tube: attaché au capteur session=w-2 sortie=\\.\DISPLAY5 largeur=1280 hauteur=720
2026-08-02T18:43:11.091559Z  INFO agent::encode::arret: IMFShutdown::Shutdown : avant mft="encodeur"
2026-08-02T18:43:11.091562Z  INFO agent::capteur::distante: canal rattaché au capteur largeur=1280 hauteur=720
2026-08-02T18:43:11.091731Z  INFO agent::encode::arret: IMFShutdown::Shutdown : après mft="encodeur"
2026-08-02T18:43:11.092210Z  INFO agent::encode::arret: IMFShutdown::Shutdown : après mft="encodeur"
2026-08-02T18:43:11.114176Z  WARN agent::capteur::serveur: DIAGNOSTIC : fil lecteur de commandes NON lancé
2026-08-02T18:43:11.114642Z  INFO agent::capture::ouverture: sortie retenue pour la duplication adaptateur=NVIDIA GeForce RTX 4070 index_adaptateur=0 index_sortie=1 nom_sortie=\\.\DISPLAY5 attachee=true
2026-08-02T18:43:11.121830Z  WARN agent::capteur::serveur: DIAGNOSTIC : fil lecteur de commandes NON lancé
2026-08-02T18:43:11.122251Z  INFO agent::capture::ouverture: sortie retenue pour la duplication adaptateur=NVIDIA GeForce RTX 4070 index_adaptateur=0 index_sortie=2 nom_sortie=\\.\DISPLAY6 attachee=true
2026-08-02T18:43:11.174836Z  INFO agent::capture::ouverture: protection multi-fils activée sur le contexte immédiat D3D11 protection_precedente=false
2026-08-02T18:43:11.175729Z  INFO agent::capture: duplication de sortie établie desktop_width=1280 desktop_height=720
2026-08-02T18:43:11.175768Z  INFO agent::encode: encodeur matériel retenu encodeur=NVIDIA H.264 Encoder MFT
2026-08-02T18:43:11.192778Z  INFO agent::capture::ouverture: protection multi-fils activée sur le contexte immédiat D3D11 protection_precedente=false
2026-08-02T18:43:11.193048Z  INFO agent::capture: duplication de sortie établie desktop_width=1280 desktop_height=720
2026-08-02T18:43:11.193091Z  INFO agent::encode: encodeur matériel retenu encodeur=NVIDIA H.264 Encoder MFT
2026-08-02T18:43:11.290792Z  INFO agent::encode::arret: file de travail sérialisée imposée mft="encodeur" file=27264204
2026-08-02T18:43:11.291027Z  INFO agent::encode: convertisseur BGRA→NV12 (Video Processor MFT) configuré converter_provides_samples=true
2026-08-02T18:43:11.291173Z  INFO agent::encode::arret: file de travail sérialisée imposée mft="encodeur" file=14025930
2026-08-02T18:43:11.291313Z  INFO agent::capteur::fenetre: fenêtre attachée au capteur session=w-4 sortie=\\.\DISPLAY6 largeur=1280 hauteur=720
2026-08-02T18:43:11.291322Z  INFO agent::capteur::fenetre: l'enfant a fermé le canal session=w-4 images=0
2026-08-02T18:43:11.291328Z  INFO agent::capteur::tube: attaché au capteur session=w-4 sortie=\\.\DISPLAY6 largeur=1280 hauteur=720
2026-08-02T18:43:11.291366Z  INFO agent::encode: convertisseur BGRA→NV12 (Video Processor MFT) configuré converter_provides_samples=true
2026-08-02T18:43:11.291376Z  INFO agent::encode::arret: IMFShutdown::Shutdown : avant mft="encodeur"
2026-08-02T18:43:11.291381Z  INFO agent::capteur::distante: canal rattaché au capteur largeur=1280 hauteur=720
2026-08-02T18:43:11.291719Z  INFO agent::capteur::fenetre: fenêtre attachée au capteur session=w-2 sortie=\\.\DISPLAY5 largeur=1280 hauteur=720
2026-08-02T18:43:11.291731Z  INFO agent::capteur::tube: attaché au capteur session=w-2 sortie=\\.\DISPLAY5 largeur=1280 hauteur=720
2026-08-02T18:43:11.291735Z  INFO agent::capteur::fenetre: l'enfant a fermé le canal session=w-2 images=0
2026-08-02T18:43:11.291777Z  INFO agent::capteur::distante: canal rattaché au capteur largeur=1280 hauteur=720
2026-08-02T18:43:11.291818Z  INFO agent::encode::arret: IMFShutdown::Shutdown : avant mft="encodeur"
2026-08-02T18:43:11.291898Z  INFO agent::encode::arret: IMFShutdown::Shutdown : après mft="encodeur"
2026-08-02T18:43:11.292417Z  INFO agent::encode::arret: IMFShutdown::Shutdown : après mft="encodeur"
2026-08-02T18:43:11.312235Z  WARN agent::capteur::serveur: DIAGNOSTIC : fil lecteur de commandes NON lancé
2026-08-02T18:43:11.312683Z  INFO agent::capture::ouverture: sortie retenue pour la duplication adaptateur=NVIDIA GeForce RTX 4070 index_adaptateur=0 index_sortie=2 nom_sortie=\\.\DISPLAY6 attachee=true
2026-08-02T18:43:11.322174Z  WARN agent::capteur::serveur: DIAGNOSTIC : fil lecteur de commandes NON lancé
2026-08-02T18:43:11.322549Z  INFO agent::capture::ouverture: sortie retenue pour la duplication adaptateur=NVIDIA GeForce RTX 4070 index_adaptateur=0 index_sortie=1 nom_sortie=\\.\DISPLAY5 attachee=true
2026-08-02T18:43:11.374266Z  INFO agent::capture::ouverture: protection multi-fils activée sur le contexte immédiat D3D11 protection_precedente=false
2026-08-02T18:43:11.374499Z  INFO agent::capture: duplication de sortie établie desktop_width=1280 desktop_height=720
2026-08-02T18:43:11.374538Z  INFO agent::encode: encodeur matériel retenu encodeur=NVIDIA H.264 Encoder MFT
2026-08-02T18:43:11.392192Z  INFO agent::capture::ouverture: protection multi-fils activée sur le contexte immédiat D3D11 protection_precedente=false
2026-08-02T18:43:11.392434Z  INFO agent::capture: duplication de sortie établie desktop_width=1280 desktop_height=720
2026-08-02T18:43:11.392475Z  INFO agent::encode: encodeur matériel retenu encodeur=NVIDIA H.264 Encoder MFT
2026-08-02T18:43:11.479259Z  INFO agent::encode::arret: file de travail sérialisée imposée mft="encodeur" file=27395282
2026-08-02T18:43:11.479470Z  INFO agent::encode::arret: file de travail sérialisée imposée mft="encodeur" file=14025936
2026-08-02T18:43:11.479479Z  INFO agent::encode: convertisseur BGRA→NV12 (Video Processor MFT) configuré converter_provides_samples=true
2026-08-02T18:43:11.479650Z  INFO agent::encode: convertisseur BGRA→NV12 (Video Processor MFT) configuré converter_provides_samples=true
2026-08-02T18:43:11.479735Z  INFO agent::capteur::fenetre: fenêtre attachée au capteur session=w-2 sortie=\\.\DISPLAY5 largeur=1280 hauteur=720
2026-08-02T18:43:11.479744Z  INFO agent::capteur::fenetre: l'enfant a fermé le canal session=w-2 images=0
2026-08-02T18:43:11.479749Z  INFO agent::capteur::tube: attaché au capteur session=w-2 sortie=\\.\DISPLAY5 largeur=1280 hauteur=720
2026-08-02T18:43:11.479796Z  INFO agent::capteur::distante: canal rattaché au capteur largeur=1280 hauteur=720
2026-08-02T18:43:11.479798Z  INFO agent::encode::arret: IMFShutdown::Shutdown : avant mft="encodeur"
2026-08-02T18:43:11.479944Z  INFO agent::capteur::tube: attaché au capteur session=w-4 sortie=\\.\DISPLAY6 largeur=1280 hauteur=720
2026-08-02T18:43:11.479933Z  INFO agent::capteur::fenetre: fenêtre attachée au capteur session=w-4 sortie=\\.\DISPLAY6 largeur=1280 hauteur=720
2026-08-02T18:43:11.479960Z  INFO agent::capteur::fenetre: l'enfant a fermé le canal session=w-4 images=0
2026-08-02T18:43:11.479990Z  INFO agent::capteur::distante: canal rattaché au capteur largeur=1280 hauteur=720
2026-08-02T18:43:11.480002Z  INFO agent::encode::arret: IMFShutdown::Shutdown : avant mft="encodeur"
2026-08-02T18:43:11.480422Z  INFO agent::encode::arret: IMFShutdown::Shutdown : après mft="encodeur"
2026-08-02T18:43:11.480627Z  INFO agent::encode::arret: IMFShutdown::Shutdown : après mft="encodeur"
2026-08-02T18:43:11.501282Z  WARN agent::capteur::serveur: DIAGNOSTIC : fil lecteur de commandes NON lancé
2026-08-02T18:43:11.501734Z  INFO agent::capture::ouverture: sortie retenue pour la duplication adaptateur=NVIDIA GeForce RTX 4070 index_adaptateur=0 index_sortie=2 nom_sortie=\\.\DISPLAY6 attachee=true
2026-08-02T18:43:11.510337Z  WARN agent::capteur::serveur: DIAGNOSTIC : fil lecteur de commandes NON lancé
2026-08-02T18:43:11.510695Z  INFO agent::capture::ouverture: sortie retenue pour la duplication adaptateur=NVIDIA GeForce RTX 4070 index_adaptateur=0 index_sortie=1 nom_sortie=\\.\DISPLAY5 attachee=true
2026-08-02T18:43:11.564164Z  INFO agent::capture::ouverture: protection multi-fils activée sur le contexte immédiat D3D11 protection_precedente=false
2026-08-02T18:43:11.564401Z  INFO agent::capture: duplication de sortie établie desktop_width=1280 desktop_height=720
2026-08-02T18:43:11.564439Z  INFO agent::encode: encodeur matériel retenu encodeur=NVIDIA H.264 Encoder MFT
2026-08-02T18:43:11.582480Z  INFO agent::capture::ouverture: protection multi-fils activée sur le contexte immédiat D3D11 protection_precedente=false
2026-08-02T18:43:11.582713Z  INFO agent::capture: duplication de sortie établie desktop_width=1280 desktop_height=720
2026-08-02T18:43:11.582754Z  INFO agent::encode: encodeur matériel retenu encodeur=NVIDIA H.264 Encoder MFT
2026-08-02T18:43:11.671903Z  INFO agent::encode::arret: file de travail sérialisée imposée mft="encodeur" file=27526360
2026-08-02T18:43:11.672148Z  INFO agent::encode: convertisseur BGRA→NV12 (Video Processor MFT) configuré converter_provides_samples=true
2026-08-02T18:43:11.672275Z  INFO agent::encode::arret: file de travail sérialisée imposée mft="encodeur" file=14025942
2026-08-02T18:43:11.672443Z  INFO agent::capteur::fenetre: fenêtre attachée au capteur session=w-2 sortie=\\.\DISPLAY5 largeur=1280 hauteur=720
2026-08-02T18:43:11.672452Z  INFO agent::capteur::fenetre: l'enfant a fermé le canal session=w-2 images=0
2026-08-02T18:43:11.672458Z  INFO agent::capteur::tube: attaché au capteur session=w-2 sortie=\\.\DISPLAY5 largeur=1280 hauteur=720
2026-08-02T18:43:11.672465Z  INFO agent::encode: convertisseur BGRA→NV12 (Video Processor MFT) configuré converter_provides_samples=true
2026-08-02T18:43:11.672498Z  INFO agent::encode::arret: IMFShutdown::Shutdown : avant mft="encodeur"
2026-08-02T18:43:11.672511Z  INFO agent::capteur::distante: canal rattaché au capteur largeur=1280 hauteur=720
2026-08-02T18:43:11.672799Z  INFO agent::capteur::fenetre: fenêtre attachée au capteur session=w-4 sortie=\\.\DISPLAY6 largeur=1280 hauteur=720
2026-08-02T18:43:11.672809Z  INFO agent::capteur::tube: attaché au capteur session=w-4 sortie=\\.\DISPLAY6 largeur=1280 hauteur=720
2026-08-02T18:43:11.672813Z  INFO agent::capteur::fenetre: l'enfant a fermé le canal session=w-4 images=0
2026-08-02T18:43:11.672845Z  INFO agent::capteur::distante: canal rattaché au capteur largeur=1280 hauteur=720
2026-08-02T18:43:11.672868Z  INFO agent::encode::arret: IMFShutdown::Shutdown : avant mft="encodeur"
2026-08-02T18:43:11.672977Z  INFO agent::encode::arret: IMFShutdown::Shutdown : après mft="encodeur"
2026-08-02T18:43:11.673488Z  INFO agent::encode::arret: IMFShutdown::Shutdown : après mft="encodeur"
2026-08-02T18:43:11.695951Z  WARN agent::capteur::serveur: DIAGNOSTIC : fil lecteur de commandes NON lancé
2026-08-02T18:43:11.696439Z  INFO agent::capture::ouverture: sortie retenue pour la duplication adaptateur=NVIDIA GeForce RTX 4070 index_adaptateur=0 index_sortie=2 nom_sortie=\\.\DISPLAY6 attachee=true
2026-08-02T18:43:11.702754Z  WARN agent::capteur::serveur: DIAGNOSTIC : fil lecteur de commandes NON lancé
2026-08-02T18:43:11.703100Z  INFO agent::capture::ouverture: sortie retenue pour la duplication adaptateur=NVIDIA GeForce RTX 4070 index_adaptateur=0 index_sortie=1 nom_sortie=\\.\DISPLAY5 attachee=true
2026-08-02T18:43:11.763707Z  INFO agent::capture::ouverture: protection multi-fils activée sur le contexte immédiat D3D11 protection_precedente=false
2026-08-02T18:43:11.763987Z  INFO agent::capture: duplication de sortie établie desktop_width=1280 desktop_height=720
2026-08-02T18:43:11.764027Z  INFO agent::encode: encodeur matériel retenu encodeur=NVIDIA H.264 Encoder MFT
2026-08-02T18:43:11.782367Z  INFO agent::capture::ouverture: protection multi-fils activée sur le contexte immédiat D3D11 protection_precedente=false
2026-08-02T18:43:11.782613Z  INFO agent::capture: duplication de sortie établie desktop_width=1280 desktop_height=720
2026-08-02T18:43:11.782655Z  INFO agent::encode: encodeur matériel retenu encodeur=NVIDIA H.264 Encoder MFT
2026-08-02T18:43:11.875850Z  INFO agent::encode::arret: file de travail sérialisée imposée mft="encodeur" file=27657438
2026-08-02T18:43:11.876084Z  INFO agent::encode: convertisseur BGRA→NV12 (Video Processor MFT) configuré converter_provides_samples=true
2026-08-02T18:43:11.876373Z  INFO agent::capteur::fenetre: fenêtre attachée au capteur session=w-2 sortie=\\.\DISPLAY5 largeur=1280 hauteur=720
2026-08-02T18:43:11.876386Z  INFO agent::capteur::fenetre: l'enfant a fermé le canal session=w-2 images=0
2026-08-02T18:43:11.876387Z  INFO agent::capteur::tube: attaché au capteur session=w-2 sortie=\\.\DISPLAY5 largeur=1280 hauteur=720
2026-08-02T18:43:11.876441Z  INFO agent::capteur::distante: canal rattaché au capteur largeur=1280 hauteur=720
2026-08-02T18:43:11.876450Z  INFO agent::encode::arret: IMFShutdown::Shutdown : avant mft="encodeur"
2026-08-02T18:43:11.876977Z  INFO agent::encode::arret: IMFShutdown::Shutdown : après mft="encodeur"
2026-08-02T18:43:11.883014Z  INFO agent::encode::arret: file de travail sérialisée imposée mft="encodeur" file=14025948
2026-08-02T18:43:11.883315Z  INFO agent::encode: convertisseur BGRA→NV12 (Video Processor MFT) configuré converter_provides_samples=true
2026-08-02T18:43:11.883647Z  INFO agent::capteur::fenetre: fenêtre attachée au capteur session=w-4 sortie=\\.\DISPLAY6 largeur=1280 hauteur=720
2026-08-02T18:43:11.883658Z  INFO agent::capteur::fenetre: l'enfant a fermé le canal session=w-4 images=0
2026-08-02T18:43:11.883694Z  INFO agent::capteur::tube: attaché au capteur session=w-4 sortie=\\.\DISPLAY6 largeur=1280 hauteur=720
2026-08-02T18:43:11.883704Z  INFO agent::encode::arret: IMFShutdown::Shutdown : avant mft="encodeur"
2026-08-02T18:43:11.883746Z  INFO agent::capteur::distante: canal rattaché au capteur largeur=1280 hauteur=720
2026-08-02T18:43:11.884476Z  INFO agent::encode::arret: IMFShutdown::Shutdown : après mft="encodeur"
2026-08-02T18:43:11.907499Z  WARN agent::capteur::serveur: DIAGNOSTIC : fil lecteur de commandes NON lancé
2026-08-02T18:43:11.907841Z  INFO agent::capture::ouverture: sortie retenue pour la duplication adaptateur=NVIDIA GeForce RTX 4070 index_adaptateur=0 index_sortie=1 nom_sortie=\\.\DISPLAY5 attachee=true
2026-08-02T18:43:11.914133Z  WARN agent::capteur::serveur: DIAGNOSTIC : fil lecteur de commandes NON lancé
2026-08-02T18:43:11.914428Z  INFO agent::capture::ouverture: sortie retenue pour la duplication adaptateur=NVIDIA GeForce RTX 4070 index_adaptateur=0 index_sortie=2 nom_sortie=\\.\DISPLAY6 attachee=true
2026-08-02T18:43:11.968166Z  INFO agent::capture::ouverture: protection multi-fils activée sur le contexte immédiat D3D11 protection_precedente=false
2026-08-02T18:43:11.968450Z  INFO agent::capture: duplication de sortie établie desktop_width=1280 desktop_height=720
2026-08-02T18:43:11.968501Z  INFO agent::encode: encodeur matériel retenu encodeur=NVIDIA H.264 Encoder MFT
2026-08-02T18:43:11.987836Z  INFO agent::capture::ouverture: protection multi-fils activée sur le contexte immédiat D3D11 protection_precedente=false
2026-08-02T18:43:11.988112Z  INFO agent::capture: duplication de sortie établie desktop_width=1280 desktop_height=720
2026-08-02T18:43:11.988153Z  INFO agent::encode: encodeur matériel retenu encodeur=NVIDIA H.264 Encoder MFT
2026-08-02T18:43:12.077763Z  INFO agent::encode::arret: file de travail sérialisée imposée mft="encodeur" file=27788516
2026-08-02T18:43:12.078001Z  INFO agent::encode::arret: file de travail sérialisée imposée mft="encodeur" file=14025954
2026-08-02T18:43:12.078004Z  INFO agent::encode: convertisseur BGRA→NV12 (Video Processor MFT) configuré converter_provides_samples=true
2026-08-02T18:43:12.078192Z  INFO agent::encode: convertisseur BGRA→NV12 (Video Processor MFT) configuré converter_provides_samples=true
2026-08-02T18:43:12.078281Z  INFO agent::capteur::fenetre: fenêtre attachée au capteur session=w-4 sortie=\\.\DISPLAY6 largeur=1280 hauteur=720
2026-08-02T18:43:12.078290Z  INFO agent::capteur::fenetre: l'enfant a fermé le canal session=w-4 images=0
2026-08-02T18:43:12.078297Z  INFO agent::capteur::tube: attaché au capteur session=w-4 sortie=\\.\DISPLAY6 largeur=1280 hauteur=720
2026-08-02T18:43:12.078348Z  INFO agent::encode::arret: IMFShutdown::Shutdown : avant mft="encodeur"
2026-08-02T18:43:12.078363Z  INFO agent::capteur::distante: canal rattaché au capteur largeur=1280 hauteur=720
2026-08-02T18:43:12.078448Z  INFO agent::capteur::fenetre: fenêtre attachée au capteur session=w-2 sortie=\\.\DISPLAY5 largeur=1280 hauteur=720
2026-08-02T18:43:12.078460Z  INFO agent::capteur::fenetre: l'enfant a fermé le canal session=w-2 images=0
2026-08-02T18:43:12.078459Z  INFO agent::capteur::tube: attaché au capteur session=w-2 sortie=\\.\DISPLAY5 largeur=1280 hauteur=720
2026-08-02T18:43:12.078500Z  INFO agent::capteur::distante: canal rattaché au capteur largeur=1280 hauteur=720
2026-08-02T18:43:12.078509Z  INFO agent::encode::arret: IMFShutdown::Shutdown : avant mft="encodeur"
2026-08-02T18:43:12.078952Z  INFO agent::encode::arret: IMFShutdown::Shutdown : après mft="encodeur"
2026-08-02T18:43:12.079179Z  INFO agent::encode::arret: IMFShutdown::Shutdown : après mft="encodeur"
2026-08-02T18:43:12.101407Z  WARN agent::capteur::serveur: DIAGNOSTIC : fil lecteur de commandes NON lancé
2026-08-02T18:43:12.101864Z  INFO agent::capture::ouverture: sortie retenue pour la duplication adaptateur=NVIDIA GeForce RTX 4070 index_adaptateur=0 index_sortie=1 nom_sortie=\\.\DISPLAY5 attachee=true
2026-08-02T18:43:12.109030Z  WARN agent::capteur::serveur: DIAGNOSTIC : fil lecteur de commandes NON lancé
2026-08-02T18:43:12.109396Z  INFO agent::capture::ouverture: sortie retenue pour la duplication adaptateur=NVIDIA GeForce RTX 4070 index_adaptateur=0 index_sortie=2 nom_sortie=\\.\DISPLAY6 attachee=true
2026-08-02T18:43:12.162323Z  INFO agent::capture::ouverture: protection multi-fils activée sur le contexte immédiat D3D11 protection_precedente=false
2026-08-02T18:43:12.162554Z  INFO agent::capture: duplication de sortie établie desktop_width=1280 desktop_height=720
2026-08-02T18:43:12.162594Z  INFO agent::encode: encodeur matériel retenu encodeur=NVIDIA H.264 Encoder MFT
2026-08-02T18:43:12.181734Z  INFO agent::capture::ouverture: protection multi-fils activée sur le contexte immédiat D3D11 protection_precedente=false
2026-08-02T18:43:12.182083Z  INFO agent::capture: duplication de sortie établie desktop_width=1280 desktop_height=720
2026-08-02T18:43:12.182123Z  INFO agent::encode: encodeur matériel retenu encodeur=NVIDIA H.264 Encoder MFT
2026-08-02T18:43:12.260764Z  INFO agent::encode::arret: file de travail sérialisée imposée mft="encodeur" file=14025960
2026-08-02T18:43:12.260985Z  INFO agent::encode: convertisseur BGRA→NV12 (Video Processor MFT) configuré converter_provides_samples=true
2026-08-02T18:43:12.261243Z  INFO agent::capteur::fenetre: fenêtre attachée au capteur session=w-2 sortie=\\.\DISPLAY5 largeur=1280 hauteur=720
2026-08-02T18:43:12.261254Z  INFO agent::capteur::fenetre: l'enfant a fermé le canal session=w-2 images=0
2026-08-02T18:43:12.261262Z  INFO agent::capteur::tube: attaché au capteur session=w-2 sortie=\\.\DISPLAY5 largeur=1280 hauteur=720
2026-08-02T18:43:12.261312Z  INFO agent::encode::arret: IMFShutdown::Shutdown : avant mft="encodeur"
2026-08-02T18:43:12.261323Z  INFO agent::capteur::distante: canal rattaché au capteur largeur=1280 hauteur=720
2026-08-02T18:43:12.263049Z  INFO agent::encode::arret: IMFShutdown::Shutdown : après mft="encodeur"
2026-08-02T18:43:12.281431Z  INFO agent::encode::arret: file de travail sérialisée imposée mft="encodeur" file=27919594
2026-08-02T18:43:12.281664Z  INFO agent::encode: convertisseur BGRA→NV12 (Video Processor MFT) configuré converter_provides_samples=true
2026-08-02T18:43:12.282058Z  INFO agent::capteur::fenetre: fenêtre attachée au capteur session=w-4 sortie=\\.\DISPLAY6 largeur=1280 hauteur=720
2026-08-02T18:43:12.282073Z  INFO agent::capteur::fenetre: l'enfant a fermé le canal session=w-4 images=0
2026-08-02T18:43:12.282073Z  INFO agent::capteur::tube: attaché au capteur session=w-4 sortie=\\.\DISPLAY6 largeur=1280 hauteur=720
2026-08-02T18:43:12.282131Z  INFO agent::capteur::distante: canal rattaché au capteur largeur=1280 hauteur=720
2026-08-02T18:43:12.282137Z  INFO agent::encode::arret: IMFShutdown::Shutdown : avant mft="encodeur"
2026-08-02T18:43:12.282765Z  INFO agent::encode::arret: IMFShutdown::Shutdown : après mft="encodeur"
2026-08-02T18:43:12.292581Z  WARN agent::capteur::serveur: DIAGNOSTIC : fil lecteur de commandes NON lancé
2026-08-02T18:43:12.292953Z  INFO agent::capture::ouverture: sortie retenue pour la duplication adaptateur=NVIDIA GeForce RTX 4070 index_adaptateur=0 index_sortie=1 nom_sortie=\\.\DISPLAY5 attachee=true
2026-08-02T18:43:12.303304Z  WARN agent::capteur::serveur: DIAGNOSTIC : fil lecteur de commandes NON lancé
2026-08-02T18:43:12.303697Z  INFO agent::capture::ouverture: sortie retenue pour la duplication adaptateur=NVIDIA GeForce RTX 4070 index_adaptateur=0 index_sortie=2 nom_sortie=\\.\DISPLAY6 attachee=true
2026-08-02T18:43:12.313574Z  INFO agent::capture::ouverture: protection multi-fils activée sur le contexte immédiat D3D11 protection_precedente=false
2026-08-02T18:43:12.313813Z  INFO agent::capture: duplication de sortie établie desktop_width=1280 desktop_height=720
2026-08-02T18:43:12.313854Z  INFO agent::encode: encodeur matériel retenu encodeur=NVIDIA H.264 Encoder MFT
2026-08-02T18:43:12.332405Z  INFO agent::capture::ouverture: protection multi-fils activée sur le contexte immédiat D3D11 protection_precedente=false
2026-08-02T18:43:12.332646Z  INFO agent::capture: duplication de sortie établie desktop_width=1280 desktop_height=720
2026-08-02T18:43:12.332685Z  INFO agent::encode: encodeur matériel retenu encodeur=NVIDIA H.264 Encoder MFT
2026-08-02T18:43:12.420539Z  INFO agent::encode::arret: file de travail sérialisée imposée mft="encodeur" file=14025966
2026-08-02T18:43:12.420777Z  INFO agent::encode: convertisseur BGRA→NV12 (Video Processor MFT) configuré converter_provides_samples=true
2026-08-02T18:43:12.420815Z  INFO agent::encode::arret: file de travail sérialisée imposée mft="encodeur" file=28050672
2026-08-02T18:43:12.420997Z  INFO agent::encode: convertisseur BGRA→NV12 (Video Processor MFT) configuré converter_provides_samples=true
2026-08-02T18:43:12.421051Z  INFO agent::capteur::fenetre: fenêtre attachée au capteur session=w-2 sortie=\\.\DISPLAY5 largeur=1280 hauteur=720
2026-08-02T18:43:12.421062Z  INFO agent::capteur::fenetre: l'enfant a fermé le canal session=w-2 images=0
2026-08-02T18:43:12.421070Z  INFO agent::capteur::tube: attaché au capteur session=w-2 sortie=\\.\DISPLAY5 largeur=1280 hauteur=720
2026-08-02T18:43:12.421123Z  INFO agent::encode::arret: IMFShutdown::Shutdown : avant mft="encodeur"
2026-08-02T18:43:12.421133Z  INFO agent::capteur::distante: canal rattaché au capteur largeur=1280 hauteur=720
2026-08-02T18:43:12.421321Z  INFO agent::capteur::fenetre: fenêtre attachée au capteur session=w-4 sortie=\\.\DISPLAY6 largeur=1280 hauteur=720
2026-08-02T18:43:12.421331Z  INFO agent::capteur::tube: attaché au capteur session=w-4 sortie=\\.\DISPLAY6 largeur=1280 hauteur=720
2026-08-02T18:43:12.421333Z  INFO agent::capteur::fenetre: l'enfant a fermé le canal session=w-4 images=0
2026-08-02T18:43:12.421369Z  INFO agent::capteur::distante: canal rattaché au capteur largeur=1280 hauteur=720
2026-08-02T18:43:12.421380Z  INFO agent::encode::arret: IMFShutdown::Shutdown : avant mft="encodeur"
2026-08-02T18:43:12.421779Z  INFO agent::encode::arret: IMFShutdown::Shutdown : après mft="encodeur"
2026-08-02T18:43:12.422067Z  INFO agent::encode::arret: IMFShutdown::Shutdown : après mft="encodeur"
2026-08-02T18:43:12.441486Z  WARN agent::capteur::serveur: DIAGNOSTIC : fil lecteur de commandes NON lancé
2026-08-02T18:43:12.441997Z  INFO agent::capture::ouverture: sortie retenue pour la duplication adaptateur=NVIDIA GeForce RTX 4070 index_adaptateur=0 index_sortie=1 nom_sortie=\\.\DISPLAY5 attachee=true
2026-08-02T18:43:12.452151Z  WARN agent::capteur::serveur: DIAGNOSTIC : fil lecteur de commandes NON lancé
2026-08-02T18:43:12.452462Z  INFO agent::capture::ouverture: sortie retenue pour la duplication adaptateur=NVIDIA GeForce RTX 4070 index_adaptateur=0 index_sortie=2 nom_sortie=\\.\DISPLAY6 attachee=true
2026-08-02T18:43:12.504965Z  INFO agent::capture::ouverture: protection multi-fils activée sur le contexte immédiat D3D11 protection_precedente=false
2026-08-02T18:43:12.505200Z  INFO agent::capture: duplication de sortie établie desktop_width=1280 desktop_height=720
2026-08-02T18:43:12.505238Z  INFO agent::encode: encodeur matériel retenu encodeur=NVIDIA H.264 Encoder MFT
2026-08-02T18:43:12.522467Z  INFO agent::capture::ouverture: protection multi-fils activée sur le contexte immédiat D3D11 protection_precedente=false
2026-08-02T18:43:12.522690Z  INFO agent::capture: duplication de sortie établie desktop_width=1280 desktop_height=720
2026-08-02T18:43:12.522731Z  INFO agent::encode: encodeur matériel retenu encodeur=NVIDIA H.264 Encoder MFT
2026-08-02T18:43:12.608522Z  INFO agent::encode::arret: file de travail sérialisée imposée mft="encodeur" file=28181750
2026-08-02T18:43:12.608667Z  INFO agent::encode::arret: file de travail sérialisée imposée mft="encodeur" file=14025972
2026-08-02T18:43:12.608754Z  INFO agent::encode: convertisseur BGRA→NV12 (Video Processor MFT) configuré converter_provides_samples=true
2026-08-02T18:43:12.608855Z  INFO agent::encode: convertisseur BGRA→NV12 (Video Processor MFT) configuré converter_provides_samples=true
2026-08-02T18:43:12.609030Z  INFO agent::capteur::fenetre: fenêtre attachée au capteur session=w-4 sortie=\\.\DISPLAY6 largeur=1280 hauteur=720
2026-08-02T18:43:12.609039Z  INFO agent::capteur::fenetre: l'enfant a fermé le canal session=w-4 images=0
2026-08-02T18:43:12.609048Z  INFO agent::capteur::tube: attaché au capteur session=w-4 sortie=\\.\DISPLAY6 largeur=1280 hauteur=720
2026-08-02T18:43:12.609098Z  INFO agent::encode::arret: IMFShutdown::Shutdown : avant mft="encodeur"
2026-08-02T18:43:12.609107Z  INFO agent::capteur::distante: canal rattaché au capteur largeur=1280 hauteur=720
2026-08-02T18:43:12.609140Z  INFO agent::capteur::fenetre: fenêtre attachée au capteur session=w-2 sortie=\\.\DISPLAY5 largeur=1280 hauteur=720
2026-08-02T18:43:12.609152Z  INFO agent::capteur::fenetre: l'enfant a fermé le canal session=w-2 images=0
2026-08-02T18:43:12.609152Z  INFO agent::capteur::tube: attaché au capteur session=w-2 sortie=\\.\DISPLAY5 largeur=1280 hauteur=720
2026-08-02T18:43:12.609191Z  INFO agent::encode::arret: IMFShutdown::Shutdown : avant mft="encodeur"
2026-08-02T18:43:12.609201Z  INFO agent::capteur::distante: canal rattaché au capteur largeur=1280 hauteur=720
2026-08-02T18:43:12.609705Z  INFO agent::encode::arret: IMFShutdown::Shutdown : après mft="encodeur"
2026-08-02T18:43:12.609854Z  INFO agent::encode::arret: IMFShutdown::Shutdown : après mft="encodeur"
2026-08-02T18:43:12.632396Z  WARN agent::capteur::serveur: DIAGNOSTIC : fil lecteur de commandes NON lancé
2026-08-02T18:43:12.632859Z  INFO agent::capture::ouverture: sortie retenue pour la duplication adaptateur=NVIDIA GeForce RTX 4070 index_adaptateur=0 index_sortie=1 nom_sortie=\\.\DISPLAY5 attachee=true
2026-08-02T18:43:12.639637Z  WARN agent::capteur::serveur: DIAGNOSTIC : fil lecteur de commandes NON lancé
2026-08-02T18:43:12.640035Z  INFO agent::capture::ouverture: sortie retenue pour la duplication adaptateur=NVIDIA GeForce RTX 4070 index_adaptateur=0 index_sortie=2 nom_sortie=\\.\DISPLAY6 attachee=true
2026-08-02T18:43:12.694851Z  INFO agent::capture::ouverture: protection multi-fils activée sur le contexte immédiat D3D11 protection_precedente=false
2026-08-02T18:43:12.695089Z  INFO agent::capture: duplication de sortie établie desktop_width=1280 desktop_height=720
2026-08-02T18:43:12.695128Z  INFO agent::encode: encodeur matériel retenu encodeur=NVIDIA H.264 Encoder MFT
2026-08-02T18:43:12.712452Z  INFO agent::capture::ouverture: protection multi-fils activée sur le contexte immédiat D3D11 protection_precedente=false
2026-08-02T18:43:12.712684Z  INFO agent::capture: duplication de sortie établie desktop_width=1280 desktop_height=720
2026-08-02T18:43:12.712726Z  INFO agent::encode: encodeur matériel retenu encodeur=NVIDIA H.264 Encoder MFT
2026-08-02T18:43:12.799351Z  INFO agent::encode::arret: file de travail sérialisée imposée mft="encodeur" file=14025978
2026-08-02T18:43:12.799563Z  INFO agent::encode::arret: file de travail sérialisée imposée mft="encodeur" file=28312828
2026-08-02T18:43:12.799592Z  INFO agent::encode: convertisseur BGRA→NV12 (Video Processor MFT) configuré converter_provides_samples=true
2026-08-02T18:43:12.799753Z  INFO agent::encode: convertisseur BGRA→NV12 (Video Processor MFT) configuré converter_provides_samples=true
2026-08-02T18:43:12.799884Z  INFO agent::capteur::fenetre: fenêtre attachée au capteur session=w-2 sortie=\\.\DISPLAY5 largeur=1280 hauteur=720
2026-08-02T18:43:12.799894Z  INFO agent::capteur::fenetre: l'enfant a fermé le canal session=w-2 images=0
2026-08-02T18:43:12.799897Z  INFO agent::capteur::tube: attaché au capteur session=w-2 sortie=\\.\DISPLAY5 largeur=1280 hauteur=720
2026-08-02T18:43:12.799949Z  INFO agent::capteur::distante: canal rattaché au capteur largeur=1280 hauteur=720
2026-08-02T18:43:12.799952Z  INFO agent::encode::arret: IMFShutdown::Shutdown : avant mft="encodeur"
2026-08-02T18:43:12.799987Z  INFO agent::capteur::fenetre: fenêtre attachée au capteur session=w-4 sortie=\\.\DISPLAY6 largeur=1280 hauteur=720
2026-08-02T18:43:12.800000Z  INFO agent::capteur::fenetre: l'enfant a fermé le canal session=w-4 images=0
2026-08-02T18:43:12.800005Z  INFO agent::capteur::tube: attaché au capteur session=w-4 sortie=\\.\DISPLAY6 largeur=1280 hauteur=720
2026-08-02T18:43:12.800040Z  INFO agent::encode::arret: IMFShutdown::Shutdown : avant mft="encodeur"
2026-08-02T18:43:12.800062Z  INFO agent::capteur::distante: canal rattaché au capteur largeur=1280 hauteur=720
2026-08-02T18:43:12.800712Z  INFO agent::encode::arret: IMFShutdown::Shutdown : après mft="encodeur"
2026-08-02T18:43:12.800927Z  INFO agent::encode::arret: IMFShutdown::Shutdown : après mft="encodeur"
2026-08-02T18:43:12.820974Z  WARN agent::capteur::serveur: DIAGNOSTIC : fil lecteur de commandes NON lancé
2026-08-02T18:43:12.821444Z  INFO agent::capture::ouverture: sortie retenue pour la duplication adaptateur=NVIDIA GeForce RTX 4070 index_adaptateur=0 index_sortie=1 nom_sortie=\\.\DISPLAY5 attachee=true
2026-08-02T18:43:12.830451Z  WARN agent::capteur::serveur: DIAGNOSTIC : fil lecteur de commandes NON lancé
2026-08-02T18:43:12.830848Z  INFO agent::capture::ouverture: sortie retenue pour la duplication adaptateur=NVIDIA GeForce RTX 4070 index_adaptateur=0 index_sortie=2 nom_sortie=\\.\DISPLAY6 attachee=true
2026-08-02T18:43:12.884929Z  INFO agent::capture::ouverture: protection multi-fils activée sur le contexte immédiat D3D11 protection_precedente=false
2026-08-02T18:43:12.885197Z  INFO agent::capture: duplication de sortie établie desktop_width=1280 desktop_height=720
2026-08-02T18:43:12.885250Z  INFO agent::encode: encodeur matériel retenu encodeur=NVIDIA H.264 Encoder MFT
2026-08-02T18:43:12.902510Z  INFO agent::capture::ouverture: protection multi-fils activée sur le contexte immédiat D3D11 protection_precedente=false
2026-08-02T18:43:12.902743Z  INFO agent::capture: duplication de sortie établie desktop_width=1280 desktop_height=720
2026-08-02T18:43:12.902786Z  INFO agent::encode: encodeur matériel retenu encodeur=NVIDIA H.264 Encoder MFT
2026-08-02T18:43:12.995443Z  INFO agent::encode::arret: file de travail sérialisée imposée mft="encodeur" file=14025984
2026-08-02T18:43:12.995595Z  INFO agent::encode::arret: file de travail sérialisée imposée mft="encodeur" file=28443906
2026-08-02T18:43:12.995719Z  INFO agent::encode: convertisseur BGRA→NV12 (Video Processor MFT) configuré converter_provides_samples=true
2026-08-02T18:43:12.995784Z  INFO agent::encode: convertisseur BGRA→NV12 (Video Processor MFT) configuré converter_provides_samples=true
2026-08-02T18:43:12.996000Z  INFO agent::capteur::fenetre: fenêtre attachée au capteur session=w-2 sortie=\\.\DISPLAY5 largeur=1280 hauteur=720
2026-08-02T18:43:12.996012Z  INFO agent::capteur::fenetre: l'enfant a fermé le canal session=w-2 images=0
2026-08-02T18:43:12.996046Z  INFO agent::capteur::tube: attaché au capteur session=w-2 sortie=\\.\DISPLAY5 largeur=1280 hauteur=720
2026-08-02T18:43:12.996052Z  INFO agent::capteur::fenetre: fenêtre attachée au capteur session=w-4 sortie=\\.\DISPLAY6 largeur=1280 hauteur=720
2026-08-02T18:43:12.996064Z  INFO agent::capteur::tube: attaché au capteur session=w-4 sortie=\\.\DISPLAY6 largeur=1280 hauteur=720
2026-08-02T18:43:12.996070Z  INFO agent::capteur::fenetre: l'enfant a fermé le canal session=w-4 images=0
2026-08-02T18:43:12.996076Z  INFO agent::encode::arret: IMFShutdown::Shutdown : avant mft="encodeur"
2026-08-02T18:43:12.996108Z  INFO agent::capteur::distante: canal rattaché au capteur largeur=1280 hauteur=720
2026-08-02T18:43:12.996114Z  INFO agent::capteur::distante: canal rattaché au capteur largeur=1280 hauteur=720
2026-08-02T18:43:12.996117Z  INFO agent::encode::arret: IMFShutdown::Shutdown : avant mft="encodeur"
2026-08-02T18:43:12.996712Z  INFO agent::encode::arret: IMFShutdown::Shutdown : après mft="encodeur"
2026-08-02T18:43:12.996876Z  INFO agent::encode::arret: IMFShutdown::Shutdown : après mft="encodeur"
2026-08-02T18:43:13.026637Z  WARN agent::capteur::serveur: DIAGNOSTIC : fil lecteur de commandes NON lancé
2026-08-02T18:43:13.026973Z  INFO agent::capture::ouverture: sortie retenue pour la duplication adaptateur=NVIDIA GeForce RTX 4070 index_adaptateur=0 index_sortie=1 nom_sortie=\\.\DISPLAY5 attachee=true
2026-08-02T18:43:13.088276Z  INFO agent::capture::ouverture: protection multi-fils activée sur le contexte immédiat D3D11 protection_precedente=false
2026-08-02T18:43:13.088533Z  INFO agent::capture: duplication de sortie établie desktop_width=1280 desktop_height=720
2026-08-02T18:43:13.088585Z  INFO agent::encode: encodeur matériel retenu encodeur=NVIDIA H.264 Encoder MFT
2026-08-02T18:43:13.138646Z  INFO agent::encode::arret: file de travail sérialisée imposée mft="encodeur" file=14025990
2026-08-02T18:43:13.138860Z  INFO agent::encode: convertisseur BGRA→NV12 (Video Processor MFT) configuré converter_provides_samples=true
2026-08-02T18:43:13.139201Z  INFO agent::capteur::fenetre: fenêtre attachée au capteur session=w-2 sortie=\\.\DISPLAY5 largeur=1280 hauteur=720
2026-08-02T18:43:13.139212Z  INFO agent::capteur::fenetre: l'enfant a fermé le canal session=w-2 images=0
2026-08-02T18:43:13.139218Z  INFO agent::capteur::tube: attaché au capteur session=w-2 sortie=\\.\DISPLAY5 largeur=1280 hauteur=720
2026-08-02T18:43:13.139266Z  INFO agent::capteur::distante: canal rattaché au capteur largeur=1280 hauteur=720
2026-08-02T18:43:13.139267Z  INFO agent::encode::arret: IMFShutdown::Shutdown : avant mft="encodeur"
2026-08-02T18:43:13.139782Z  INFO agent::encode::arret: IMFShutdown::Shutdown : après mft="encodeur"
2026-08-02T18:43:13.159810Z  WARN agent::capteur::serveur: DIAGNOSTIC : fil lecteur de commandes NON lancé
2026-08-02T18:43:13.160169Z  INFO agent::capture::ouverture: sortie retenue pour la duplication adaptateur=NVIDIA GeForce RTX 4070 index_adaptateur=0 index_sortie=1 nom_sortie=\\.\DISPLAY5 attachee=true
2026-08-02T18:43:13.221208Z  INFO agent::capture::ouverture: protection multi-fils activée sur le contexte immédiat D3D11 protection_precedente=false
2026-08-02T18:43:13.221457Z  INFO agent::capture: duplication de sortie établie desktop_width=1280 desktop_height=720
2026-08-02T18:43:13.221496Z  INFO agent::encode: encodeur matériel retenu encodeur=NVIDIA H.264 Encoder MFT
2026-08-02T18:43:13.270479Z  INFO agent::encode::arret: file de travail sérialisée imposée mft="encodeur" file=14025993
2026-08-02T18:43:13.270694Z  INFO agent::encode: convertisseur BGRA→NV12 (Video Processor MFT) configuré converter_provides_samples=true
2026-08-02T18:43:13.270944Z  INFO agent::capteur::fenetre: fenêtre attachée au capteur session=w-2 sortie=\\.\DISPLAY5 largeur=1280 hauteur=720
2026-08-02T18:43:13.270953Z  INFO agent::capteur::fenetre: l'enfant a fermé le canal session=w-2 images=0
2026-08-02T18:43:13.270993Z  INFO agent::capteur::tube: attaché au capteur session=w-2 sortie=\\.\DISPLAY5 largeur=1280 hauteur=720
2026-08-02T18:43:13.271004Z  INFO agent::encode::arret: IMFShutdown::Shutdown : avant mft="encodeur"
2026-08-02T18:43:13.271045Z  INFO agent::capteur::distante: canal rattaché au capteur largeur=1280 hauteur=720
2026-08-02T18:43:13.271537Z  INFO agent::encode::arret: IMFShutdown::Shutdown : après mft="encodeur"
2026-08-02T18:43:13.276798Z  WARN agent::capteur::serveur: DIAGNOSTIC : fil lecteur de commandes NON lancé
2026-08-02T18:43:13.277129Z  INFO agent::capture::ouverture: sortie retenue pour la duplication adaptateur=NVIDIA GeForce RTX 4070 index_adaptateur=0 index_sortie=2 nom_sortie=\\.\DISPLAY6 attachee=true
2026-08-02T18:43:13.295793Z  INFO agent::capture::ouverture: protection multi-fils activée sur le contexte immédiat D3D11 protection_precedente=false
2026-08-02T18:43:13.296027Z  INFO agent::capture: duplication de sortie établie desktop_width=1280 desktop_height=720
2026-08-02T18:43:13.296067Z  INFO agent::encode: encodeur matériel retenu encodeur=NVIDIA H.264 Encoder MFT
2026-08-02T18:43:13.302108Z  WARN agent::capteur::serveur: DIAGNOSTIC : fil lecteur de commandes NON lancé
2026-08-02T18:43:13.302466Z  INFO agent::capture::ouverture: sortie retenue pour la duplication adaptateur=NVIDIA GeForce RTX 4070 index_adaptateur=0 index_sortie=1 nom_sortie=\\.\DISPLAY5 attachee=true
2026-08-02T18:43:13.333027Z  INFO agent::capture::ouverture: protection multi-fils activée sur le contexte immédiat D3D11 protection_precedente=false
2026-08-02T18:43:13.333268Z  INFO agent::capture: duplication de sortie établie desktop_width=1280 desktop_height=720
2026-08-02T18:43:13.333312Z  INFO agent::encode: encodeur matériel retenu encodeur=NVIDIA H.264 Encoder MFT
2026-08-02T18:43:13.374600Z  INFO agent::encode::arret: file de travail sérialisée imposée mft="encodeur" file=14025996
2026-08-02T18:43:13.374806Z  INFO agent::encode: convertisseur BGRA→NV12 (Video Processor MFT) configuré converter_provides_samples=true
2026-08-02T18:43:13.375088Z  INFO agent::capteur::fenetre: fenêtre attachée au capteur session=w-4 sortie=\\.\DISPLAY6 largeur=1280 hauteur=720
2026-08-02T18:43:13.375098Z  INFO agent::capteur::fenetre: l'enfant a fermé le canal session=w-4 images=0
2026-08-02T18:43:13.375104Z  INFO agent::capteur::tube: attaché au capteur session=w-4 sortie=\\.\DISPLAY6 largeur=1280 hauteur=720
2026-08-02T18:43:13.375156Z  INFO agent::capteur::distante: canal rattaché au capteur largeur=1280 hauteur=720
2026-08-02T18:43:13.375159Z  INFO agent::encode::arret: IMFShutdown::Shutdown : avant mft="encodeur"
2026-08-02T18:43:13.375598Z  INFO agent::encode::arret: IMFShutdown::Shutdown : après mft="encodeur"
2026-08-02T18:43:13.403833Z  INFO agent::encode::arret: file de travail sérialisée imposée mft="encodeur" file=28706062
2026-08-02T18:43:13.404063Z  INFO agent::encode: convertisseur BGRA→NV12 (Video Processor MFT) configuré converter_provides_samples=true
2026-08-02T18:43:13.404375Z  INFO agent::capteur::fenetre: fenêtre attachée au capteur session=w-2 sortie=\\.\DISPLAY5 largeur=1280 hauteur=720
2026-08-02T18:43:13.404386Z  INFO agent::capteur::fenetre: l'enfant a fermé le canal session=w-2 images=0
2026-08-02T18:43:13.404389Z  INFO agent::capteur::tube: attaché au capteur session=w-2 sortie=\\.\DISPLAY5 largeur=1280 hauteur=720
2026-08-02T18:43:13.404446Z  INFO agent::encode::arret: IMFShutdown::Shutdown : avant mft="encodeur"
2026-08-02T18:43:13.404451Z  INFO agent::capteur::distante: canal rattaché au capteur largeur=1280 hauteur=720
2026-08-02T18:43:13.405050Z  INFO agent::encode::arret: IMFShutdown::Shutdown : après mft="encodeur"
2026-08-02T18:43:13.405508Z  WARN agent::capteur::serveur: DIAGNOSTIC : fil lecteur de commandes NON lancé
2026-08-02T18:43:13.405827Z  INFO agent::capture::ouverture: sortie retenue pour la duplication adaptateur=NVIDIA GeForce RTX 4070 index_adaptateur=0 index_sortie=2 nom_sortie=\\.\DISPLAY6 attachee=true
2026-08-02T18:43:13.435357Z  INFO agent::capture::ouverture: protection multi-fils activée sur le contexte immédiat D3D11 protection_precedente=false
2026-08-02T18:43:13.435528Z  WARN agent::capteur::serveur: DIAGNOSTIC : fil lecteur de commandes NON lancé
2026-08-02T18:43:13.435594Z  INFO agent::capture: duplication de sortie établie desktop_width=1280 desktop_height=720
2026-08-02T18:43:13.435642Z  INFO agent::encode: encodeur matériel retenu encodeur=NVIDIA H.264 Encoder MFT
2026-08-02T18:43:13.435972Z  INFO agent::capture::ouverture: sortie retenue pour la duplication adaptateur=NVIDIA GeForce RTX 4070 index_adaptateur=0 index_sortie=1 nom_sortie=\\.\DISPLAY5 attachee=true
2026-08-02T18:43:13.453601Z  INFO agent::capture::ouverture: protection multi-fils activée sur le contexte immédiat D3D11 protection_precedente=false
2026-08-02T18:43:13.453831Z  INFO agent::capture: duplication de sortie établie desktop_width=1280 desktop_height=720
2026-08-02T18:43:13.453872Z  INFO agent::encode: encodeur matériel retenu encodeur=NVIDIA H.264 Encoder MFT
2026-08-02T18:43:13.536544Z  INFO agent::encode::arret: file de travail sérialisée imposée mft="encodeur" file=14026002
2026-08-02T18:43:13.536758Z  INFO agent::encode: convertisseur BGRA→NV12 (Video Processor MFT) configuré converter_provides_samples=true
2026-08-02T18:43:13.539114Z  INFO agent::capteur::fenetre: fenêtre attachée au capteur session=w-4 sortie=\\.\DISPLAY6 largeur=1280 hauteur=720
2026-08-02T18:43:13.539127Z  INFO agent::capteur::fenetre: l'enfant a fermé le canal session=w-4 images=0
2026-08-02T18:43:13.539161Z  INFO agent::capteur::tube: attaché au capteur session=w-4 sortie=\\.\DISPLAY6 largeur=1280 hauteur=720
2026-08-02T18:43:13.539200Z  INFO agent::encode::arret: IMFShutdown::Shutdown : avant mft="encodeur"
2026-08-02T18:43:13.539216Z  INFO agent::capteur::distante: canal rattaché au capteur largeur=1280 hauteur=720
2026-08-02T18:43:13.539726Z  INFO agent::encode::arret: IMFShutdown::Shutdown : après mft="encodeur"
2026-08-02T18:43:13.539893Z  INFO agent::encode::arret: file de travail sérialisée imposée mft="encodeur" file=28837140
2026-08-02T18:43:13.540096Z  INFO agent::encode: convertisseur BGRA→NV12 (Video Processor MFT) configuré converter_provides_samples=true
2026-08-02T18:43:13.540354Z  INFO agent::capteur::fenetre: fenêtre attachée au capteur session=w-2 sortie=\\.\DISPLAY5 largeur=1280 hauteur=720
2026-08-02T18:43:13.540363Z  INFO agent::capteur::fenetre: l'enfant a fermé le canal session=w-2 images=0
2026-08-02T18:43:13.540367Z  INFO agent::capteur::tube: attaché au capteur session=w-2 sortie=\\.\DISPLAY5 largeur=1280 hauteur=720
2026-08-02T18:43:13.540408Z  INFO agent::capteur::distante: canal rattaché au capteur largeur=1280 hauteur=720
2026-08-02T18:43:13.540408Z  INFO agent::encode::arret: IMFShutdown::Shutdown : avant mft="encodeur"
2026-08-02T18:43:13.541020Z  INFO agent::encode::arret: IMFShutdown::Shutdown : après mft="encodeur"
2026-08-02T18:43:13.560141Z  WARN agent::capteur::serveur: DIAGNOSTIC : fil lecteur de commandes NON lancé
2026-08-02T18:43:13.560629Z  INFO agent::capture::ouverture: sortie retenue pour la duplication adaptateur=NVIDIA GeForce RTX 4070 index_adaptateur=0 index_sortie=2 nom_sortie=\\.\DISPLAY6 attachee=true
2026-08-02T18:43:13.571028Z  WARN agent::capteur::serveur: DIAGNOSTIC : fil lecteur de commandes NON lancé
2026-08-02T18:43:13.571382Z  INFO agent::capture::ouverture: sortie retenue pour la duplication adaptateur=NVIDIA GeForce RTX 4070 index_adaptateur=0 index_sortie=1 nom_sortie=\\.\DISPLAY5 attachee=true
2026-08-02T18:43:13.628613Z  INFO agent::capture::ouverture: protection multi-fils activée sur le contexte immédiat D3D11 protection_precedente=false
2026-08-02T18:43:13.628867Z  INFO agent::capture: duplication de sortie établie desktop_width=1280 desktop_height=720
2026-08-02T18:43:13.628907Z  INFO agent::encode: encodeur matériel retenu encodeur=NVIDIA H.264 Encoder MFT
2026-08-02T18:43:13.646844Z  INFO agent::capture::ouverture: protection multi-fils activée sur le contexte immédiat D3D11 protection_precedente=false
2026-08-02T18:43:13.647095Z  INFO agent::capture: duplication de sortie établie desktop_width=1280 desktop_height=720
2026-08-02T18:43:13.647136Z  INFO agent::encode: encodeur matériel retenu encodeur=NVIDIA H.264 Encoder MFT
2026-08-02T18:43:13.736504Z  INFO agent::encode::arret: file de travail sérialisée imposée mft="encodeur" file=28968218
2026-08-02T18:43:13.736715Z  INFO agent::encode::arret: file de travail sérialisée imposée mft="encodeur" file=14026008
2026-08-02T18:43:13.736738Z  INFO agent::encode: convertisseur BGRA→NV12 (Video Processor MFT) configuré converter_provides_samples=true
2026-08-02T18:43:13.736914Z  INFO agent::encode: convertisseur BGRA→NV12 (Video Processor MFT) configuré converter_provides_samples=true
2026-08-02T18:43:13.737001Z  INFO agent::capteur::fenetre: fenêtre attachée au capteur session=w-2 sortie=\\.\DISPLAY5 largeur=1280 hauteur=720
2026-08-02T18:43:13.737010Z  INFO agent::capteur::fenetre: l'enfant a fermé le canal session=w-2 images=0
2026-08-02T18:43:13.737013Z  INFO agent::capteur::tube: attaché au capteur session=w-2 sortie=\\.\DISPLAY5 largeur=1280 hauteur=720
2026-08-02T18:43:13.737060Z  INFO agent::capteur::distante: canal rattaché au capteur largeur=1280 hauteur=720
2026-08-02T18:43:13.737065Z  INFO agent::encode::arret: IMFShutdown::Shutdown : avant mft="encodeur"
2026-08-02T18:43:13.737151Z  INFO agent::capteur::fenetre: fenêtre attachée au capteur session=w-4 sortie=\\.\DISPLAY6 largeur=1280 hauteur=720
2026-08-02T18:43:13.737163Z  INFO agent::capteur::fenetre: l'enfant a fermé le canal session=w-4 images=0
2026-08-02T18:43:13.737165Z  INFO agent::capteur::tube: attaché au capteur session=w-4 sortie=\\.\DISPLAY6 largeur=1280 hauteur=720
2026-08-02T18:43:13.737211Z  INFO agent::capteur::distante: canal rattaché au capteur largeur=1280 hauteur=720
2026-08-02T18:43:13.737214Z  INFO agent::encode::arret: IMFShutdown::Shutdown : avant mft="encodeur"
2026-08-02T18:43:13.737646Z  INFO agent::encode::arret: IMFShutdown::Shutdown : après mft="encodeur"
2026-08-02T18:43:13.737881Z  INFO agent::encode::arret: IMFShutdown::Shutdown : après mft="encodeur"
2026-08-02T18:43:13.758997Z  WARN agent::capteur::serveur: DIAGNOSTIC : fil lecteur de commandes NON lancé
2026-08-02T18:43:13.759431Z  INFO agent::capture::ouverture: sortie retenue pour la duplication adaptateur=NVIDIA GeForce RTX 4070 index_adaptateur=0 index_sortie=1 nom_sortie=\\.\DISPLAY5 attachee=true
2026-08-02T18:43:13.768430Z  WARN agent::capteur::serveur: DIAGNOSTIC : fil lecteur de commandes NON lancé
2026-08-02T18:43:13.768767Z  INFO agent::capture::ouverture: sortie retenue pour la duplication adaptateur=NVIDIA GeForce RTX 4070 index_adaptateur=0 index_sortie=2 nom_sortie=\\.\DISPLAY6 attachee=true
2026-08-02T18:43:13.820520Z  INFO agent::capture::ouverture: protection multi-fils activée sur le contexte immédiat D3D11 protection_precedente=false
2026-08-02T18:43:13.820751Z  INFO agent::capture: duplication de sortie établie desktop_width=1280 desktop_height=720
2026-08-02T18:43:13.820790Z  INFO agent::encode: encodeur matériel retenu encodeur=NVIDIA H.264 Encoder MFT
2026-08-02T18:43:13.837509Z  INFO agent::capture::ouverture: protection multi-fils activée sur le contexte immédiat D3D11 protection_precedente=false
2026-08-02T18:43:13.837731Z  INFO agent::capture: duplication de sortie établie desktop_width=1280 desktop_height=720
2026-08-02T18:43:13.837772Z  INFO agent::encode: encodeur matériel retenu encodeur=NVIDIA H.264 Encoder MFT
2026-08-02T18:43:13.925543Z  INFO agent::encode::arret: file de travail sérialisée imposée mft="encodeur" file=14026014
2026-08-02T18:43:13.925771Z  INFO agent::encode: convertisseur BGRA→NV12 (Video Processor MFT) configuré converter_provides_samples=true
2026-08-02T18:43:13.926052Z  INFO agent::capteur::fenetre: fenêtre attachée au capteur session=w-2 sortie=\\.\DISPLAY5 largeur=1280 hauteur=720
2026-08-02T18:43:13.926062Z  INFO agent::capteur::fenetre: l'enfant a fermé le canal session=w-2 images=0
2026-08-02T18:43:13.926068Z  INFO agent::capteur::tube: attaché au capteur session=w-2 sortie=\\.\DISPLAY5 largeur=1280 hauteur=720
2026-08-02T18:43:13.926124Z  INFO agent::capteur::distante: canal rattaché au capteur largeur=1280 hauteur=720
2026-08-02T18:43:13.926123Z  INFO agent::encode::arret: IMFShutdown::Shutdown : avant mft="encodeur"
2026-08-02T18:43:13.926304Z  INFO agent::encode::arret: file de travail sérialisée imposée mft="encodeur" file=29099296
2026-08-02T18:43:13.926555Z  INFO agent::encode: convertisseur BGRA→NV12 (Video Processor MFT) configuré converter_provides_samples=true
2026-08-02T18:43:13.926621Z  INFO agent::encode::arret: IMFShutdown::Shutdown : après mft="encodeur"
2026-08-02T18:43:13.926792Z  INFO agent::capteur::fenetre: fenêtre attachée au capteur session=w-4 sortie=\\.\DISPLAY6 largeur=1280 hauteur=720
2026-08-02T18:43:13.926801Z  INFO agent::capteur::fenetre: l'enfant a fermé le canal session=w-4 images=0
2026-08-02T18:43:13.926804Z  INFO agent::capteur::tube: attaché au capteur session=w-4 sortie=\\.\DISPLAY6 largeur=1280 hauteur=720
2026-08-02T18:43:13.926846Z  INFO agent::encode::arret: IMFShutdown::Shutdown : avant mft="encodeur"
2026-08-02T18:43:13.926851Z  INFO agent::capteur::distante: canal rattaché au capteur largeur=1280 hauteur=720
2026-08-02T18:43:13.927467Z  INFO agent::encode::arret: IMFShutdown::Shutdown : après mft="encodeur"
2026-08-02T18:43:13.946922Z  WARN agent::capteur::serveur: DIAGNOSTIC : fil lecteur de commandes NON lancé
2026-08-02T18:43:13.947389Z  INFO agent::capture::ouverture: sortie retenue pour la duplication adaptateur=NVIDIA GeForce RTX 4070 index_adaptateur=0 index_sortie=1 nom_sortie=\\.\DISPLAY5 attachee=true
2026-08-02T18:43:13.957567Z  WARN agent::capteur::serveur: DIAGNOSTIC : fil lecteur de commandes NON lancé
2026-08-02T18:43:13.957917Z  INFO agent::capture::ouverture: sortie retenue pour la duplication adaptateur=NVIDIA GeForce RTX 4070 index_adaptateur=0 index_sortie=2 nom_sortie=\\.\DISPLAY6 attachee=true
2026-08-02T18:43:14.021244Z  INFO agent::capture::ouverture: protection multi-fils activée sur le contexte immédiat D3D11 protection_precedente=false
2026-08-02T18:43:14.021501Z  INFO agent::capture: duplication de sortie établie desktop_width=1280 desktop_height=720
2026-08-02T18:43:14.021540Z  INFO agent::encode: encodeur matériel retenu encodeur=NVIDIA H.264 Encoder MFT
2026-08-02T18:43:14.037607Z  INFO agent::capture::ouverture: protection multi-fils activée sur le contexte immédiat D3D11 protection_precedente=false
2026-08-02T18:43:14.037857Z  INFO agent::capture: duplication de sortie établie desktop_width=1280 desktop_height=720
2026-08-02T18:43:14.037896Z  INFO agent::encode: encodeur matériel retenu encodeur=NVIDIA H.264 Encoder MFT
2026-08-02T18:43:14.125436Z  INFO agent::encode::arret: file de travail sérialisée imposée mft="encodeur" file=29230374
2026-08-02T18:43:14.125665Z  INFO agent::encode: convertisseur BGRA→NV12 (Video Processor MFT) configuré converter_provides_samples=true
2026-08-02T18:43:14.125992Z  INFO agent::capteur::fenetre: fenêtre attachée au capteur session=w-4 sortie=\\.\DISPLAY6 largeur=1280 hauteur=720
2026-08-02T18:43:14.126002Z  INFO agent::capteur::fenetre: l'enfant a fermé le canal session=w-4 images=0
2026-08-02T18:43:14.126009Z  INFO agent::capteur::tube: attaché au capteur session=w-4 sortie=\\.\DISPLAY6 largeur=1280 hauteur=720
2026-08-02T18:43:14.126063Z  INFO agent::encode::arret: IMFShutdown::Shutdown : avant mft="encodeur"
2026-08-02T18:43:14.126071Z  INFO agent::capteur::distante: canal rattaché au capteur largeur=1280 hauteur=720
2026-08-02T18:43:14.126554Z  INFO agent::encode::arret: IMFShutdown::Shutdown : après mft="encodeur"
2026-08-02T18:43:14.133801Z  INFO agent::encode::arret: file de travail sérialisée imposée mft="encodeur" file=14026020
2026-08-02T18:43:14.134042Z  INFO agent::encode: convertisseur BGRA→NV12 (Video Processor MFT) configuré converter_provides_samples=true
2026-08-02T18:43:14.134594Z  INFO agent::capteur::fenetre: fenêtre attachée au capteur session=w-2 sortie=\\.\DISPLAY5 largeur=1280 hauteur=720
2026-08-02T18:43:14.134606Z  INFO agent::capteur::fenetre: l'enfant a fermé le canal session=w-2 images=0
2026-08-02T18:43:14.134605Z  INFO agent::capteur::tube: attaché au capteur session=w-2 sortie=\\.\DISPLAY5 largeur=1280 hauteur=720
2026-08-02T18:43:14.134657Z  INFO agent::capteur::distante: canal rattaché au capteur largeur=1280 hauteur=720
2026-08-02T18:43:14.134665Z  INFO agent::encode::arret: IMFShutdown::Shutdown : avant mft="encodeur"
2026-08-02T18:43:14.135462Z  INFO agent::encode::arret: IMFShutdown::Shutdown : après mft="encodeur"
2026-08-02T18:43:14.155831Z  WARN agent::capteur::serveur: DIAGNOSTIC : fil lecteur de commandes NON lancé
2026-08-02T18:43:14.156164Z  INFO agent::capture::ouverture: sortie retenue pour la duplication adaptateur=NVIDIA GeForce RTX 4070 index_adaptateur=0 index_sortie=1 nom_sortie=\\.\DISPLAY5 attachee=true
2026-08-02T18:43:14.156911Z  WARN agent::capteur::serveur: DIAGNOSTIC : fil lecteur de commandes NON lancé
2026-08-02T18:43:14.157220Z  INFO agent::capture::ouverture: sortie retenue pour la duplication adaptateur=NVIDIA GeForce RTX 4070 index_adaptateur=0 index_sortie=2 nom_sortie=\\.\DISPLAY6 attachee=true
2026-08-02T18:43:14.221787Z  INFO agent::capture::ouverture: protection multi-fils activée sur le contexte immédiat D3D11 protection_precedente=false
2026-08-02T18:43:14.222735Z  INFO agent::capture: duplication de sortie établie desktop_width=1280 desktop_height=720
2026-08-02T18:43:14.222775Z  INFO agent::encode: encodeur matériel retenu encodeur=NVIDIA H.264 Encoder MFT
2026-08-02T18:43:14.239376Z  INFO agent::capture::ouverture: protection multi-fils activée sur le contexte immédiat D3D11 protection_precedente=false
2026-08-02T18:43:14.239634Z  INFO agent::capture: duplication de sortie établie desktop_width=1280 desktop_height=720
2026-08-02T18:43:14.239673Z  INFO agent::encode: encodeur matériel retenu encodeur=NVIDIA H.264 Encoder MFT
2026-08-02T18:43:14.326828Z  INFO agent::encode::arret: file de travail sérialisée imposée mft="encodeur" file=14026026
2026-08-02T18:43:14.327052Z  INFO agent::encode: convertisseur BGRA→NV12 (Video Processor MFT) configuré converter_provides_samples=true
2026-08-02T18:43:14.327336Z  INFO agent::capteur::fenetre: fenêtre attachée au capteur session=w-2 sortie=\\.\DISPLAY5 largeur=1280 hauteur=720
2026-08-02T18:43:14.327347Z  INFO agent::capteur::fenetre: l'enfant a fermé le canal session=w-2 images=0
2026-08-02T18:43:14.327349Z  INFO agent::capteur::tube: attaché au capteur session=w-2 sortie=\\.\DISPLAY5 largeur=1280 hauteur=720
2026-08-02T18:43:14.327398Z  INFO agent::encode::arret: IMFShutdown::Shutdown : avant mft="encodeur"
2026-08-02T18:43:14.327404Z  INFO agent::capteur::distante: canal rattaché au capteur largeur=1280 hauteur=720
2026-08-02T18:43:14.327572Z  INFO agent::encode::arret: file de travail sérialisée imposée mft="encodeur" file=29361452
2026-08-02T18:43:14.327800Z  INFO agent::encode: convertisseur BGRA→NV12 (Video Processor MFT) configuré converter_provides_samples=true
2026-08-02T18:43:14.327875Z  INFO agent::encode::arret: IMFShutdown::Shutdown : après mft="encodeur"
2026-08-02T18:43:14.328038Z  INFO agent::capteur::fenetre: fenêtre attachée au capteur session=w-4 sortie=\\.\DISPLAY6 largeur=1280 hauteur=720
2026-08-02T18:43:14.328046Z  INFO agent::capteur::fenetre: l'enfant a fermé le canal session=w-4 images=0
2026-08-02T18:43:14.328050Z  INFO agent::capteur::tube: attaché au capteur session=w-4 sortie=\\.\DISPLAY6 largeur=1280 hauteur=720
2026-08-02T18:43:14.328081Z  INFO agent::encode::arret: IMFShutdown::Shutdown : avant mft="encodeur"
2026-08-02T18:43:14.328099Z  INFO agent::capteur::distante: canal rattaché au capteur largeur=1280 hauteur=720
2026-08-02T18:43:14.328666Z  INFO agent::encode::arret: IMFShutdown::Shutdown : après mft="encodeur"
2026-08-02T18:43:14.348171Z  WARN agent::capteur::serveur: DIAGNOSTIC : fil lecteur de commandes NON lancé
2026-08-02T18:43:14.348684Z  INFO agent::capture::ouverture: sortie retenue pour la duplication adaptateur=NVIDIA GeForce RTX 4070 index_adaptateur=0 index_sortie=1 nom_sortie=\\.\DISPLAY5 attachee=true
2026-08-02T18:43:14.358934Z  WARN agent::capteur::serveur: DIAGNOSTIC : fil lecteur de commandes NON lancé
2026-08-02T18:43:14.359324Z  INFO agent::capture::ouverture: sortie retenue pour la duplication adaptateur=NVIDIA GeForce RTX 4070 index_adaptateur=0 index_sortie=2 nom_sortie=\\.\DISPLAY6 attachee=true
2026-08-02T18:43:14.419974Z  INFO agent::capture::ouverture: protection multi-fils activée sur le contexte immédiat D3D11 protection_precedente=false
2026-08-02T18:43:14.420226Z  INFO agent::capture: duplication de sortie établie desktop_width=1280 desktop_height=720
2026-08-02T18:43:14.420273Z  INFO agent::encode: encodeur matériel retenu encodeur=NVIDIA H.264 Encoder MFT
2026-08-02T18:43:14.438922Z  INFO agent::capture::ouverture: protection multi-fils activée sur le contexte immédiat D3D11 protection_precedente=false
2026-08-02T18:43:14.439182Z  INFO agent::capture: duplication de sortie établie desktop_width=1280 desktop_height=720
2026-08-02T18:43:14.439222Z  INFO agent::encode: encodeur matériel retenu encodeur=NVIDIA H.264 Encoder MFT
2026-08-02T18:43:14.528638Z  INFO agent::encode::arret: file de travail sérialisée imposée mft="encodeur" file=14026032
2026-08-02T18:43:14.528857Z  INFO agent::encode: convertisseur BGRA→NV12 (Video Processor MFT) configuré converter_provides_samples=true
2026-08-02T18:43:14.529165Z  INFO agent::capteur::fenetre: fenêtre attachée au capteur session=w-2 sortie=\\.\DISPLAY5 largeur=1280 hauteur=720
2026-08-02T18:43:14.529178Z  INFO agent::capteur::fenetre: l'enfant a fermé le canal session=w-2 images=0
2026-08-02T18:43:14.529180Z  INFO agent::capteur::tube: attaché au capteur session=w-2 sortie=\\.\DISPLAY5 largeur=1280 hauteur=720
2026-08-02T18:43:14.529226Z  INFO agent::encode::arret: IMFShutdown::Shutdown : avant mft="encodeur"
2026-08-02T18:43:14.529240Z  INFO agent::capteur::distante: canal rattaché au capteur largeur=1280 hauteur=720
2026-08-02T18:43:14.529712Z  INFO agent::encode::arret: IMFShutdown::Shutdown : après mft="encodeur"
2026-08-02T18:43:14.533491Z  INFO agent::encode::arret: file de travail sérialisée imposée mft="encodeur" file=29492530
2026-08-02T18:43:14.533689Z  INFO agent::encode: convertisseur BGRA→NV12 (Video Processor MFT) configuré converter_provides_samples=true
2026-08-02T18:43:14.535301Z  INFO agent::capteur::fenetre: fenêtre attachée au capteur session=w-4 sortie=\\.\DISPLAY6 largeur=1280 hauteur=720
2026-08-02T18:43:14.535312Z  INFO agent::capteur::fenetre: l'enfant a fermé le canal session=w-4 images=0
2026-08-02T18:43:14.535315Z  INFO agent::capteur::tube: attaché au capteur session=w-4 sortie=\\.\DISPLAY6 largeur=1280 hauteur=720
2026-08-02T18:43:14.535359Z  INFO agent::capteur::distante: canal rattaché au capteur largeur=1280 hauteur=720
2026-08-02T18:43:14.535362Z  INFO agent::encode::arret: IMFShutdown::Shutdown : avant mft="encodeur"
2026-08-02T18:43:14.536047Z  INFO agent::encode::arret: IMFShutdown::Shutdown : après mft="encodeur"
2026-08-02T18:43:14.559910Z  WARN agent::capteur::serveur: DIAGNOSTIC : fil lecteur de commandes NON lancé
2026-08-02T18:43:14.560244Z  INFO agent::capture::ouverture: sortie retenue pour la duplication adaptateur=NVIDIA GeForce RTX 4070 index_adaptateur=0 index_sortie=1 nom_sortie=\\.\DISPLAY5 attachee=true
2026-08-02T18:43:14.566031Z  WARN agent::capteur::serveur: DIAGNOSTIC : fil lecteur de commandes NON lancé
2026-08-02T18:43:14.566373Z  INFO agent::capture::ouverture: sortie retenue pour la duplication adaptateur=NVIDIA GeForce RTX 4070 index_adaptateur=0 index_sortie=2 nom_sortie=\\.\DISPLAY6 attachee=true
2026-08-02T18:43:14.619360Z  INFO agent::capture::ouverture: protection multi-fils activée sur le contexte immédiat D3D11 protection_precedente=false
2026-08-02T18:43:14.619606Z  INFO agent::capture: duplication de sortie établie desktop_width=1280 desktop_height=720
2026-08-02T18:43:14.619644Z  INFO agent::encode: encodeur matériel retenu encodeur=NVIDIA H.264 Encoder MFT
2026-08-02T18:43:14.637233Z  INFO agent::capture::ouverture: protection multi-fils activée sur le contexte immédiat D3D11 protection_precedente=false
2026-08-02T18:43:14.637480Z  INFO agent::capture: duplication de sortie établie desktop_width=1280 desktop_height=720
2026-08-02T18:43:14.637522Z  INFO agent::encode: encodeur matériel retenu encodeur=NVIDIA H.264 Encoder MFT
2026-08-02T18:43:14.727403Z  INFO agent::encode::arret: file de travail sérialisée imposée mft="encodeur" file=14026038
2026-08-02T18:43:14.727623Z  INFO agent::encode::arret: file de travail sérialisée imposée mft="encodeur" file=29623608
2026-08-02T18:43:14.727655Z  INFO agent::encode: convertisseur BGRA→NV12 (Video Processor MFT) configuré converter_provides_samples=true
2026-08-02T18:43:14.727811Z  INFO agent::encode: convertisseur BGRA→NV12 (Video Processor MFT) configuré converter_provides_samples=true
2026-08-02T18:43:14.727927Z  INFO agent::capteur::fenetre: fenêtre attachée au capteur session=w-2 sortie=\\.\DISPLAY5 largeur=1280 hauteur=720
2026-08-02T18:43:14.727937Z  INFO agent::capteur::fenetre: l'enfant a fermé le canal session=w-2 images=0
2026-08-02T18:43:14.727944Z  INFO agent::capteur::tube: attaché au capteur session=w-2 sortie=\\.\DISPLAY5 largeur=1280 hauteur=720
2026-08-02T18:43:14.727992Z  INFO agent::capteur::distante: canal rattaché au capteur largeur=1280 hauteur=720
2026-08-02T18:43:14.727993Z  INFO agent::encode::arret: IMFShutdown::Shutdown : avant mft="encodeur"
2026-08-02T18:43:14.728062Z  INFO agent::capteur::fenetre: fenêtre attachée au capteur session=w-4 sortie=\\.\DISPLAY6 largeur=1280 hauteur=720
2026-08-02T18:43:14.728075Z  INFO agent::capteur::fenetre: l'enfant a fermé le canal session=w-4 images=0
2026-08-02T18:43:14.728079Z  INFO agent::capteur::tube: attaché au capteur session=w-4 sortie=\\.\DISPLAY6 largeur=1280 hauteur=720
2026-08-02T18:43:14.728115Z  INFO agent::encode::arret: IMFShutdown::Shutdown : avant mft="encodeur"
2026-08-02T18:43:14.728125Z  INFO agent::capteur::distante: canal rattaché au capteur largeur=1280 hauteur=720
2026-08-02T18:43:14.728580Z  INFO agent::encode::arret: IMFShutdown::Shutdown : après mft="encodeur"
2026-08-02T18:43:14.728785Z  INFO agent::encode::arret: IMFShutdown::Shutdown : après mft="encodeur"
2026-08-02T18:43:14.748597Z  WARN agent::capteur::serveur: DIAGNOSTIC : fil lecteur de commandes NON lancé
2026-08-02T18:43:14.749129Z  INFO agent::capture::ouverture: sortie retenue pour la duplication adaptateur=NVIDIA GeForce RTX 4070 index_adaptateur=0 index_sortie=1 nom_sortie=\\.\DISPLAY5 attachee=true
2026-08-02T18:43:14.758610Z  WARN agent::capteur::serveur: DIAGNOSTIC : fil lecteur de commandes NON lancé
2026-08-02T18:43:14.758978Z  INFO agent::capture::ouverture: sortie retenue pour la duplication adaptateur=NVIDIA GeForce RTX 4070 index_adaptateur=0 index_sortie=2 nom_sortie=\\.\DISPLAY6 attachee=true
2026-08-02T18:43:14.819376Z  INFO agent::capture::ouverture: protection multi-fils activée sur le contexte immédiat D3D11 protection_precedente=false
2026-08-02T18:43:14.819616Z  INFO agent::capture: duplication de sortie établie desktop_width=1280 desktop_height=720
2026-08-02T18:43:14.819653Z  INFO agent::encode: encodeur matériel retenu encodeur=NVIDIA H.264 Encoder MFT
2026-08-02T18:43:14.836565Z  INFO agent::capture::ouverture: protection multi-fils activée sur le contexte immédiat D3D11 protection_precedente=false
2026-08-02T18:43:14.836798Z  INFO agent::capture: duplication de sortie établie desktop_width=1280 desktop_height=720
2026-08-02T18:43:14.836841Z  INFO agent::encode: encodeur matériel retenu encodeur=NVIDIA H.264 Encoder MFT
2026-08-02T18:43:14.914311Z  INFO agent::encode::arret: file de travail sérialisée imposée mft="encodeur" file=29754686
2026-08-02T18:43:14.914552Z  INFO agent::encode: convertisseur BGRA→NV12 (Video Processor MFT) configuré converter_provides_samples=true
2026-08-02T18:43:14.914871Z  INFO agent::capteur::fenetre: fenêtre attachée au capteur session=w-4 sortie=\\.\DISPLAY6 largeur=1280 hauteur=720
2026-08-02T18:43:14.914881Z  INFO agent::capteur::fenetre: l'enfant a fermé le canal session=w-4 images=0
2026-08-02T18:43:14.914886Z  INFO agent::capteur::tube: attaché au capteur session=w-4 sortie=\\.\DISPLAY6 largeur=1280 hauteur=720
2026-08-02T18:43:14.914930Z  INFO agent::encode::arret: IMFShutdown::Shutdown : avant mft="encodeur"
2026-08-02T18:43:14.914937Z  INFO agent::capteur::distante: canal rattaché au capteur largeur=1280 hauteur=720
2026-08-02T18:43:14.915458Z  INFO agent::encode::arret: IMFShutdown::Shutdown : après mft="encodeur"
2026-08-02T18:43:14.927548Z  INFO agent::encode::arret: file de travail sérialisée imposée mft="encodeur" file=14026044
2026-08-02T18:43:14.927786Z  INFO agent::encode: convertisseur BGRA→NV12 (Video Processor MFT) configuré converter_provides_samples=true
2026-08-02T18:43:14.928083Z  INFO agent::capteur::fenetre: fenêtre attachée au capteur session=w-2 sortie=\\.\DISPLAY5 largeur=1280 hauteur=720
2026-08-02T18:43:14.928096Z  INFO agent::capteur::fenetre: l'enfant a fermé le canal session=w-2 images=0
2026-08-02T18:43:14.928097Z  INFO agent::capteur::tube: attaché au capteur session=w-2 sortie=\\.\DISPLAY5 largeur=1280 hauteur=720
2026-08-02T18:43:14.928141Z  INFO agent::encode::arret: IMFShutdown::Shutdown : avant mft="encodeur"
2026-08-02T18:43:14.928145Z  INFO agent::capteur::distante: canal rattaché au capteur largeur=1280 hauteur=720
2026-08-02T18:43:14.928818Z  INFO agent::encode::arret: IMFShutdown::Shutdown : après mft="encodeur"
2026-08-02T18:43:14.947306Z  WARN agent::capteur::serveur: DIAGNOSTIC : fil lecteur de commandes NON lancé
2026-08-02T18:43:14.947784Z  INFO agent::capture::ouverture: sortie retenue pour la duplication adaptateur=NVIDIA GeForce RTX 4070 index_adaptateur=0 index_sortie=2 nom_sortie=\\.\DISPLAY6 attachee=true
2026-08-02T18:43:14.948556Z  WARN agent::capteur::serveur: DIAGNOSTIC : fil lecteur de commandes NON lancé
2026-08-02T18:43:14.948860Z  INFO agent::capture::ouverture: sortie retenue pour la duplication adaptateur=NVIDIA GeForce RTX 4070 index_adaptateur=0 index_sortie=1 nom_sortie=\\.\DISPLAY5 attachee=true
2026-08-02T18:43:15.008147Z  INFO agent::capture::ouverture: protection multi-fils activée sur le contexte immédiat D3D11 protection_precedente=false
2026-08-02T18:43:15.008420Z  INFO agent::capture: duplication de sortie établie desktop_width=1280 desktop_height=720
2026-08-02T18:43:15.008459Z  INFO agent::encode: encodeur matériel retenu encodeur=NVIDIA H.264 Encoder MFT
2026-08-02T18:43:15.026133Z  INFO agent::capture::ouverture: protection multi-fils activée sur le contexte immédiat D3D11 protection_precedente=false
2026-08-02T18:43:15.026373Z  INFO agent::capture: duplication de sortie établie desktop_width=1280 desktop_height=720
2026-08-02T18:43:15.026413Z  INFO agent::encode: encodeur matériel retenu encodeur=NVIDIA H.264 Encoder MFT
2026-08-02T18:43:15.111541Z  INFO agent::encode::arret: file de travail sérialisée imposée mft="encodeur" file=14026050
2026-08-02T18:43:15.111767Z  INFO agent::encode: convertisseur BGRA→NV12 (Video Processor MFT) configuré converter_provides_samples=true
2026-08-02T18:43:15.111821Z  INFO agent::encode::arret: file de travail sérialisée imposée mft="encodeur" file=29885764
2026-08-02T18:43:15.112012Z  INFO agent::encode: convertisseur BGRA→NV12 (Video Processor MFT) configuré converter_provides_samples=true
2026-08-02T18:43:15.112031Z  INFO agent::capteur::fenetre: fenêtre attachée au capteur session=w-4 sortie=\\.\DISPLAY6 largeur=1280 hauteur=720
2026-08-02T18:43:15.112040Z  INFO agent::capteur::fenetre: l'enfant a fermé le canal session=w-4 images=0
2026-08-02T18:43:15.112044Z  INFO agent::capteur::tube: attaché au capteur session=w-4 sortie=\\.\DISPLAY6 largeur=1280 hauteur=720
2026-08-02T18:43:15.112100Z  INFO agent::encode::arret: IMFShutdown::Shutdown : avant mft="encodeur"
2026-08-02T18:43:15.112112Z  INFO agent::capteur::distante: canal rattaché au capteur largeur=1280 hauteur=720
2026-08-02T18:43:15.112290Z  INFO agent::capteur::fenetre: fenêtre attachée au capteur session=w-2 sortie=\\.\DISPLAY5 largeur=1280 hauteur=720
2026-08-02T18:43:15.112303Z  INFO agent::capteur::fenetre: l'enfant a fermé le canal session=w-2 images=0
2026-08-02T18:43:15.112301Z  INFO agent::capteur::tube: attaché au capteur session=w-2 sortie=\\.\DISPLAY5 largeur=1280 hauteur=720
2026-08-02T18:43:15.112345Z  INFO agent::capteur::distante: canal rattaché au capteur largeur=1280 hauteur=720
2026-08-02T18:43:15.112349Z  INFO agent::encode::arret: IMFShutdown::Shutdown : avant mft="encodeur"
2026-08-02T18:43:15.112746Z  INFO agent::encode::arret: IMFShutdown::Shutdown : après mft="encodeur"
2026-08-02T18:43:15.113013Z  INFO agent::encode::arret: IMFShutdown::Shutdown : après mft="encodeur"
2026-08-02T18:43:15.134051Z  WARN agent::capteur::serveur: DIAGNOSTIC : fil lecteur de commandes NON lancé
2026-08-02T18:43:15.134469Z  INFO agent::capture::ouverture: sortie retenue pour la duplication adaptateur=NVIDIA GeForce RTX 4070 index_adaptateur=0 index_sortie=2 nom_sortie=\\.\DISPLAY6 attachee=true
2026-08-02T18:43:15.142727Z  WARN agent::capteur::serveur: DIAGNOSTIC : fil lecteur de commandes NON lancé
2026-08-02T18:43:15.143094Z  INFO agent::capture::ouverture: sortie retenue pour la duplication adaptateur=NVIDIA GeForce RTX 4070 index_adaptateur=0 index_sortie=1 nom_sortie=\\.\DISPLAY5 attachee=true
2026-08-02T18:43:15.194505Z  INFO agent::capture::ouverture: protection multi-fils activée sur le contexte immédiat D3D11 protection_precedente=false
2026-08-02T18:43:15.194746Z  INFO agent::capture: duplication de sortie établie desktop_width=1280 desktop_height=720
2026-08-02T18:43:15.194784Z  INFO agent::encode: encodeur matériel retenu encodeur=NVIDIA H.264 Encoder MFT
2026-08-02T18:43:15.220392Z  INFO agent::capture::ouverture: protection multi-fils activée sur le contexte immédiat D3D11 protection_precedente=false
2026-08-02T18:43:15.220641Z  INFO agent::capture: duplication de sortie établie desktop_width=1280 desktop_height=720
2026-08-02T18:43:15.220682Z  INFO agent::encode: encodeur matériel retenu encodeur=NVIDIA H.264 Encoder MFT
2026-08-02T18:43:15.306386Z  INFO agent::encode::arret: file de travail sérialisée imposée mft="encodeur" file=30016842
2026-08-02T18:43:15.306602Z  INFO agent::encode::arret: file de travail sérialisée imposée mft="encodeur" file=14026056
2026-08-02T18:43:15.306616Z  INFO agent::encode: convertisseur BGRA→NV12 (Video Processor MFT) configuré converter_provides_samples=true
2026-08-02T18:43:15.306795Z  INFO agent::encode: convertisseur BGRA→NV12 (Video Processor MFT) configuré converter_provides_samples=true
2026-08-02T18:43:15.306881Z  INFO agent::capteur::fenetre: fenêtre attachée au capteur session=w-2 sortie=\\.\DISPLAY5 largeur=1280 hauteur=720
2026-08-02T18:43:15.306893Z  INFO agent::capteur::fenetre: l'enfant a fermé le canal session=w-2 images=0
2026-08-02T18:43:15.306894Z  INFO agent::capteur::tube: attaché au capteur session=w-2 sortie=\\.\DISPLAY5 largeur=1280 hauteur=720
2026-08-02T18:43:15.306946Z  INFO agent::encode::arret: IMFShutdown::Shutdown : avant mft="encodeur"
2026-08-02T18:43:15.306946Z  INFO agent::capteur::distante: canal rattaché au capteur largeur=1280 hauteur=720
2026-08-02T18:43:15.307045Z  INFO agent::capteur::fenetre: fenêtre attachée au capteur session=w-4 sortie=\\.\DISPLAY6 largeur=1280 hauteur=720
2026-08-02T18:43:15.307055Z  INFO agent::capteur::fenetre: l'enfant a fermé le canal session=w-4 images=0
2026-08-02T18:43:15.307057Z  INFO agent::capteur::tube: attaché au capteur session=w-4 sortie=\\.\DISPLAY6 largeur=1280 hauteur=720
2026-08-02T18:43:15.307108Z  INFO agent::capteur::distante: canal rattaché au capteur largeur=1280 hauteur=720
2026-08-02T18:43:15.307100Z  INFO agent::encode::arret: IMFShutdown::Shutdown : avant mft="encodeur"
2026-08-02T18:43:15.307561Z  INFO agent::encode::arret: IMFShutdown::Shutdown : après mft="encodeur"
2026-08-02T18:43:15.307793Z  INFO agent::encode::arret: IMFShutdown::Shutdown : après mft="encodeur"
2026-08-02T18:43:15.327274Z  WARN agent::capteur::serveur: DIAGNOSTIC : fil lecteur de commandes NON lancé
2026-08-02T18:43:15.327763Z  INFO agent::capture::ouverture: sortie retenue pour la duplication adaptateur=NVIDIA GeForce RTX 4070 index_adaptateur=0 index_sortie=1 nom_sortie=\\.\DISPLAY5 attachee=true
2026-08-02T18:43:15.337522Z  WARN agent::capteur::serveur: DIAGNOSTIC : fil lecteur de commandes NON lancé
2026-08-02T18:43:15.337808Z  INFO agent::capture::ouverture: sortie retenue pour la duplication adaptateur=NVIDIA GeForce RTX 4070 index_adaptateur=0 index_sortie=2 nom_sortie=\\.\DISPLAY6 attachee=true
2026-08-02T18:43:15.390926Z  INFO agent::capture::ouverture: protection multi-fils activée sur le contexte immédiat D3D11 protection_precedente=false
2026-08-02T18:43:15.391166Z  INFO agent::capture: duplication de sortie établie desktop_width=1280 desktop_height=720
2026-08-02T18:43:15.391210Z  INFO agent::encode: encodeur matériel retenu encodeur=NVIDIA H.264 Encoder MFT
2026-08-02T18:43:15.408249Z  INFO agent::capture::ouverture: protection multi-fils activée sur le contexte immédiat D3D11 protection_precedente=false
2026-08-02T18:43:15.408476Z  INFO agent::capture: duplication de sortie établie desktop_width=1280 desktop_height=720
2026-08-02T18:43:15.408518Z  INFO agent::encode: encodeur matériel retenu encodeur=NVIDIA H.264 Encoder MFT
2026-08-02T18:43:15.506569Z  INFO agent::encode::arret: file de travail sérialisée imposée mft="encodeur" file=30147920
2026-08-02T18:43:15.506792Z  INFO agent::encode: convertisseur BGRA→NV12 (Video Processor MFT) configuré converter_provides_samples=true
2026-08-02T18:43:15.506823Z  INFO agent::encode::arret: file de travail sérialisée imposée mft="encodeur" file=14026062
2026-08-02T18:43:15.507006Z  INFO agent::encode: convertisseur BGRA→NV12 (Video Processor MFT) configuré converter_provides_samples=true
2026-08-02T18:43:15.507064Z  INFO agent::capteur::fenetre: fenêtre attachée au capteur session=w-4 sortie=\\.\DISPLAY6 largeur=1280 hauteur=720
2026-08-02T18:43:15.507074Z  INFO agent::capteur::fenetre: l'enfant a fermé le canal session=w-4 images=0
2026-08-02T18:43:15.507079Z  INFO agent::capteur::tube: attaché au capteur session=w-4 sortie=\\.\DISPLAY6 largeur=1280 hauteur=720
2026-08-02T18:43:15.507117Z  INFO agent::encode::arret: IMFShutdown::Shutdown : avant mft="encodeur"
2026-08-02T18:43:15.507129Z  INFO agent::capteur::distante: canal rattaché au capteur largeur=1280 hauteur=720
2026-08-02T18:43:15.507285Z  INFO agent::capteur::fenetre: fenêtre attachée au capteur session=w-2 sortie=\\.\DISPLAY5 largeur=1280 hauteur=720
2026-08-02T18:43:15.507298Z  INFO agent::capteur::fenetre: l'enfant a fermé le canal session=w-2 images=0
2026-08-02T18:43:15.507294Z  INFO agent::capteur::tube: attaché au capteur session=w-2 sortie=\\.\DISPLAY5 largeur=1280 hauteur=720
2026-08-02T18:43:15.507340Z  INFO agent::capteur::distante: canal rattaché au capteur largeur=1280 hauteur=720
2026-08-02T18:43:15.507351Z  INFO agent::encode::arret: IMFShutdown::Shutdown : avant mft="encodeur"
2026-08-02T18:43:15.507719Z  INFO agent::encode::arret: IMFShutdown::Shutdown : après mft="encodeur"
2026-08-02T18:43:15.507993Z  INFO agent::encode::arret: IMFShutdown::Shutdown : après mft="encodeur"
2026-08-02T18:43:15.530841Z  WARN agent::capteur::serveur: DIAGNOSTIC : fil lecteur de commandes NON lancé
2026-08-02T18:43:15.531272Z  INFO agent::capture::ouverture: sortie retenue pour la duplication adaptateur=NVIDIA GeForce RTX 4070 index_adaptateur=0 index_sortie=2 nom_sortie=\\.\DISPLAY6 attachee=true
2026-08-02T18:43:15.537625Z  WARN agent::capteur::serveur: DIAGNOSTIC : fil lecteur de commandes NON lancé
2026-08-02T18:43:15.537935Z  INFO agent::capture::ouverture: sortie retenue pour la duplication adaptateur=NVIDIA GeForce RTX 4070 index_adaptateur=0 index_sortie=1 nom_sortie=\\.\DISPLAY5 attachee=true
2026-08-02T18:43:15.591182Z  INFO agent::capture::ouverture: protection multi-fils activée sur le contexte immédiat D3D11 protection_precedente=false
2026-08-02T18:43:15.591410Z  INFO agent::capture: duplication de sortie établie desktop_width=1280 desktop_height=720
2026-08-02T18:43:15.591456Z  INFO agent::encode: encodeur matériel retenu encodeur=NVIDIA H.264 Encoder MFT
2026-08-02T18:43:15.608226Z  INFO agent::capture::ouverture: protection multi-fils activée sur le contexte immédiat D3D11 protection_precedente=false
2026-08-02T18:43:15.608471Z  INFO agent::capture: duplication de sortie établie desktop_width=1280 desktop_height=720
2026-08-02T18:43:15.608512Z  INFO agent::encode: encodeur matériel retenu encodeur=NVIDIA H.264 Encoder MFT
2026-08-02T18:43:15.705937Z  INFO agent::encode::arret: file de travail sérialisée imposée mft="encodeur" file=14026068
2026-08-02T18:43:15.706097Z  INFO agent::encode::arret: file de travail sérialisée imposée mft="encodeur" file=30278998
2026-08-02T18:43:15.706159Z  INFO agent::encode: convertisseur BGRA→NV12 (Video Processor MFT) configuré converter_provides_samples=true
2026-08-02T18:43:15.706282Z  INFO agent::encode: convertisseur BGRA→NV12 (Video Processor MFT) configuré converter_provides_samples=true
2026-08-02T18:43:15.706426Z  INFO agent::capteur::fenetre: fenêtre attachée au capteur session=w-4 sortie=\\.\DISPLAY6 largeur=1280 hauteur=720
2026-08-02T18:43:15.706435Z  INFO agent::capteur::fenetre: l'enfant a fermé le canal session=w-4 images=0
2026-08-02T18:43:15.706445Z  INFO agent::capteur::tube: attaché au capteur session=w-4 sortie=\\.\DISPLAY6 largeur=1280 hauteur=720
2026-08-02T18:43:15.706494Z  INFO agent::encode::arret: IMFShutdown::Shutdown : avant mft="encodeur"
2026-08-02T18:43:15.706507Z  INFO agent::capteur::distante: canal rattaché au capteur largeur=1280 hauteur=720
2026-08-02T18:43:15.706526Z  INFO agent::capteur::fenetre: fenêtre attachée au capteur session=w-2 sortie=\\.\DISPLAY5 largeur=1280 hauteur=720
2026-08-02T18:43:15.706536Z  INFO agent::capteur::fenetre: l'enfant a fermé le canal session=w-2 images=0
2026-08-02T18:43:15.706537Z  INFO agent::capteur::tube: attaché au capteur session=w-2 sortie=\\.\DISPLAY5 largeur=1280 hauteur=720
2026-08-02T18:43:15.706579Z  INFO agent::encode::arret: IMFShutdown::Shutdown : avant mft="encodeur"
2026-08-02T18:43:15.706582Z  INFO agent::capteur::distante: canal rattaché au capteur largeur=1280 hauteur=720
2026-08-02T18:43:15.706590Z  INFO agent::transport::cadence_video: cadence de la piste vidéo (côté enfant) session=w-2 unites=0 cadence="0.0"
2026-08-02T18:43:15.707079Z  INFO agent::encode::arret: IMFShutdown::Shutdown : après mft="encodeur"
2026-08-02T18:43:15.707244Z  INFO agent::encode::arret: IMFShutdown::Shutdown : après mft="encodeur"
2026-08-02T18:43:15.729156Z  WARN agent::capteur::serveur: DIAGNOSTIC : fil lecteur de commandes NON lancé
2026-08-02T18:43:15.729560Z  INFO agent::capture::ouverture: sortie retenue pour la duplication adaptateur=NVIDIA GeForce RTX 4070 index_adaptateur=0 index_sortie=2 nom_sortie=\\.\DISPLAY6 attachee=true
2026-08-02T18:43:15.737678Z  WARN agent::capteur::serveur: DIAGNOSTIC : fil lecteur de commandes NON lancé
2026-08-02T18:43:15.737989Z  INFO agent::capture::ouverture: sortie retenue pour la duplication adaptateur=NVIDIA GeForce RTX 4070 index_adaptateur=0 index_sortie=1 nom_sortie=\\.\DISPLAY5 attachee=true
2026-08-02T18:43:15.789590Z  INFO agent::capture::ouverture: protection multi-fils activée sur le contexte immédiat D3D11 protection_precedente=false
2026-08-02T18:43:15.789809Z  INFO agent::capture: duplication de sortie établie desktop_width=1280 desktop_height=720
2026-08-02T18:43:15.789847Z  INFO agent::encode: encodeur matériel retenu encodeur=NVIDIA H.264 Encoder MFT
2026-08-02T18:43:15.807637Z  INFO agent::capture::ouverture: protection multi-fils activée sur le contexte immédiat D3D11 protection_precedente=false
2026-08-02T18:43:15.807868Z  INFO agent::capture: duplication de sortie établie desktop_width=1280 desktop_height=720
2026-08-02T18:43:15.807913Z  INFO agent::encode: encodeur matériel retenu encodeur=NVIDIA H.264 Encoder MFT
2026-08-02T18:43:15.905508Z  INFO agent::encode::arret: file de travail sérialisée imposée mft="encodeur" file=14026074
2026-08-02T18:43:15.905740Z  INFO agent::encode: convertisseur BGRA→NV12 (Video Processor MFT) configuré converter_provides_samples=true
2026-08-02T18:43:15.906027Z  INFO agent::capteur::fenetre: fenêtre attachée au capteur session=w-4 sortie=\\.\DISPLAY6 largeur=1280 hauteur=720
2026-08-02T18:43:15.906037Z  INFO agent::capteur::fenetre: l'enfant a fermé le canal session=w-4 images=0
2026-08-02T18:43:15.906042Z  INFO agent::capteur::tube: attaché au capteur session=w-4 sortie=\\.\DISPLAY6 largeur=1280 hauteur=720
2026-08-02T18:43:15.906096Z  INFO agent::capteur::distante: canal rattaché au capteur largeur=1280 hauteur=720
2026-08-02T18:43:15.906100Z  INFO agent::encode::arret: IMFShutdown::Shutdown : avant mft="encodeur"
2026-08-02T18:43:15.906110Z  INFO agent::encode::arret: file de travail sérialisée imposée mft="encodeur" file=30410076
2026-08-02T18:43:15.906309Z  INFO agent::encode: convertisseur BGRA→NV12 (Video Processor MFT) configuré converter_provides_samples=true
2026-08-02T18:43:15.906571Z  INFO agent::encode::arret: IMFShutdown::Shutdown : après mft="encodeur"
2026-08-02T18:43:15.906600Z  INFO agent::capteur::fenetre: fenêtre attachée au capteur session=w-2 sortie=\\.\DISPLAY5 largeur=1280 hauteur=720
2026-08-02T18:43:15.906612Z  INFO agent::capteur::fenetre: l'enfant a fermé le canal session=w-2 images=0
2026-08-02T18:43:15.906611Z  INFO agent::capteur::tube: attaché au capteur session=w-2 sortie=\\.\DISPLAY5 largeur=1280 hauteur=720
2026-08-02T18:43:15.906653Z  INFO agent::capteur::distante: canal rattaché au capteur largeur=1280 hauteur=720
2026-08-02T18:43:15.906663Z  INFO agent::encode::arret: IMFShutdown::Shutdown : avant mft="encodeur"
2026-08-02T18:43:15.907229Z  INFO agent::encode::arret: IMFShutdown::Shutdown : après mft="encodeur"
2026-08-02T18:43:15.926730Z  WARN agent::capteur::serveur: DIAGNOSTIC : fil lecteur de commandes NON lancé
2026-08-02T18:43:15.927725Z  INFO agent::capture::ouverture: sortie retenue pour la duplication adaptateur=NVIDIA GeForce RTX 4070 index_adaptateur=0 index_sortie=2 nom_sortie=\\.\DISPLAY6 attachee=true
2026-08-02T18:43:15.937021Z  WARN agent::capteur::serveur: DIAGNOSTIC : fil lecteur de commandes NON lancé
2026-08-02T18:43:15.937418Z  INFO agent::capture::ouverture: sortie retenue pour la duplication adaptateur=NVIDIA GeForce RTX 4070 index_adaptateur=0 index_sortie=1 nom_sortie=\\.\DISPLAY5 attachee=true
2026-08-02T18:43:15.989989Z  INFO agent::capture::ouverture: protection multi-fils activée sur le contexte immédiat D3D11 protection_precedente=false
2026-08-02T18:43:15.990234Z  INFO agent::capture: duplication de sortie établie desktop_width=1280 desktop_height=720
2026-08-02T18:43:15.990280Z  INFO agent::encode: encodeur matériel retenu encodeur=NVIDIA H.264 Encoder MFT
2026-08-02T18:43:16.008018Z  INFO agent::capture::ouverture: protection multi-fils activée sur le contexte immédiat D3D11 protection_precedente=false
2026-08-02T18:43:16.008232Z  INFO agent::capture: duplication de sortie établie desktop_width=1280 desktop_height=720
2026-08-02T18:43:16.008273Z  INFO agent::encode: encodeur matériel retenu encodeur=NVIDIA H.264 Encoder MFT
2026-08-02T18:43:16.101488Z  INFO agent::encode::arret: file de travail sérialisée imposée mft="encodeur" file=30541154
2026-08-02T18:43:16.101637Z  INFO agent::encode::arret: file de travail sérialisée imposée mft="encodeur" file=14026080
2026-08-02T18:43:16.101717Z  INFO agent::encode: convertisseur BGRA→NV12 (Video Processor MFT) configuré converter_provides_samples=true
2026-08-02T18:43:16.101823Z  INFO agent::encode: convertisseur BGRA→NV12 (Video Processor MFT) configuré converter_provides_samples=true
2026-08-02T18:43:16.101976Z  INFO agent::capteur::fenetre: fenêtre attachée au capteur session=w-2 sortie=\\.\DISPLAY5 largeur=1280 hauteur=720
2026-08-02T18:43:16.101985Z  INFO agent::capteur::fenetre: l'enfant a fermé le canal session=w-2 images=0
2026-08-02T18:43:16.101990Z  INFO agent::capteur::tube: attaché au capteur session=w-2 sortie=\\.\DISPLAY5 largeur=1280 hauteur=720
2026-08-02T18:43:16.102046Z  INFO agent::capteur::distante: canal rattaché au capteur largeur=1280 hauteur=720
2026-08-02T18:43:16.102046Z  INFO agent::capteur::fenetre: fenêtre attachée au capteur session=w-4 sortie=\\.\DISPLAY6 largeur=1280 hauteur=720
2026-08-02T18:43:16.102048Z  INFO agent::encode::arret: IMFShutdown::Shutdown : avant mft="encodeur"
2026-08-02T18:43:16.102055Z  INFO agent::capteur::fenetre: l'enfant a fermé le canal session=w-4 images=0
2026-08-02T18:43:16.102067Z  INFO agent::capteur::tube: attaché au capteur session=w-4 sortie=\\.\DISPLAY6 largeur=1280 hauteur=720
2026-08-02T18:43:16.102099Z  INFO agent::encode::arret: IMFShutdown::Shutdown : avant mft="encodeur"
2026-08-02T18:43:16.102124Z  INFO agent::capteur::distante: canal rattaché au capteur largeur=1280 hauteur=720
2026-08-02T18:43:16.102634Z  INFO agent::encode::arret: IMFShutdown::Shutdown : après mft="encodeur"
2026-08-02T18:43:16.102797Z  INFO agent::encode::arret: IMFShutdown::Shutdown : après mft="encodeur"
2026-08-02T18:43:16.125657Z  WARN agent::capteur::serveur: DIAGNOSTIC : fil lecteur de commandes NON lancé
2026-08-02T18:43:16.126080Z  INFO agent::capture::ouverture: sortie retenue pour la duplication adaptateur=NVIDIA GeForce RTX 4070 index_adaptateur=0 index_sortie=2 nom_sortie=\\.\DISPLAY6 attachee=true
2026-08-02T18:43:16.132958Z  WARN agent::capteur::serveur: DIAGNOSTIC : fil lecteur de commandes NON lancé
2026-08-02T18:43:16.133220Z  INFO agent::capture::ouverture: sortie retenue pour la duplication adaptateur=NVIDIA GeForce RTX 4070 index_adaptateur=0 index_sortie=1 nom_sortie=\\.\DISPLAY5 attachee=true
2026-08-02T18:43:16.184695Z  INFO agent::capture::ouverture: protection multi-fils activée sur le contexte immédiat D3D11 protection_precedente=false
2026-08-02T18:43:16.184942Z  INFO agent::capture: duplication de sortie établie desktop_width=1280 desktop_height=720
2026-08-02T18:43:16.184982Z  INFO agent::encode: encodeur matériel retenu encodeur=NVIDIA H.264 Encoder MFT
2026-08-02T18:43:16.201884Z  INFO agent::capture::ouverture: protection multi-fils activée sur le contexte immédiat D3D11 protection_precedente=false
2026-08-02T18:43:16.202121Z  INFO agent::capture: duplication de sortie établie desktop_width=1280 desktop_height=720
2026-08-02T18:43:16.202163Z  INFO agent::encode: encodeur matériel retenu encodeur=NVIDIA H.264 Encoder MFT
2026-08-02T18:43:16.278593Z  INFO agent::encode::arret: file de travail sérialisée imposée mft="encodeur" file=14026086
2026-08-02T18:43:16.278822Z  INFO agent::encode: convertisseur BGRA→NV12 (Video Processor MFT) configuré converter_provides_samples=true
2026-08-02T18:43:16.279148Z  INFO agent::capteur::fenetre: fenêtre attachée au capteur session=w-4 sortie=\\.\DISPLAY6 largeur=1280 hauteur=720
2026-08-02T18:43:16.279157Z  INFO agent::capteur::fenetre: l'enfant a fermé le canal session=w-4 images=0
2026-08-02T18:43:16.279167Z  INFO agent::capteur::tube: attaché au capteur session=w-4 sortie=\\.\DISPLAY6 largeur=1280 hauteur=720
2026-08-02T18:43:16.279221Z  INFO agent::encode::arret: IMFShutdown::Shutdown : avant mft="encodeur"
2026-08-02T18:43:16.279228Z  INFO agent::capteur::distante: canal rattaché au capteur largeur=1280 hauteur=720
2026-08-02T18:43:16.279665Z  INFO agent::encode::arret: IMFShutdown::Shutdown : après mft="encodeur"
2026-08-02T18:43:16.293215Z  INFO agent::encode::arret: file de travail sérialisée imposée mft="encodeur" file=30672232
2026-08-02T18:43:16.293432Z  INFO agent::encode: convertisseur BGRA→NV12 (Video Processor MFT) configuré converter_provides_samples=true
2026-08-02T18:43:16.293781Z  INFO agent::capteur::fenetre: fenêtre attachée au capteur session=w-2 sortie=\\.\DISPLAY5 largeur=1280 hauteur=720
2026-08-02T18:43:16.293791Z  INFO agent::capteur::fenetre: l'enfant a fermé le canal session=w-2 images=0
2026-08-02T18:43:16.293796Z  INFO agent::capteur::tube: attaché au capteur session=w-2 sortie=\\.\DISPLAY5 largeur=1280 hauteur=720
2026-08-02T18:43:16.293848Z  INFO agent::capteur::distante: canal rattaché au capteur largeur=1280 hauteur=720
2026-08-02T18:43:16.293849Z  INFO agent::encode::arret: IMFShutdown::Shutdown : avant mft="encodeur"
2026-08-02T18:43:16.294466Z  INFO agent::encode::arret: IMFShutdown::Shutdown : après mft="encodeur"
2026-08-02T18:43:16.311072Z  WARN agent::capteur::serveur: DIAGNOSTIC : fil lecteur de commandes NON lancé
2026-08-02T18:43:16.311602Z  INFO agent::capture::ouverture: sortie retenue pour la duplication adaptateur=NVIDIA GeForce RTX 4070 index_adaptateur=0 index_sortie=2 nom_sortie=\\.\DISPLAY6 attachee=true
2026-08-02T18:43:16.314276Z  WARN agent::capteur::serveur: DIAGNOSTIC : fil lecteur de commandes NON lancé
2026-08-02T18:43:16.314625Z  INFO agent::capture::ouverture: sortie retenue pour la duplication adaptateur=NVIDIA GeForce RTX 4070 index_adaptateur=0 index_sortie=1 nom_sortie=\\.\DISPLAY5 attachee=true
2026-08-02T18:43:16.372738Z  INFO agent::capture::ouverture: protection multi-fils activée sur le contexte immédiat D3D11 protection_precedente=false
2026-08-02T18:43:16.372992Z  INFO agent::capture: duplication de sortie établie desktop_width=1280 desktop_height=720
2026-08-02T18:43:16.373034Z  INFO agent::encode: encodeur matériel retenu encodeur=NVIDIA H.264 Encoder MFT
2026-08-02T18:43:16.390277Z  INFO agent::capture::ouverture: protection multi-fils activée sur le contexte immédiat D3D11 protection_precedente=false
2026-08-02T18:43:16.390523Z  INFO agent::capture: duplication de sortie établie desktop_width=1280 desktop_height=720
2026-08-02T18:43:16.390565Z  INFO agent::encode: encodeur matériel retenu encodeur=NVIDIA H.264 Encoder MFT
2026-08-02T18:43:16.474031Z  INFO agent::encode::arret: file de travail sérialisée imposée mft="encodeur" file=14026092
2026-08-02T18:43:16.474270Z  INFO agent::encode: convertisseur BGRA→NV12 (Video Processor MFT) configuré converter_provides_samples=true
2026-08-02T18:43:16.476693Z  INFO agent::capteur::fenetre: fenêtre attachée au capteur session=w-4 sortie=\\.\DISPLAY6 largeur=1280 hauteur=720
2026-08-02T18:43:16.476707Z  INFO agent::capteur::fenetre: l'enfant a fermé le canal session=w-4 images=0
2026-08-02T18:43:16.476708Z  INFO agent::capteur::tube: attaché au capteur session=w-4 sortie=\\.\DISPLAY6 largeur=1280 hauteur=720
2026-08-02T18:43:16.476773Z  INFO agent::capteur::distante: canal rattaché au capteur largeur=1280 hauteur=720
2026-08-02T18:43:16.476783Z  INFO agent::encode::arret: IMFShutdown::Shutdown : avant mft="encodeur"
2026-08-02T18:43:16.477282Z  INFO agent::encode::arret: IMFShutdown::Shutdown : après mft="encodeur"
2026-08-02T18:43:16.492048Z  INFO agent::encode::arret: file de travail sérialisée imposée mft="encodeur" file=30803310
2026-08-02T18:43:16.492276Z  INFO agent::encode: convertisseur BGRA→NV12 (Video Processor MFT) configuré converter_provides_samples=true
2026-08-02T18:43:16.492543Z  INFO agent::capteur::fenetre: fenêtre attachée au capteur session=w-2 sortie=\\.\DISPLAY5 largeur=1280 hauteur=720
2026-08-02T18:43:16.492555Z  INFO agent::capteur::fenetre: l'enfant a fermé le canal session=w-2 images=0
2026-08-02T18:43:16.492557Z  INFO agent::capteur::tube: attaché au capteur session=w-2 sortie=\\.\DISPLAY5 largeur=1280 hauteur=720
2026-08-02T18:43:16.492612Z  INFO agent::encode::arret: IMFShutdown::Shutdown : avant mft="encodeur"
2026-08-02T18:43:16.492622Z  INFO agent::capteur::distante: canal rattaché au capteur largeur=1280 hauteur=720
2026-08-02T18:43:16.493222Z  INFO agent::encode::arret: IMFShutdown::Shutdown : après mft="encodeur"
2026-08-02T18:43:16.507213Z  WARN agent::capteur::serveur: DIAGNOSTIC : fil lecteur de commandes NON lancé
2026-08-02T18:43:16.507741Z  INFO agent::capture::ouverture: sortie retenue pour la duplication adaptateur=NVIDIA GeForce RTX 4070 index_adaptateur=0 index_sortie=2 nom_sortie=\\.\DISPLAY6 attachee=true
2026-08-02T18:43:16.513229Z  WARN agent::capteur::serveur: DIAGNOSTIC : fil lecteur de commandes NON lancé
2026-08-02T18:43:16.513586Z  INFO agent::capture::ouverture: sortie retenue pour la duplication adaptateur=NVIDIA GeForce RTX 4070 index_adaptateur=0 index_sortie=1 nom_sortie=\\.\DISPLAY5 attachee=true
2026-08-02T18:43:16.570811Z  INFO agent::capture::ouverture: protection multi-fils activée sur le contexte immédiat D3D11 protection_precedente=false
2026-08-02T18:43:16.571765Z  INFO agent::capture: duplication de sortie établie desktop_width=1280 desktop_height=720
2026-08-02T18:43:16.571806Z  INFO agent::encode: encodeur matériel retenu encodeur=NVIDIA H.264 Encoder MFT
2026-08-02T18:43:16.588895Z  INFO agent::capture::ouverture: protection multi-fils activée sur le contexte immédiat D3D11 protection_precedente=false
2026-08-02T18:43:16.589136Z  INFO agent::capture: duplication de sortie établie desktop_width=1280 desktop_height=720
2026-08-02T18:43:16.589179Z  INFO agent::encode: encodeur matériel retenu encodeur=NVIDIA H.264 Encoder MFT
2026-08-02T18:43:16.678269Z  INFO agent::encode::arret: file de travail sérialisée imposée mft="encodeur" file=30934388
2026-08-02T18:43:16.678496Z  INFO agent::encode: convertisseur BGRA→NV12 (Video Processor MFT) configuré converter_provides_samples=true
2026-08-02T18:43:16.678725Z  INFO agent::encode::arret: file de travail sérialisée imposée mft="encodeur" file=14026098
2026-08-02T18:43:16.678784Z  INFO agent::capteur::fenetre: fenêtre attachée au capteur session=w-2 sortie=\\.\DISPLAY5 largeur=1280 hauteur=720
2026-08-02T18:43:16.678793Z  INFO agent::capteur::fenetre: l'enfant a fermé le canal session=w-2 images=0
2026-08-02T18:43:16.678799Z  INFO agent::capteur::tube: attaché au capteur session=w-2 sortie=\\.\DISPLAY5 largeur=1280 hauteur=720
2026-08-02T18:43:16.678838Z  INFO agent::encode::arret: IMFShutdown::Shutdown : avant mft="encodeur"
2026-08-02T18:43:16.678851Z  INFO agent::capteur::distante: canal rattaché au capteur largeur=1280 hauteur=720
2026-08-02T18:43:16.678920Z  INFO agent::encode: convertisseur BGRA→NV12 (Video Processor MFT) configuré converter_provides_samples=true
2026-08-02T18:43:16.679191Z  INFO agent::capteur::fenetre: fenêtre attachée au capteur session=w-4 sortie=\\.\DISPLAY6 largeur=1280 hauteur=720
2026-08-02T18:43:16.679203Z  INFO agent::capteur::fenetre: l'enfant a fermé le canal session=w-4 images=0
2026-08-02T18:43:16.679207Z  INFO agent::capteur::tube: attaché au capteur session=w-4 sortie=\\.\DISPLAY6 largeur=1280 hauteur=720
2026-08-02T18:43:16.679249Z  INFO agent::encode::arret: IMFShutdown::Shutdown : avant mft="encodeur"
2026-08-02T18:43:16.679256Z  INFO agent::capteur::distante: canal rattaché au capteur largeur=1280 hauteur=720
2026-08-02T18:43:16.679337Z  INFO agent::encode::arret: IMFShutdown::Shutdown : après mft="encodeur"
2026-08-02T18:43:16.679866Z  INFO agent::encode::arret: IMFShutdown::Shutdown : après mft="encodeur"
2026-08-02T18:43:16.699655Z  WARN agent::capteur::serveur: DIAGNOSTIC : fil lecteur de commandes NON lancé
2026-08-02T18:43:16.700119Z  INFO agent::capture::ouverture: sortie retenue pour la duplication adaptateur=NVIDIA GeForce RTX 4070 index_adaptateur=0 index_sortie=1 nom_sortie=\\.\DISPLAY5 attachee=true
2026-08-02T18:43:16.709889Z  WARN agent::capteur::serveur: DIAGNOSTIC : fil lecteur de commandes NON lancé
2026-08-02T18:43:16.710230Z  INFO agent::capture::ouverture: sortie retenue pour la duplication adaptateur=NVIDIA GeForce RTX 4070 index_adaptateur=0 index_sortie=2 nom_sortie=\\.\DISPLAY6 attachee=true
2026-08-02T18:43:16.765138Z  INFO agent::capture::ouverture: protection multi-fils activée sur le contexte immédiat D3D11 protection_precedente=false
2026-08-02T18:43:16.765406Z  INFO agent::capture: duplication de sortie établie desktop_width=1280 desktop_height=720
2026-08-02T18:43:16.765447Z  INFO agent::encode: encodeur matériel retenu encodeur=NVIDIA H.264 Encoder MFT
2026-08-02T18:43:16.782575Z  INFO agent::capture::ouverture: protection multi-fils activée sur le contexte immédiat D3D11 protection_precedente=false
2026-08-02T18:43:16.782823Z  INFO agent::capture: duplication de sortie établie desktop_width=1280 desktop_height=720
2026-08-02T18:43:16.782863Z  INFO agent::encode: encodeur matériel retenu encodeur=NVIDIA H.264 Encoder MFT
2026-08-02T18:43:16.871617Z  INFO agent::encode::arret: file de travail sérialisée imposée mft="encodeur" file=31065466
2026-08-02T18:43:16.871865Z  INFO agent::encode: convertisseur BGRA→NV12 (Video Processor MFT) configuré converter_provides_samples=true
2026-08-02T18:43:16.872169Z  INFO agent::capteur::fenetre: fenêtre attachée au capteur session=w-4 sortie=\\.\DISPLAY6 largeur=1280 hauteur=720
2026-08-02T18:43:16.872181Z  INFO agent::capteur::fenetre: l'enfant a fermé le canal session=w-4 images=0
2026-08-02T18:43:16.872182Z  INFO agent::capteur::tube: attaché au capteur session=w-4 sortie=\\.\DISPLAY6 largeur=1280 hauteur=720
2026-08-02T18:43:16.872231Z  INFO agent::capteur::distante: canal rattaché au capteur largeur=1280 hauteur=720
2026-08-02T18:43:16.872242Z  INFO agent::encode::arret: IMFShutdown::Shutdown : avant mft="encodeur"
2026-08-02T18:43:16.872747Z  INFO agent::encode::arret: IMFShutdown::Shutdown : après mft="encodeur"
2026-08-02T18:43:16.880914Z  INFO agent::encode::arret: file de travail sérialisée imposée mft="encodeur" file=14026104
2026-08-02T18:43:16.881155Z  INFO agent::encode: convertisseur BGRA→NV12 (Video Processor MFT) configuré converter_provides_samples=true
2026-08-02T18:43:16.881479Z  INFO agent::capteur::fenetre: fenêtre attachée au capteur session=w-2 sortie=\\.\DISPLAY5 largeur=1280 hauteur=720
2026-08-02T18:43:16.881490Z  INFO agent::capteur::fenetre: l'enfant a fermé le canal session=w-2 images=0
2026-08-02T18:43:16.881495Z  INFO agent::capteur::tube: attaché au capteur session=w-2 sortie=\\.\DISPLAY5 largeur=1280 hauteur=720
2026-08-02T18:43:16.881546Z  INFO agent::encode::arret: IMFShutdown::Shutdown : avant mft="encodeur"
2026-08-02T18:43:16.881547Z  INFO agent::capteur::distante: canal rattaché au capteur largeur=1280 hauteur=720
2026-08-02T18:43:16.882384Z  INFO agent::encode::arret: IMFShutdown::Shutdown : après mft="encodeur"
2026-08-02T18:43:16.902325Z  WARN agent::capteur::serveur: DIAGNOSTIC : fil lecteur de commandes NON lancé
2026-08-02T18:43:16.902673Z  INFO agent::capture::ouverture: sortie retenue pour la duplication adaptateur=NVIDIA GeForce RTX 4070 index_adaptateur=0 index_sortie=1 nom_sortie=\\.\DISPLAY5 attachee=true
2026-08-02T18:43:16.903392Z  WARN agent::capteur::serveur: DIAGNOSTIC : fil lecteur de commandes NON lancé
2026-08-02T18:43:16.903721Z  INFO agent::capture::ouverture: sortie retenue pour la duplication adaptateur=NVIDIA GeForce RTX 4070 index_adaptateur=0 index_sortie=2 nom_sortie=\\.\DISPLAY6 attachee=true
2026-08-02T18:43:16.962957Z  INFO agent::capture::ouverture: protection multi-fils activée sur le contexte immédiat D3D11 protection_precedente=false
2026-08-02T18:43:16.963233Z  INFO agent::capture: duplication de sortie établie desktop_width=1280 desktop_height=720
2026-08-02T18:43:16.963277Z  INFO agent::encode: encodeur matériel retenu encodeur=NVIDIA H.264 Encoder MFT
2026-08-02T18:43:16.981179Z  INFO agent::capture::ouverture: protection multi-fils activée sur le contexte immédiat D3D11 protection_precedente=false
2026-08-02T18:43:16.981428Z  INFO agent::capture: duplication de sortie établie desktop_width=1280 desktop_height=720
2026-08-02T18:43:16.981473Z  INFO agent::encode: encodeur matériel retenu encodeur=NVIDIA H.264 Encoder MFT
2026-08-02T18:43:17.070658Z  INFO agent::encode::arret: file de travail sérialisée imposée mft="encodeur" file=31196544
2026-08-02T18:43:17.070861Z  INFO agent::encode::arret: file de travail sérialisée imposée mft="encodeur" file=14026110
2026-08-02T18:43:17.070887Z  INFO agent::encode: convertisseur BGRA→NV12 (Video Processor MFT) configuré converter_provides_samples=true
2026-08-02T18:43:17.071060Z  INFO agent::encode: convertisseur BGRA→NV12 (Video Processor MFT) configuré converter_provides_samples=true
2026-08-02T18:43:17.071174Z  INFO agent::capteur::fenetre: fenêtre attachée au capteur session=w-4 sortie=\\.\DISPLAY6 largeur=1280 hauteur=720
2026-08-02T18:43:17.071184Z  INFO agent::capteur::fenetre: l'enfant a fermé le canal session=w-4 images=0
2026-08-02T18:43:17.071187Z  INFO agent::capteur::tube: attaché au capteur session=w-4 sortie=\\.\DISPLAY6 largeur=1280 hauteur=720
2026-08-02T18:43:17.071231Z  INFO agent::encode::arret: IMFShutdown::Shutdown : avant mft="encodeur"
2026-08-02T18:43:17.071242Z  INFO agent::capteur::distante: canal rattaché au capteur largeur=1280 hauteur=720
2026-08-02T18:43:17.071291Z  INFO agent::capteur::fenetre: fenêtre attachée au capteur session=w-2 sortie=\\.\DISPLAY5 largeur=1280 hauteur=720
2026-08-02T18:43:17.071300Z  INFO agent::capteur::fenetre: l'enfant a fermé le canal session=w-2 images=0
2026-08-02T18:43:17.071307Z  INFO agent::capteur::tube: attaché au capteur session=w-2 sortie=\\.\DISPLAY5 largeur=1280 hauteur=720
2026-08-02T18:43:17.071340Z  INFO agent::encode::arret: IMFShutdown::Shutdown : avant mft="encodeur"
2026-08-02T18:43:17.071359Z  INFO agent::capteur::distante: canal rattaché au capteur largeur=1280 hauteur=720
2026-08-02T18:43:17.072127Z  INFO agent::encode::arret: IMFShutdown::Shutdown : après mft="encodeur"
2026-08-02T18:43:17.072278Z  INFO agent::encode::arret: IMFShutdown::Shutdown : après mft="encodeur"
2026-08-02T18:43:17.094160Z  WARN agent::capteur::serveur: DIAGNOSTIC : fil lecteur de commandes NON lancé
2026-08-02T18:43:17.094553Z  INFO agent::capture::ouverture: sortie retenue pour la duplication adaptateur=NVIDIA GeForce RTX 4070 index_adaptateur=0 index_sortie=1 nom_sortie=\\.\DISPLAY5 attachee=true
2026-08-02T18:43:17.101705Z  WARN agent::capteur::serveur: DIAGNOSTIC : fil lecteur de commandes NON lancé
2026-08-02T18:43:17.101997Z  INFO agent::capture::ouverture: sortie retenue pour la duplication adaptateur=NVIDIA GeForce RTX 4070 index_adaptateur=0 index_sortie=2 nom_sortie=\\.\DISPLAY6 attachee=true
2026-08-02T18:43:17.153202Z  INFO agent::capture::ouverture: protection multi-fils activée sur le contexte immédiat D3D11 protection_precedente=false
2026-08-02T18:43:17.153464Z  INFO agent::capture: duplication de sortie établie desktop_width=1280 desktop_height=720
2026-08-02T18:43:17.153502Z  INFO agent::encode: encodeur matériel retenu encodeur=NVIDIA H.264 Encoder MFT
2026-08-02T18:43:17.173013Z  INFO agent::capture::ouverture: protection multi-fils activée sur le contexte immédiat D3D11 protection_precedente=false
2026-08-02T18:43:17.173278Z  INFO agent::capture: duplication de sortie établie desktop_width=1280 desktop_height=720
2026-08-02T18:43:17.173319Z  INFO agent::encode: encodeur matériel retenu encodeur=NVIDIA H.264 Encoder MFT
2026-08-02T18:43:17.250104Z  INFO agent::encode::arret: file de travail sérialisée imposée mft="encodeur" file=14026116
2026-08-02T18:43:17.250325Z  INFO agent::encode: convertisseur BGRA→NV12 (Video Processor MFT) configuré converter_provides_samples=true
2026-08-02T18:43:17.252919Z  INFO agent::capteur::fenetre: fenêtre attachée au capteur session=w-2 sortie=\\.\DISPLAY5 largeur=1280 hauteur=720
2026-08-02T18:43:17.252933Z  INFO agent::capteur::fenetre: l'enfant a fermé le canal session=w-2 images=0
2026-08-02T18:43:17.252933Z  INFO agent::capteur::tube: attaché au capteur session=w-2 sortie=\\.\DISPLAY5 largeur=1280 hauteur=720
2026-08-02T18:43:17.252987Z  INFO agent::capteur::distante: canal rattaché au capteur largeur=1280 hauteur=720
2026-08-02T18:43:17.253028Z  INFO agent::encode::arret: IMFShutdown::Shutdown : avant mft="encodeur"
2026-08-02T18:43:17.253531Z  INFO agent::encode::arret: IMFShutdown::Shutdown : après mft="encodeur"
2026-08-02T18:43:17.270466Z  INFO agent::encode::arret: file de travail sérialisée imposée mft="encodeur" file=31327622
2026-08-02T18:43:17.270698Z  INFO agent::encode: convertisseur BGRA→NV12 (Video Processor MFT) configuré converter_provides_samples=true
2026-08-02T18:43:17.271060Z  INFO agent::capteur::fenetre: fenêtre attachée au capteur session=w-4 sortie=\\.\DISPLAY6 largeur=1280 hauteur=720
2026-08-02T18:43:17.271071Z  INFO agent::capteur::fenetre: l'enfant a fermé le canal session=w-4 images=0
2026-08-02T18:43:17.271077Z  INFO agent::capteur::tube: attaché au capteur session=w-4 sortie=\\.\DISPLAY6 largeur=1280 hauteur=720
2026-08-02T18:43:17.271134Z  INFO agent::encode::arret: IMFShutdown::Shutdown : avant mft="encodeur"
2026-08-02T18:43:17.271141Z  INFO agent::capteur::distante: canal rattaché au capteur largeur=1280 hauteur=720
2026-08-02T18:43:17.271772Z  INFO agent::encode::arret: IMFShutdown::Shutdown : après mft="encodeur"
2026-08-02T18:43:17.283631Z  WARN agent::capteur::serveur: DIAGNOSTIC : fil lecteur de commandes NON lancé
2026-08-02T18:43:17.284019Z  INFO agent::capture::ouverture: sortie retenue pour la duplication adaptateur=NVIDIA GeForce RTX 4070 index_adaptateur=0 index_sortie=1 nom_sortie=\\.\DISPLAY5 attachee=true
2026-08-02T18:43:17.291773Z  WARN agent::capteur::serveur: DIAGNOSTIC : fil lecteur de commandes NON lancé
2026-08-02T18:43:17.292152Z  INFO agent::capture::ouverture: sortie retenue pour la duplication adaptateur=NVIDIA GeForce RTX 4070 index_adaptateur=0 index_sortie=2 nom_sortie=\\.\DISPLAY6 attachee=true
2026-08-02T18:43:17.347891Z  INFO agent::capture::ouverture: protection multi-fils activée sur le contexte immédiat D3D11 protection_precedente=false
2026-08-02T18:43:17.348145Z  INFO agent::capture: duplication de sortie établie desktop_width=1280 desktop_height=720
2026-08-02T18:43:17.348185Z  INFO agent::encode: encodeur matériel retenu encodeur=NVIDIA H.264 Encoder MFT
2026-08-02T18:43:17.366819Z  INFO agent::capture::ouverture: protection multi-fils activée sur le contexte immédiat D3D11 protection_precedente=false
2026-08-02T18:43:17.367068Z  INFO agent::capture: duplication de sortie établie desktop_width=1280 desktop_height=720
2026-08-02T18:43:17.367109Z  INFO agent::encode: encodeur matériel retenu encodeur=NVIDIA H.264 Encoder MFT
2026-08-02T18:43:17.455096Z  INFO agent::encode::arret: file de travail sérialisée imposée mft="encodeur" file=14026122
2026-08-02T18:43:17.455225Z  INFO agent::encode::arret: file de travail sérialisée imposée mft="encodeur" file=31458700
2026-08-02T18:43:17.455318Z  INFO agent::encode: convertisseur BGRA→NV12 (Video Processor MFT) configuré converter_provides_samples=true
2026-08-02T18:43:17.455414Z  INFO agent::encode: convertisseur BGRA→NV12 (Video Processor MFT) configuré converter_provides_samples=true
2026-08-02T18:43:17.455637Z  INFO agent::capteur::fenetre: fenêtre attachée au capteur session=w-2 sortie=\\.\DISPLAY5 largeur=1280 hauteur=720
2026-08-02T18:43:17.455647Z  INFO agent::capteur::fenetre: l'enfant a fermé le canal session=w-2 images=0
2026-08-02T18:43:17.455650Z  INFO agent::capteur::tube: attaché au capteur session=w-2 sortie=\\.\DISPLAY5 largeur=1280 hauteur=720
2026-08-02T18:43:17.455695Z  INFO agent::encode::arret: IMFShutdown::Shutdown : avant mft="encodeur"
2026-08-02T18:43:17.455699Z  INFO agent::capteur::distante: canal rattaché au capteur largeur=1280 hauteur=720
2026-08-02T18:43:17.455700Z  INFO agent::capteur::fenetre: fenêtre attachée au capteur session=w-4 sortie=\\.\DISPLAY6 largeur=1280 hauteur=720
2026-08-02T18:43:17.455709Z  INFO agent::capteur::fenetre: l'enfant a fermé le canal session=w-4 images=0
2026-08-02T18:43:17.455716Z  INFO agent::capteur::tube: attaché au capteur session=w-4 sortie=\\.\DISPLAY6 largeur=1280 hauteur=720
2026-08-02T18:43:17.455746Z  INFO agent::encode::arret: IMFShutdown::Shutdown : avant mft="encodeur"
2026-08-02T18:43:17.455771Z  INFO agent::capteur::distante: canal rattaché au capteur largeur=1280 hauteur=720
2026-08-02T18:43:17.456285Z  INFO agent::encode::arret: IMFShutdown::Shutdown : après mft="encodeur"
2026-08-02T18:43:17.456431Z  INFO agent::encode::arret: IMFShutdown::Shutdown : après mft="encodeur"
2026-08-02T18:43:17.476521Z  WARN agent::capteur::serveur: DIAGNOSTIC : fil lecteur de commandes NON lancé
2026-08-02T18:43:17.476985Z  INFO agent::capture::ouverture: sortie retenue pour la duplication adaptateur=NVIDIA GeForce RTX 4070 index_adaptateur=0 index_sortie=1 nom_sortie=\\.\DISPLAY5 attachee=true
2026-08-02T18:43:17.486548Z  WARN agent::capteur::serveur: DIAGNOSTIC : fil lecteur de commandes NON lancé
2026-08-02T18:43:17.486843Z  INFO agent::capture::ouverture: sortie retenue pour la duplication adaptateur=NVIDIA GeForce RTX 4070 index_adaptateur=0 index_sortie=2 nom_sortie=\\.\DISPLAY6 attachee=true
2026-08-02T18:43:17.539772Z  INFO agent::capture::ouverture: protection multi-fils activée sur le contexte immédiat D3D11 protection_precedente=false
2026-08-02T18:43:17.540032Z  INFO agent::capture: duplication de sortie établie desktop_width=1280 desktop_height=720
2026-08-02T18:43:17.540071Z  INFO agent::encode: encodeur matériel retenu encodeur=NVIDIA H.264 Encoder MFT
2026-08-02T18:43:17.557149Z  INFO agent::capture::ouverture: protection multi-fils activée sur le contexte immédiat D3D11 protection_precedente=false
2026-08-02T18:43:17.557382Z  INFO agent::capture: duplication de sortie établie desktop_width=1280 desktop_height=720
2026-08-02T18:43:17.557423Z  INFO agent::encode: encodeur matériel retenu encodeur=NVIDIA H.264 Encoder MFT
2026-08-02T18:43:17.645181Z  INFO agent::encode::arret: file de travail sérialisée imposée mft="encodeur" file=31589778
2026-08-02T18:43:17.645405Z  INFO agent::encode::arret: file de travail sérialisée imposée mft="encodeur" file=14026128
2026-08-02T18:43:17.645420Z  INFO agent::encode: convertisseur BGRA→NV12 (Video Processor MFT) configuré converter_provides_samples=true
2026-08-02T18:43:17.645591Z  INFO agent::encode: convertisseur BGRA→NV12 (Video Processor MFT) configuré converter_provides_samples=true
2026-08-02T18:43:17.645697Z  INFO agent::capteur::fenetre: fenêtre attachée au capteur session=w-4 sortie=\\.\DISPLAY6 largeur=1280 hauteur=720
2026-08-02T18:43:17.645706Z  INFO agent::capteur::fenetre: l'enfant a fermé le canal session=w-4 images=0
2026-08-02T18:43:17.645711Z  INFO agent::capteur::tube: attaché au capteur session=w-4 sortie=\\.\DISPLAY6 largeur=1280 hauteur=720
2026-08-02T18:43:17.645756Z  INFO agent::encode::arret: IMFShutdown::Shutdown : avant mft="encodeur"
2026-08-02T18:43:17.645768Z  INFO agent::capteur::distante: canal rattaché au capteur largeur=1280 hauteur=720
2026-08-02T18:43:17.645916Z  INFO agent::capteur::tube: attaché au capteur session=w-2 sortie=\\.\DISPLAY5 largeur=1280 hauteur=720
2026-08-02T18:43:17.645898Z  INFO agent::capteur::fenetre: fenêtre attachée au capteur session=w-2 sortie=\\.\DISPLAY5 largeur=1280 hauteur=720
2026-08-02T18:43:17.645940Z  INFO agent::capteur::fenetre: l'enfant a fermé le canal session=w-2 images=0
2026-08-02T18:43:17.645967Z  INFO agent::capteur::distante: canal rattaché au capteur largeur=1280 hauteur=720
2026-08-02T18:43:17.645998Z  INFO agent::encode::arret: IMFShutdown::Shutdown : avant mft="encodeur"
2026-08-02T18:43:17.646411Z  INFO agent::encode::arret: IMFShutdown::Shutdown : après mft="encodeur"
2026-08-02T18:43:17.646623Z  INFO agent::encode::arret: IMFShutdown::Shutdown : après mft="encodeur"
2026-08-02T18:43:17.668495Z  WARN agent::capteur::serveur: DIAGNOSTIC : fil lecteur de commandes NON lancé
2026-08-02T18:43:17.668948Z  INFO agent::capture::ouverture: sortie retenue pour la duplication adaptateur=NVIDIA GeForce RTX 4070 index_adaptateur=0 index_sortie=1 nom_sortie=\\.\DISPLAY5 attachee=true
2026-08-02T18:43:17.676132Z  WARN agent::capteur::serveur: DIAGNOSTIC : fil lecteur de commandes NON lancé
2026-08-02T18:43:17.676453Z  INFO agent::capture::ouverture: sortie retenue pour la duplication adaptateur=NVIDIA GeForce RTX 4070 index_adaptateur=0 index_sortie=2 nom_sortie=\\.\DISPLAY6 attachee=true
2026-08-02T18:43:17.731391Z  INFO agent::capture::ouverture: protection multi-fils activée sur le contexte immédiat D3D11 protection_precedente=false
2026-08-02T18:43:17.731641Z  INFO agent::capture: duplication de sortie établie desktop_width=1280 desktop_height=720
2026-08-02T18:43:17.731680Z  INFO agent::encode: encodeur matériel retenu encodeur=NVIDIA H.264 Encoder MFT
2026-08-02T18:43:17.748936Z  INFO agent::capture::ouverture: protection multi-fils activée sur le contexte immédiat D3D11 protection_precedente=false
2026-08-02T18:43:17.749176Z  INFO agent::capture: duplication de sortie établie desktop_width=1280 desktop_height=720
2026-08-02T18:43:17.749219Z  INFO agent::encode: encodeur matériel retenu encodeur=NVIDIA H.264 Encoder MFT
2026-08-02T18:43:17.829293Z  INFO agent::encode::arret: file de travail sérialisée imposée mft="encodeur" file=31720856
2026-08-02T18:43:17.829524Z  INFO agent::encode: convertisseur BGRA→NV12 (Video Processor MFT) configuré converter_provides_samples=true
2026-08-02T18:43:17.829818Z  INFO agent::capteur::fenetre: fenêtre attachée au capteur session=w-4 sortie=\\.\DISPLAY6 largeur=1280 hauteur=720
2026-08-02T18:43:17.829829Z  INFO agent::capteur::fenetre: l'enfant a fermé le canal session=w-4 images=0
2026-08-02T18:43:17.829833Z  INFO agent::capteur::tube: attaché au capteur session=w-4 sortie=\\.\DISPLAY6 largeur=1280 hauteur=720
2026-08-02T18:43:17.829877Z  INFO agent::encode::arret: IMFShutdown::Shutdown : avant mft="encodeur"
2026-08-02T18:43:17.829888Z  INFO agent::capteur::distante: canal rattaché au capteur largeur=1280 hauteur=720
2026-08-02T18:43:17.830355Z  INFO agent::encode::arret: IMFShutdown::Shutdown : après mft="encodeur"
2026-08-02T18:43:17.842095Z  INFO agent::encode::arret: file de travail sérialisée imposée mft="encodeur" file=14026134
2026-08-02T18:43:17.842334Z  INFO agent::encode: convertisseur BGRA→NV12 (Video Processor MFT) configuré converter_provides_samples=true
2026-08-02T18:43:17.842610Z  INFO agent::capteur::fenetre: fenêtre attachée au capteur session=w-2 sortie=\\.\DISPLAY5 largeur=1280 hauteur=720
2026-08-02T18:43:17.842623Z  INFO agent::capteur::fenetre: l'enfant a fermé le canal session=w-2 images=0
2026-08-02T18:43:17.842622Z  INFO agent::capteur::tube: attaché au capteur session=w-2 sortie=\\.\DISPLAY5 largeur=1280 hauteur=720
2026-08-02T18:43:17.842673Z  INFO agent::encode::arret: IMFShutdown::Shutdown : avant mft="encodeur"
2026-08-02T18:43:17.842682Z  INFO agent::capteur::distante: canal rattaché au capteur largeur=1280 hauteur=720
2026-08-02T18:43:17.843372Z  INFO agent::encode::arret: IMFShutdown::Shutdown : après mft="encodeur"
2026-08-02T18:43:17.862384Z  WARN agent::capteur::serveur: DIAGNOSTIC : fil lecteur de commandes NON lancé
2026-08-02T18:43:17.862919Z  INFO agent::capture::ouverture: sortie retenue pour la duplication adaptateur=NVIDIA GeForce RTX 4070 index_adaptateur=0 index_sortie=2 nom_sortie=\\.\DISPLAY6 attachee=true
2026-08-02T18:43:17.863013Z  WARN agent::capteur::serveur: DIAGNOSTIC : fil lecteur de commandes NON lancé
2026-08-02T18:43:17.863942Z  INFO agent::capture::ouverture: sortie retenue pour la duplication adaptateur=NVIDIA GeForce RTX 4070 index_adaptateur=0 index_sortie=1 nom_sortie=\\.\DISPLAY5 attachee=true
2026-08-02T18:43:17.925057Z  INFO agent::capture::ouverture: protection multi-fils activée sur le contexte immédiat D3D11 protection_precedente=false
2026-08-02T18:43:17.925317Z  INFO agent::capture: duplication de sortie établie desktop_width=1280 desktop_height=720
2026-08-02T18:43:17.925358Z  INFO agent::encode: encodeur matériel retenu encodeur=NVIDIA H.264 Encoder MFT
2026-08-02T18:43:17.943765Z  INFO agent::capture::ouverture: protection multi-fils activée sur le contexte immédiat D3D11 protection_precedente=false
2026-08-02T18:43:17.944018Z  INFO agent::capture: duplication de sortie établie desktop_width=1280 desktop_height=720
2026-08-02T18:43:17.944063Z  INFO agent::encode: encodeur matériel retenu encodeur=NVIDIA H.264 Encoder MFT
2026-08-02T18:43:18.032022Z  INFO agent::encode::arret: file de travail sérialisée imposée mft="encodeur" file=14026140
2026-08-02T18:43:18.032241Z  INFO agent::encode::arret: file de travail sérialisée imposée mft="encodeur" file=31851934
2026-08-02T18:43:18.032258Z  INFO agent::encode: convertisseur BGRA→NV12 (Video Processor MFT) configuré converter_provides_samples=true
2026-08-02T18:43:18.032431Z  INFO agent::encode: convertisseur BGRA→NV12 (Video Processor MFT) configuré converter_provides_samples=true
2026-08-02T18:43:18.032530Z  INFO agent::capteur::fenetre: fenêtre attachée au capteur session=w-4 sortie=\\.\DISPLAY6 largeur=1280 hauteur=720
2026-08-02T18:43:18.032541Z  INFO agent::capteur::fenetre: l'enfant a fermé le canal session=w-4 images=0
2026-08-02T18:43:18.032545Z  INFO agent::capteur::tube: attaché au capteur session=w-4 sortie=\\.\DISPLAY6 largeur=1280 hauteur=720
2026-08-02T18:43:18.032595Z  INFO agent::encode::arret: IMFShutdown::Shutdown : avant mft="encodeur"
2026-08-02T18:43:18.032604Z  INFO agent::capteur::distante: canal rattaché au capteur largeur=1280 hauteur=720
2026-08-02T18:43:18.032736Z  INFO agent::capteur::tube: attaché au capteur session=w-2 sortie=\\.\DISPLAY5 largeur=1280 hauteur=720
2026-08-02T18:43:18.032723Z  INFO agent::capteur::fenetre: fenêtre attachée au capteur session=w-2 sortie=\\.\DISPLAY5 largeur=1280 hauteur=720
2026-08-02T18:43:18.032759Z  INFO agent::capteur::fenetre: l'enfant a fermé le canal session=w-2 images=0
2026-08-02T18:43:18.032791Z  INFO agent::capteur::distante: canal rattaché au capteur largeur=1280 hauteur=720
2026-08-02T18:43:18.032819Z  INFO agent::encode::arret: IMFShutdown::Shutdown : avant mft="encodeur"
2026-08-02T18:43:18.033263Z  INFO agent::encode::arret: IMFShutdown::Shutdown : après mft="encodeur"
2026-08-02T18:43:18.033538Z  INFO agent::encode::arret: IMFShutdown::Shutdown : après mft="encodeur"
2026-08-02T18:43:18.053420Z  WARN agent::capteur::serveur: DIAGNOSTIC : fil lecteur de commandes NON lancé
2026-08-02T18:43:18.053919Z  INFO agent::capture::ouverture: sortie retenue pour la duplication adaptateur=NVIDIA GeForce RTX 4070 index_adaptateur=0 index_sortie=1 nom_sortie=\\.\DISPLAY5 attachee=true
2026-08-02T18:43:18.063061Z  WARN agent::capteur::serveur: DIAGNOSTIC : fil lecteur de commandes NON lancé
2026-08-02T18:43:18.063425Z  INFO agent::capture::ouverture: sortie retenue pour la duplication adaptateur=NVIDIA GeForce RTX 4070 index_adaptateur=0 index_sortie=2 nom_sortie=\\.\DISPLAY6 attachee=true
2026-08-02T18:43:18.116890Z  INFO agent::capture::ouverture: protection multi-fils activée sur le contexte immédiat D3D11 protection_precedente=false
2026-08-02T18:43:18.117145Z  INFO agent::capture: duplication de sortie établie desktop_width=1280 desktop_height=720
2026-08-02T18:43:18.117193Z  INFO agent::encode: encodeur matériel retenu encodeur=NVIDIA H.264 Encoder MFT
2026-08-02T18:43:18.134678Z  INFO agent::capture::ouverture: protection multi-fils activée sur le contexte immédiat D3D11 protection_precedente=false
2026-08-02T18:43:18.134927Z  INFO agent::capture: duplication de sortie établie desktop_width=1280 desktop_height=720
2026-08-02T18:43:18.134971Z  INFO agent::encode: encodeur matériel retenu encodeur=NVIDIA H.264 Encoder MFT
2026-08-02T18:43:18.223056Z  INFO agent::encode::arret: file de travail sérialisée imposée mft="encodeur" file=31983012
2026-08-02T18:43:18.223252Z  INFO agent::encode::arret: file de travail sérialisée imposée mft="encodeur" file=14026146
2026-08-02T18:43:18.223282Z  INFO agent::encode: convertisseur BGRA→NV12 (Video Processor MFT) configuré converter_provides_samples=true
2026-08-02T18:43:18.223450Z  INFO agent::encode: convertisseur BGRA→NV12 (Video Processor MFT) configuré converter_provides_samples=true
2026-08-02T18:43:18.223562Z  INFO agent::capteur::fenetre: fenêtre attachée au capteur session=w-4 sortie=\\.\DISPLAY6 largeur=1280 hauteur=720
2026-08-02T18:43:18.223572Z  INFO agent::capteur::fenetre: l'enfant a fermé le canal session=w-4 images=0
2026-08-02T18:43:18.223575Z  INFO agent::capteur::tube: attaché au capteur session=w-4 sortie=\\.\DISPLAY6 largeur=1280 hauteur=720
2026-08-02T18:43:18.223624Z  INFO agent::encode::arret: IMFShutdown::Shutdown : avant mft="encodeur"
2026-08-02T18:43:18.223627Z  INFO agent::capteur::distante: canal rattaché au capteur largeur=1280 hauteur=720
2026-08-02T18:43:18.223729Z  INFO agent::capteur::fenetre: fenêtre attachée au capteur session=w-2 sortie=\\.\DISPLAY5 largeur=1280 hauteur=720
2026-08-02T18:43:18.223741Z  INFO agent::capteur::tube: attaché au capteur session=w-2 sortie=\\.\DISPLAY5 largeur=1280 hauteur=720
2026-08-02T18:43:18.223747Z  INFO agent::capteur::fenetre: l'enfant a fermé le canal session=w-2 images=0
2026-08-02T18:43:18.223788Z  INFO agent::capteur::distante: canal rattaché au capteur largeur=1280 hauteur=720
2026-08-02T18:43:18.223828Z  INFO agent::encode::arret: IMFShutdown::Shutdown : avant mft="encodeur"
2026-08-02T18:43:18.224208Z  INFO agent::encode::arret: IMFShutdown::Shutdown : après mft="encodeur"
2026-08-02T18:43:18.224472Z  INFO agent::encode::arret: IMFShutdown::Shutdown : après mft="encodeur"
2026-08-02T18:43:18.245134Z  WARN agent::capteur::serveur: DIAGNOSTIC : fil lecteur de commandes NON lancé
2026-08-02T18:43:18.245632Z  INFO agent::capture::ouverture: sortie retenue pour la duplication adaptateur=NVIDIA GeForce RTX 4070 index_adaptateur=0 index_sortie=2 nom_sortie=\\.\DISPLAY6 attachee=true
2026-08-02T18:43:18.254049Z  WARN agent::capteur::serveur: DIAGNOSTIC : fil lecteur de commandes NON lancé
2026-08-02T18:43:18.254432Z  INFO agent::capture::ouverture: sortie retenue pour la duplication adaptateur=NVIDIA GeForce RTX 4070 index_adaptateur=0 index_sortie=1 nom_sortie=\\.\DISPLAY5 attachee=true
2026-08-02T18:43:18.314051Z  INFO agent::capture::ouverture: protection multi-fils activée sur le contexte immédiat D3D11 protection_precedente=false
2026-08-02T18:43:18.314296Z  INFO agent::capture: duplication de sortie établie desktop_width=1280 desktop_height=720
2026-08-02T18:43:18.314342Z  INFO agent::encode: encodeur matériel retenu encodeur=NVIDIA H.264 Encoder MFT
2026-08-02T18:43:18.330982Z  INFO agent::capture::ouverture: protection multi-fils activée sur le contexte immédiat D3D11 protection_precedente=false
2026-08-02T18:43:18.331230Z  INFO agent::capture: duplication de sortie établie desktop_width=1280 desktop_height=720
2026-08-02T18:43:18.331273Z  INFO agent::encode: encodeur matériel retenu encodeur=NVIDIA H.264 Encoder MFT
2026-08-02T18:43:18.419275Z  INFO agent::encode::arret: file de travail sérialisée imposée mft="encodeur" file=32114090
2026-08-02T18:43:18.419508Z  INFO agent::encode: convertisseur BGRA→NV12 (Video Processor MFT) configuré converter_provides_samples=true
2026-08-02T18:43:18.419589Z  INFO agent::encode::arret: file de travail sérialisée imposée mft="encodeur" file=14026152
2026-08-02T18:43:18.419775Z  INFO agent::encode: convertisseur BGRA→NV12 (Video Processor MFT) configuré converter_provides_samples=true
2026-08-02T18:43:18.419833Z  INFO agent::capteur::fenetre: fenêtre attachée au capteur session=w-2 sortie=\\.\DISPLAY5 largeur=1280 hauteur=720
2026-08-02T18:43:18.419843Z  INFO agent::capteur::fenetre: l'enfant a fermé le canal session=w-2 images=0
2026-08-02T18:43:18.419851Z  INFO agent::capteur::tube: attaché au capteur session=w-2 sortie=\\.\DISPLAY5 largeur=1280 hauteur=720
2026-08-02T18:43:18.419900Z  INFO agent::encode::arret: IMFShutdown::Shutdown : avant mft="encodeur"
2026-08-02T18:43:18.419909Z  INFO agent::capteur::distante: canal rattaché au capteur largeur=1280 hauteur=720
2026-08-02T18:43:18.420063Z  INFO agent::capteur::fenetre: fenêtre attachée au capteur session=w-4 sortie=\\.\DISPLAY6 largeur=1280 hauteur=720
2026-08-02T18:43:18.420074Z  INFO agent::capteur::tube: attaché au capteur session=w-4 sortie=\\.\DISPLAY6 largeur=1280 hauteur=720
2026-08-02T18:43:18.420078Z  INFO agent::capteur::fenetre: l'enfant a fermé le canal session=w-4 images=0
2026-08-02T18:43:18.420121Z  INFO agent::capteur::distante: canal rattaché au capteur largeur=1280 hauteur=720
2026-08-02T18:43:18.420148Z  INFO agent::encode::arret: IMFShutdown::Shutdown : avant mft="encodeur"
2026-08-02T18:43:18.420546Z  INFO agent::encode::arret: IMFShutdown::Shutdown : après mft="encodeur"
2026-08-02T18:43:18.420806Z  INFO agent::encode::arret: IMFShutdown::Shutdown : après mft="encodeur"
2026-08-02T18:43:18.440923Z  WARN agent::capteur::serveur: DIAGNOSTIC : fil lecteur de commandes NON lancé
2026-08-02T18:43:18.441403Z  INFO agent::capture::ouverture: sortie retenue pour la duplication adaptateur=NVIDIA GeForce RTX 4070 index_adaptateur=0 index_sortie=2 nom_sortie=\\.\DISPLAY6 attachee=true
2026-08-02T18:43:18.450587Z  WARN agent::capteur::serveur: DIAGNOSTIC : fil lecteur de commandes NON lancé
2026-08-02T18:43:18.450960Z  INFO agent::capture::ouverture: sortie retenue pour la duplication adaptateur=NVIDIA GeForce RTX 4070 index_adaptateur=0 index_sortie=1 nom_sortie=\\.\DISPLAY5 attachee=true
2026-08-02T18:43:18.506484Z  INFO agent::capture::ouverture: protection multi-fils activée sur le contexte immédiat D3D11 protection_precedente=false
2026-08-02T18:43:18.507742Z  INFO agent::capture: duplication de sortie établie desktop_width=1280 desktop_height=720
2026-08-02T18:43:18.507786Z  INFO agent::encode: encodeur matériel retenu encodeur=NVIDIA H.264 Encoder MFT
2026-08-02T18:43:18.525549Z  INFO agent::capture::ouverture: protection multi-fils activée sur le contexte immédiat D3D11 protection_precedente=false
2026-08-02T18:43:18.525776Z  INFO agent::capture: duplication de sortie établie desktop_width=1280 desktop_height=720
2026-08-02T18:43:18.525825Z  INFO agent::encode: encodeur matériel retenu encodeur=NVIDIA H.264 Encoder MFT
2026-08-02T18:43:18.615084Z  INFO agent::encode::arret: file de travail sérialisée imposée mft="encodeur" file=32245168
2026-08-02T18:43:18.615313Z  INFO agent::encode: convertisseur BGRA→NV12 (Video Processor MFT) configuré converter_provides_samples=true
2026-08-02T18:43:18.615454Z  INFO agent::encode::arret: file de travail sérialisée imposée mft="encodeur" file=14026158
2026-08-02T18:43:18.615603Z  INFO agent::capteur::fenetre: fenêtre attachée au capteur session=w-2 sortie=\\.\DISPLAY5 largeur=1280 hauteur=720
2026-08-02T18:43:18.615615Z  INFO agent::capteur::fenetre: l'enfant a fermé le canal session=w-2 images=0
2026-08-02T18:43:18.615618Z  INFO agent::capteur::tube: attaché au capteur session=w-2 sortie=\\.\DISPLAY5 largeur=1280 hauteur=720
2026-08-02T18:43:18.615637Z  INFO agent::encode: convertisseur BGRA→NV12 (Video Processor MFT) configuré converter_provides_samples=true
2026-08-02T18:43:18.615667Z  INFO agent::capteur::distante: canal rattaché au capteur largeur=1280 hauteur=720
2026-08-02T18:43:18.615674Z  INFO agent::encode::arret: IMFShutdown::Shutdown : avant mft="encodeur"
2026-08-02T18:43:18.615922Z  INFO agent::capteur::fenetre: fenêtre attachée au capteur session=w-4 sortie=\\.\DISPLAY6 largeur=1280 hauteur=720
2026-08-02T18:43:18.615932Z  INFO agent::capteur::fenetre: l'enfant a fermé le canal session=w-4 images=0
2026-08-02T18:43:18.615933Z  INFO agent::capteur::tube: attaché au capteur session=w-4 sortie=\\.\DISPLAY6 largeur=1280 hauteur=720
2026-08-02T18:43:18.615973Z  INFO agent::encode::arret: IMFShutdown::Shutdown : avant mft="encodeur"
2026-08-02T18:43:18.615978Z  INFO agent::capteur::distante: canal rattaché au capteur largeur=1280 hauteur=720
2026-08-02T18:43:18.616220Z  INFO agent::encode::arret: IMFShutdown::Shutdown : après mft="encodeur"
2026-08-02T18:43:18.616571Z  INFO agent::encode::arret: IMFShutdown::Shutdown : après mft="encodeur"
2026-08-02T18:43:18.636783Z  WARN agent::capteur::serveur: DIAGNOSTIC : fil lecteur de commandes NON lancé
2026-08-02T18:43:18.637244Z  INFO agent::capture::ouverture: sortie retenue pour la duplication adaptateur=NVIDIA GeForce RTX 4070 index_adaptateur=0 index_sortie=2 nom_sortie=\\.\DISPLAY6 attachee=true
2026-08-02T18:43:18.646016Z  WARN agent::capteur::serveur: DIAGNOSTIC : fil lecteur de commandes NON lancé
2026-08-02T18:43:18.646381Z  INFO agent::capture::ouverture: sortie retenue pour la duplication adaptateur=NVIDIA GeForce RTX 4070 index_adaptateur=0 index_sortie=1 nom_sortie=\\.\DISPLAY5 attachee=true
2026-08-02T18:43:18.701980Z  INFO agent::capture::ouverture: protection multi-fils activée sur le contexte immédiat D3D11 protection_precedente=false
2026-08-02T18:43:18.703177Z  INFO agent::capture: duplication de sortie établie desktop_width=1280 desktop_height=720
2026-08-02T18:43:18.703240Z  INFO agent::encode: encodeur matériel retenu encodeur=NVIDIA H.264 Encoder MFT
2026-08-02T18:43:18.719190Z  INFO agent::capture::ouverture: protection multi-fils activée sur le contexte immédiat D3D11 protection_precedente=false
2026-08-02T18:43:18.719440Z  INFO agent::capture: duplication de sortie établie desktop_width=1280 desktop_height=720
2026-08-02T18:43:18.719484Z  INFO agent::encode: encodeur matériel retenu encodeur=NVIDIA H.264 Encoder MFT
2026-08-02T18:43:18.806244Z  INFO agent::encode::arret: file de travail sérialisée imposée mft="encodeur" file=32376246
2026-08-02T18:43:18.806440Z  INFO agent::encode::arret: file de travail sérialisée imposée mft="encodeur" file=14026164
2026-08-02T18:43:18.806476Z  INFO agent::encode: convertisseur BGRA→NV12 (Video Processor MFT) configuré converter_provides_samples=true
2026-08-02T18:43:18.806630Z  INFO agent::encode: convertisseur BGRA→NV12 (Video Processor MFT) configuré converter_provides_samples=true
2026-08-02T18:43:18.806751Z  INFO agent::capteur::fenetre: fenêtre attachée au capteur session=w-2 sortie=\\.\DISPLAY5 largeur=1280 hauteur=720
2026-08-02T18:43:18.806760Z  INFO agent::capteur::fenetre: l'enfant a fermé le canal session=w-2 images=0
2026-08-02T18:43:18.806766Z  INFO agent::capteur::tube: attaché au capteur session=w-2 sortie=\\.\DISPLAY5 largeur=1280 hauteur=720
2026-08-02T18:43:18.806827Z  INFO agent::capteur::distante: canal rattaché au capteur largeur=1280 hauteur=720
2026-08-02T18:43:18.806825Z  INFO agent::encode::arret: IMFShutdown::Shutdown : avant mft="encodeur"
2026-08-02T18:43:18.806869Z  INFO agent::capteur::fenetre: fenêtre attachée au capteur session=w-4 sortie=\\.\DISPLAY6 largeur=1280 hauteur=720
2026-08-02T18:43:18.806878Z  INFO agent::capteur::fenetre: l'enfant a fermé le canal session=w-4 images=0
2026-08-02T18:43:18.806885Z  INFO agent::capteur::tube: attaché au capteur session=w-4 sortie=\\.\DISPLAY6 largeur=1280 hauteur=720
2026-08-02T18:43:18.806921Z  INFO agent::encode::arret: IMFShutdown::Shutdown : avant mft="encodeur"
2026-08-02T18:43:18.806937Z  INFO agent::capteur::distante: canal rattaché au capteur largeur=1280 hauteur=720
2026-08-02T18:43:18.807515Z  INFO agent::encode::arret: IMFShutdown::Shutdown : après mft="encodeur"
2026-08-02T18:43:18.807662Z  INFO agent::encode::arret: IMFShutdown::Shutdown : après mft="encodeur"
2026-08-02T18:43:18.827596Z  WARN agent::capteur::serveur: DIAGNOSTIC : fil lecteur de commandes NON lancé
2026-08-02T18:43:18.828058Z  INFO agent::capture::ouverture: sortie retenue pour la duplication adaptateur=NVIDIA GeForce RTX 4070 index_adaptateur=0 index_sortie=1 nom_sortie=\\.\DISPLAY5 attachee=true
2026-08-02T18:43:18.837443Z  WARN agent::capteur::serveur: DIAGNOSTIC : fil lecteur de commandes NON lancé
2026-08-02T18:43:18.837780Z  INFO agent::capture::ouverture: sortie retenue pour la duplication adaptateur=NVIDIA GeForce RTX 4070 index_adaptateur=0 index_sortie=2 nom_sortie=\\.\DISPLAY6 attachee=true
2026-08-02T18:43:18.893879Z  INFO agent::capture::ouverture: protection multi-fils activée sur le contexte immédiat D3D11 protection_precedente=false
2026-08-02T18:43:18.894122Z  INFO agent::capture: duplication de sortie établie desktop_width=1280 desktop_height=720
2026-08-02T18:43:18.894162Z  INFO agent::encode: encodeur matériel retenu encodeur=NVIDIA H.264 Encoder MFT
2026-08-02T18:43:18.911812Z  INFO agent::capture::ouverture: protection multi-fils activée sur le contexte immédiat D3D11 protection_precedente=false
2026-08-02T18:43:18.912062Z  INFO agent::capture: duplication de sortie établie desktop_width=1280 desktop_height=720
2026-08-02T18:43:18.912103Z  INFO agent::encode: encodeur matériel retenu encodeur=NVIDIA H.264 Encoder MFT
2026-08-02T18:43:18.989696Z  INFO agent::encode::arret: file de travail sérialisée imposée mft="encodeur" file=32507324
2026-08-02T18:43:18.989945Z  INFO agent::encode: convertisseur BGRA→NV12 (Video Processor MFT) configuré converter_provides_samples=true
2026-08-02T18:43:18.990245Z  INFO agent::capteur::fenetre: fenêtre attachée au capteur session=w-4 sortie=\\.\DISPLAY6 largeur=1280 hauteur=720
2026-08-02T18:43:18.990259Z  INFO agent::capteur::fenetre: l'enfant a fermé le canal session=w-4 images=0
2026-08-02T18:43:18.990260Z  INFO agent::capteur::tube: attaché au capteur session=w-4 sortie=\\.\DISPLAY6 largeur=1280 hauteur=720
2026-08-02T18:43:18.990322Z  INFO agent::encode::arret: IMFShutdown::Shutdown : avant mft="encodeur"
2026-08-02T18:43:18.990326Z  INFO agent::capteur::distante: canal rattaché au capteur largeur=1280 hauteur=720
2026-08-02T18:43:18.990820Z  INFO agent::encode::arret: IMFShutdown::Shutdown : après mft="encodeur"
2026-08-02T18:43:19.005537Z  INFO agent::encode::arret: file de travail sérialisée imposée mft="encodeur" file=14026170
2026-08-02T18:43:19.005786Z  INFO agent::encode: convertisseur BGRA→NV12 (Video Processor MFT) configuré converter_provides_samples=true
2026-08-02T18:43:19.006070Z  INFO agent::capteur::fenetre: fenêtre attachée au capteur session=w-2 sortie=\\.\DISPLAY5 largeur=1280 hauteur=720
2026-08-02T18:43:19.006081Z  INFO agent::capteur::fenetre: l'enfant a fermé le canal session=w-2 images=0
2026-08-02T18:43:19.006088Z  INFO agent::capteur::tube: attaché au capteur session=w-2 sortie=\\.\DISPLAY5 largeur=1280 hauteur=720
2026-08-02T18:43:19.006145Z  INFO agent::encode::arret: IMFShutdown::Shutdown : avant mft="encodeur"
2026-08-02T18:43:19.006150Z  INFO agent::capteur::distante: canal rattaché au capteur largeur=1280 hauteur=720
2026-08-02T18:43:19.006757Z  INFO agent::encode::arret: IMFShutdown::Shutdown : après mft="encodeur"
2026-08-02T18:43:19.023621Z  WARN agent::capteur::serveur: DIAGNOSTIC : fil lecteur de commandes NON lancé
2026-08-02T18:43:19.024091Z  INFO agent::capture::ouverture: sortie retenue pour la duplication adaptateur=NVIDIA GeForce RTX 4070 index_adaptateur=0 index_sortie=2 nom_sortie=\\.\DISPLAY6 attachee=true
2026-08-02T18:43:19.026879Z  WARN agent::capteur::serveur: DIAGNOSTIC : fil lecteur de commandes NON lancé
2026-08-02T18:43:19.027170Z  INFO agent::capture::ouverture: sortie retenue pour la duplication adaptateur=NVIDIA GeForce RTX 4070 index_adaptateur=0 index_sortie=1 nom_sortie=\\.\DISPLAY5 attachee=true
2026-08-02T18:43:19.084406Z  INFO agent::capture::ouverture: protection multi-fils activée sur le contexte immédiat D3D11 protection_precedente=false
2026-08-02T18:43:19.084633Z  INFO agent::capture: duplication de sortie établie desktop_width=1280 desktop_height=720
2026-08-02T18:43:19.084678Z  INFO agent::encode: encodeur matériel retenu encodeur=NVIDIA H.264 Encoder MFT
2026-08-02T18:43:19.101922Z  INFO agent::capture::ouverture: protection multi-fils activée sur le contexte immédiat D3D11 protection_precedente=false
2026-08-02T18:43:19.102150Z  INFO agent::capture: duplication de sortie établie desktop_width=1280 desktop_height=720
2026-08-02T18:43:19.102193Z  INFO agent::encode: encodeur matériel retenu encodeur=NVIDIA H.264 Encoder MFT
2026-08-02T18:43:19.189960Z  INFO agent::encode::arret: file de travail sérialisée imposée mft="encodeur" file=14026176
2026-08-02T18:43:19.190141Z  INFO agent::encode::arret: file de travail sérialisée imposée mft="encodeur" file=32638402
2026-08-02T18:43:19.190192Z  INFO agent::encode: convertisseur BGRA→NV12 (Video Processor MFT) configuré converter_provides_samples=true
2026-08-02T18:43:19.190327Z  INFO agent::encode: convertisseur BGRA→NV12 (Video Processor MFT) configuré converter_provides_samples=true
2026-08-02T18:43:19.190465Z  INFO agent::capteur::fenetre: fenêtre attachée au capteur session=w-4 sortie=\\.\DISPLAY6 largeur=1280 hauteur=720
2026-08-02T18:43:19.190474Z  INFO agent::capteur::fenetre: l'enfant a fermé le canal session=w-4 images=0
2026-08-02T18:43:19.190478Z  INFO agent::capteur::tube: attaché au capteur session=w-4 sortie=\\.\DISPLAY6 largeur=1280 hauteur=720
2026-08-02T18:43:19.190532Z  INFO agent::encode::arret: IMFShutdown::Shutdown : avant mft="encodeur"
2026-08-02T18:43:19.190545Z  INFO agent::capteur::distante: canal rattaché au capteur largeur=1280 hauteur=720
2026-08-02T18:43:19.190563Z  INFO agent::capteur::fenetre: fenêtre attachée au capteur session=w-2 sortie=\\.\DISPLAY5 largeur=1280 hauteur=720
2026-08-02T18:43:19.190572Z  INFO agent::capteur::fenetre: l'enfant a fermé le canal session=w-2 images=0
2026-08-02T18:43:19.190576Z  INFO agent::capteur::tube: attaché au capteur session=w-2 sortie=\\.\DISPLAY5 largeur=1280 hauteur=720
2026-08-02T18:43:19.190616Z  INFO agent::encode::arret: IMFShutdown::Shutdown : avant mft="encodeur"
2026-08-02T18:43:19.190631Z  INFO agent::capteur::distante: canal rattaché au capteur largeur=1280 hauteur=720
2026-08-02T18:43:19.191356Z  INFO agent::encode::arret: IMFShutdown::Shutdown : après mft="encodeur"
2026-08-02T18:43:19.191509Z  INFO agent::encode::arret: IMFShutdown::Shutdown : après mft="encodeur"
2026-08-02T18:43:19.212045Z  WARN agent::capteur::serveur: DIAGNOSTIC : fil lecteur de commandes NON lancé
2026-08-02T18:43:19.212556Z  INFO agent::capture::ouverture: sortie retenue pour la duplication adaptateur=NVIDIA GeForce RTX 4070 index_adaptateur=0 index_sortie=2 nom_sortie=\\.\DISPLAY6 attachee=true
2026-08-02T18:43:19.221211Z  WARN agent::capteur::serveur: DIAGNOSTIC : fil lecteur de commandes NON lancé
2026-08-02T18:43:19.221500Z  INFO agent::capture::ouverture: sortie retenue pour la duplication adaptateur=NVIDIA GeForce RTX 4070 index_adaptateur=0 index_sortie=1 nom_sortie=\\.\DISPLAY5 attachee=true
2026-08-02T18:43:19.276814Z  INFO agent::capture::ouverture: protection multi-fils activée sur le contexte immédiat D3D11 protection_precedente=false
2026-08-02T18:43:19.277067Z  INFO agent::capture: duplication de sortie établie desktop_width=1280 desktop_height=720
2026-08-02T18:43:19.277110Z  INFO agent::encode: encodeur matériel retenu encodeur=NVIDIA H.264 Encoder MFT
2026-08-02T18:43:19.293955Z  INFO agent::capture::ouverture: protection multi-fils activée sur le contexte immédiat D3D11 protection_precedente=false
2026-08-02T18:43:19.294196Z  INFO agent::capture: duplication de sortie établie desktop_width=1280 desktop_height=720
2026-08-02T18:43:19.294237Z  INFO agent::encode: encodeur matériel retenu encodeur=NVIDIA H.264 Encoder MFT
2026-08-02T18:43:19.382725Z  INFO agent::encode::arret: file de travail sérialisée imposée mft="encodeur" file=14026182
2026-08-02T18:43:19.382960Z  INFO agent::encode: convertisseur BGRA→NV12 (Video Processor MFT) configuré converter_provides_samples=true
2026-08-02T18:43:19.382970Z  INFO agent::encode::arret: file de travail sérialisée imposée mft="encodeur" file=32769480
2026-08-02T18:43:19.383167Z  INFO agent::encode: convertisseur BGRA→NV12 (Video Processor MFT) configuré converter_provides_samples=true
2026-08-02T18:43:19.383234Z  INFO agent::capteur::fenetre: fenêtre attachée au capteur session=w-4 sortie=\\.\DISPLAY6 largeur=1280 hauteur=720
2026-08-02T18:43:19.383243Z  INFO agent::capteur::fenetre: l'enfant a fermé le canal session=w-4 images=0
2026-08-02T18:43:19.383252Z  INFO agent::capteur::tube: attaché au capteur session=w-4 sortie=\\.\DISPLAY6 largeur=1280 hauteur=720
2026-08-02T18:43:19.383309Z  INFO agent::capteur::distante: canal rattaché au capteur largeur=1280 hauteur=720
2026-08-02T18:43:19.383308Z  INFO agent::encode::arret: IMFShutdown::Shutdown : avant mft="encodeur"
2026-08-02T18:43:19.383404Z  INFO agent::capteur::fenetre: fenêtre attachée au capteur session=w-2 sortie=\\.\DISPLAY5 largeur=1280 hauteur=720
2026-08-02T18:43:19.383415Z  INFO agent::capteur::fenetre: l'enfant a fermé le canal session=w-2 images=0
2026-08-02T18:43:19.383415Z  INFO agent::capteur::tube: attaché au capteur session=w-2 sortie=\\.\DISPLAY5 largeur=1280 hauteur=720
2026-08-02T18:43:19.383457Z  INFO agent::capteur::distante: canal rattaché au capteur largeur=1280 hauteur=720
2026-08-02T18:43:19.383463Z  INFO agent::encode::arret: IMFShutdown::Shutdown : avant mft="encodeur"
2026-08-02T18:43:19.383909Z  INFO agent::encode::arret: IMFShutdown::Shutdown : après mft="encodeur"
2026-08-02T18:43:19.384093Z  INFO agent::encode::arret: IMFShutdown::Shutdown : après mft="encodeur"
2026-08-02T18:43:19.404552Z  WARN agent::capteur::serveur: DIAGNOSTIC : fil lecteur de commandes NON lancé
2026-08-02T18:43:19.405067Z  INFO agent::capture::ouverture: sortie retenue pour la duplication adaptateur=NVIDIA GeForce RTX 4070 index_adaptateur=0 index_sortie=1 nom_sortie=\\.\DISPLAY5 attachee=true
2026-08-02T18:43:19.413624Z  WARN agent::capteur::serveur: DIAGNOSTIC : fil lecteur de commandes NON lancé
2026-08-02T18:43:19.413991Z  INFO agent::capture::ouverture: sortie retenue pour la duplication adaptateur=NVIDIA GeForce RTX 4070 index_adaptateur=0 index_sortie=2 nom_sortie=\\.\DISPLAY6 attachee=true
2026-08-02T18:43:19.473220Z  INFO agent::capture::ouverture: protection multi-fils activée sur le contexte immédiat D3D11 protection_precedente=false
2026-08-02T18:43:19.474172Z  INFO agent::capture: duplication de sortie établie desktop_width=1280 desktop_height=720
2026-08-02T18:43:19.474255Z  INFO agent::encode: encodeur matériel retenu encodeur=NVIDIA H.264 Encoder MFT
2026-08-02T18:43:19.491344Z  INFO agent::capture::ouverture: protection multi-fils activée sur le contexte immédiat D3D11 protection_precedente=false
2026-08-02T18:43:19.491587Z  INFO agent::capture: duplication de sortie établie desktop_width=1280 desktop_height=720
2026-08-02T18:43:19.491628Z  INFO agent::encode: encodeur matériel retenu encodeur=NVIDIA H.264 Encoder MFT
2026-08-02T18:43:19.579250Z  INFO agent::encode::arret: file de travail sérialisée imposée mft="encodeur" file=32900558
2026-08-02T18:43:19.579490Z  INFO agent::encode: convertisseur BGRA→NV12 (Video Processor MFT) configuré converter_provides_samples=true
2026-08-02T18:43:19.579877Z  INFO agent::capteur::fenetre: fenêtre attachée au capteur session=w-4 sortie=\\.\DISPLAY6 largeur=1280 hauteur=720
2026-08-02T18:43:19.579890Z  INFO agent::capteur::fenetre: l'enfant a fermé le canal session=w-4 images=0
2026-08-02T18:43:19.579920Z  INFO agent::capteur::tube: attaché au capteur session=w-4 sortie=\\.\DISPLAY6 largeur=1280 hauteur=720
2026-08-02T18:43:19.579957Z  INFO agent::encode::arret: IMFShutdown::Shutdown : avant mft="encodeur"
2026-08-02T18:43:19.579974Z  INFO agent::capteur::distante: canal rattaché au capteur largeur=1280 hauteur=720
2026-08-02T18:43:19.579982Z  INFO agent::transport::cadence_video: cadence de la piste vidéo (côté enfant) session=w-4 unites=0 cadence="0.0"
2026-08-02T18:43:19.580445Z  INFO agent::encode::arret: IMFShutdown::Shutdown : après mft="encodeur"
2026-08-02T18:43:19.590782Z  INFO agent::encode::arret: file de travail sérialisée imposée mft="encodeur" file=14026188
2026-08-02T18:43:19.591003Z  INFO agent::encode: convertisseur BGRA→NV12 (Video Processor MFT) configuré converter_provides_samples=true
2026-08-02T18:43:19.591331Z  INFO agent::capteur::fenetre: fenêtre attachée au capteur session=w-2 sortie=\\.\DISPLAY5 largeur=1280 hauteur=720
2026-08-02T18:43:19.591341Z  INFO agent::capteur::fenetre: l'enfant a fermé le canal session=w-2 images=0
2026-08-02T18:43:19.591351Z  INFO agent::capteur::tube: attaché au capteur session=w-2 sortie=\\.\DISPLAY5 largeur=1280 hauteur=720
2026-08-02T18:43:19.591402Z  INFO agent::encode::arret: IMFShutdown::Shutdown : avant mft="encodeur"
2026-08-02T18:43:19.591414Z  INFO agent::capteur::distante: canal rattaché au capteur largeur=1280 hauteur=720
2026-08-02T18:43:19.591999Z  INFO agent::encode::arret: IMFShutdown::Shutdown : après mft="encodeur"
2026-08-02T18:43:19.600770Z  WARN agent::capteur::serveur: DIAGNOSTIC : fil lecteur de commandes NON lancé
2026-08-02T18:43:19.601120Z  INFO agent::capture::ouverture: sortie retenue pour la duplication adaptateur=NVIDIA GeForce RTX 4070 index_adaptateur=0 index_sortie=2 nom_sortie=\\.\DISPLAY6 attachee=true
2026-08-02T18:43:19.611996Z  WARN agent::capteur::serveur: DIAGNOSTIC : fil lecteur de commandes NON lancé
2026-08-02T18:43:19.612374Z  INFO agent::capture::ouverture: sortie retenue pour la duplication adaptateur=NVIDIA GeForce RTX 4070 index_adaptateur=0 index_sortie=1 nom_sortie=\\.\DISPLAY5 attachee=true
2026-08-02T18:43:19.621104Z  INFO agent::capture::ouverture: protection multi-fils activée sur le contexte immédiat D3D11 protection_precedente=false
2026-08-02T18:43:19.621365Z  INFO agent::capture: duplication de sortie établie desktop_width=1280 desktop_height=720
2026-08-02T18:43:19.621404Z  INFO agent::encode: encodeur matériel retenu encodeur=NVIDIA H.264 Encoder MFT
2026-08-02T18:43:19.638791Z  INFO agent::capture::ouverture: protection multi-fils activée sur le contexte immédiat D3D11 protection_precedente=false
2026-08-02T18:43:19.639028Z  INFO agent::capture: duplication de sortie établie desktop_width=1280 desktop_height=720
2026-08-02T18:43:19.639069Z  INFO agent::encode: encodeur matériel retenu encodeur=NVIDIA H.264 Encoder MFT
2026-08-02T18:43:19.728197Z  INFO agent::encode::arret: file de travail sérialisée imposée mft="encodeur" file=14026194
2026-08-02T18:43:19.728433Z  INFO agent::encode: convertisseur BGRA→NV12 (Video Processor MFT) configuré converter_provides_samples=true
2026-08-02T18:43:19.728567Z  INFO agent::encode::arret: file de travail sérialisée imposée mft="encodeur" file=33031636
2026-08-02T18:43:19.728691Z  INFO agent::capteur::fenetre: fenêtre attachée au capteur session=w-4 sortie=\\.\DISPLAY6 largeur=1280 hauteur=720
2026-08-02T18:43:19.728701Z  INFO agent::capteur::fenetre: l'enfant a fermé le canal session=w-4 images=0
2026-08-02T18:43:19.728705Z  INFO agent::capteur::tube: attaché au capteur session=w-4 sortie=\\.\DISPLAY6 largeur=1280 hauteur=720
2026-08-02T18:43:19.728745Z  INFO agent::encode::arret: IMFShutdown::Shutdown : avant mft="encodeur"
2026-08-02T18:43:19.728756Z  INFO agent::capteur::distante: canal rattaché au capteur largeur=1280 hauteur=720
2026-08-02T18:43:19.728756Z  INFO agent::encode: convertisseur BGRA→NV12 (Video Processor MFT) configuré converter_provides_samples=true
2026-08-02T18:43:19.729065Z  INFO agent::capteur::fenetre: fenêtre attachée au capteur session=w-2 sortie=\\.\DISPLAY5 largeur=1280 hauteur=720
2026-08-02T18:43:19.729081Z  INFO agent::capteur::fenetre: l'enfant a fermé le canal session=w-2 images=0
2026-08-02T18:43:19.729081Z  INFO agent::capteur::tube: attaché au capteur session=w-2 sortie=\\.\DISPLAY5 largeur=1280 hauteur=720
2026-08-02T18:43:19.729125Z  INFO agent::capteur::distante: canal rattaché au capteur largeur=1280 hauteur=720
2026-08-02T18:43:19.729132Z  INFO agent::encode::arret: IMFShutdown::Shutdown : avant mft="encodeur"
2026-08-02T18:43:19.729227Z  INFO agent::encode::arret: IMFShutdown::Shutdown : après mft="encodeur"
2026-08-02T18:43:19.729713Z  INFO agent::encode::arret: IMFShutdown::Shutdown : après mft="encodeur"
2026-08-02T18:43:19.750248Z  WARN agent::capteur::serveur: DIAGNOSTIC : fil lecteur de commandes NON lancé
2026-08-02T18:43:19.750686Z  INFO agent::capture::ouverture: sortie retenue pour la duplication adaptateur=NVIDIA GeForce RTX 4070 index_adaptateur=0 index_sortie=1 nom_sortie=\\.\DISPLAY5 attachee=true
2026-08-02T18:43:19.759429Z  WARN agent::capteur::serveur: DIAGNOSTIC : fil lecteur de commandes NON lancé
2026-08-02T18:43:19.759808Z  INFO agent::capture::ouverture: sortie retenue pour la duplication adaptateur=NVIDIA GeForce RTX 4070 index_adaptateur=0 index_sortie=2 nom_sortie=\\.\DISPLAY6 attachee=true
2026-08-02T18:43:19.817855Z  INFO agent::capture::ouverture: protection multi-fils activée sur le contexte immédiat D3D11 protection_precedente=false
2026-08-02T18:43:19.818105Z  INFO agent::capture: duplication de sortie établie desktop_width=1280 desktop_height=720
2026-08-02T18:43:19.818150Z  INFO agent::encode: encodeur matériel retenu encodeur=NVIDIA H.264 Encoder MFT
2026-08-02T18:43:19.835255Z  INFO agent::capture::ouverture: protection multi-fils activée sur le contexte immédiat D3D11 protection_precedente=false
2026-08-02T18:43:19.835478Z  INFO agent::capture: duplication de sortie établie desktop_width=1280 desktop_height=720
2026-08-02T18:43:19.835519Z  INFO agent::encode: encodeur matériel retenu encodeur=NVIDIA H.264 Encoder MFT
2026-08-02T18:43:19.922626Z  INFO agent::encode::arret: file de travail sérialisée imposée mft="encodeur" file=14026200
2026-08-02T18:43:19.922847Z  INFO agent::encode: convertisseur BGRA→NV12 (Video Processor MFT) configuré converter_provides_samples=true
2026-08-02T18:43:19.922848Z  INFO agent::encode::arret: file de travail sérialisée imposée mft="encodeur" file=33162714
2026-08-02T18:43:19.923033Z  INFO agent::encode: convertisseur BGRA→NV12 (Video Processor MFT) configuré converter_provides_samples=true
2026-08-02T18:43:19.923118Z  INFO agent::capteur::fenetre: fenêtre attachée au capteur session=w-2 sortie=\\.\DISPLAY5 largeur=1280 hauteur=720
2026-08-02T18:43:19.923128Z  INFO agent::capteur::fenetre: l'enfant a fermé le canal session=w-2 images=0
2026-08-02T18:43:19.923149Z  INFO agent::capteur::tube: attaché au capteur session=w-2 sortie=\\.\DISPLAY5 largeur=1280 hauteur=720
2026-08-02T18:43:19.923192Z  INFO agent::encode::arret: IMFShutdown::Shutdown : avant mft="encodeur"
2026-08-02T18:43:19.923201Z  INFO agent::capteur::distante: canal rattaché au capteur largeur=1280 hauteur=720
2026-08-02T18:43:19.923286Z  INFO agent::capteur::fenetre: fenêtre attachée au capteur session=w-4 sortie=\\.\DISPLAY6 largeur=1280 hauteur=720
2026-08-02T18:43:19.923298Z  INFO agent::capteur::fenetre: l'enfant a fermé le canal session=w-4 images=0
2026-08-02T18:43:19.923300Z  INFO agent::capteur::tube: attaché au capteur session=w-4 sortie=\\.\DISPLAY6 largeur=1280 hauteur=720
2026-08-02T18:43:19.923352Z  INFO agent::capteur::distante: canal rattaché au capteur largeur=1280 hauteur=720
2026-08-02T18:43:19.923352Z  INFO agent::encode::arret: IMFShutdown::Shutdown : avant mft="encodeur"
2026-08-02T18:43:19.923800Z  INFO agent::encode::arret: IMFShutdown::Shutdown : après mft="encodeur"
2026-08-02T18:43:19.924012Z  INFO agent::encode::arret: IMFShutdown::Shutdown : après mft="encodeur"
2026-08-02T18:43:19.943538Z  WARN agent::capteur::serveur: DIAGNOSTIC : fil lecteur de commandes NON lancé
2026-08-02T18:43:19.944444Z  INFO agent::capture::ouverture: sortie retenue pour la duplication adaptateur=NVIDIA GeForce RTX 4070 index_adaptateur=0 index_sortie=1 nom_sortie=\\.\DISPLAY5 attachee=true
2026-08-02T18:43:19.953899Z  WARN agent::capteur::serveur: DIAGNOSTIC : fil lecteur de commandes NON lancé
2026-08-02T18:43:19.954267Z  INFO agent::capture::ouverture: sortie retenue pour la duplication adaptateur=NVIDIA GeForce RTX 4070 index_adaptateur=0 index_sortie=2 nom_sortie=\\.\DISPLAY6 attachee=true
2026-08-02T18:43:20.006221Z  INFO agent::capture::ouverture: protection multi-fils activée sur le contexte immédiat D3D11 protection_precedente=false
2026-08-02T18:43:20.006453Z  INFO agent::capture: duplication de sortie établie desktop_width=1280 desktop_height=720
2026-08-02T18:43:20.006492Z  INFO agent::encode: encodeur matériel retenu encodeur=NVIDIA H.264 Encoder MFT
2026-08-02T18:43:20.034457Z  INFO agent::capture::ouverture: protection multi-fils activée sur le contexte immédiat D3D11 protection_precedente=false
2026-08-02T18:43:20.034704Z  INFO agent::capture: duplication de sortie établie desktop_width=1280 desktop_height=720
2026-08-02T18:43:20.034747Z  INFO agent::encode: encodeur matériel retenu encodeur=NVIDIA H.264 Encoder MFT
2026-08-02T18:43:20.120839Z  INFO agent::encode::arret: file de travail sérialisée imposée mft="encodeur" file=33293792
2026-08-02T18:43:20.121031Z  INFO agent::encode::arret: file de travail sérialisée imposée mft="encodeur" file=14026206
2026-08-02T18:43:20.121068Z  INFO agent::encode: convertisseur BGRA→NV12 (Video Processor MFT) configuré converter_provides_samples=true
2026-08-02T18:43:20.121215Z  INFO agent::encode: convertisseur BGRA→NV12 (Video Processor MFT) configuré converter_provides_samples=true
2026-08-02T18:43:20.121321Z  INFO agent::capteur::fenetre: fenêtre attachée au capteur session=w-4 sortie=\\.\DISPLAY6 largeur=1280 hauteur=720
2026-08-02T18:43:20.121330Z  INFO agent::capteur::fenetre: l'enfant a fermé le canal session=w-4 images=0
2026-08-02T18:43:20.121335Z  INFO agent::capteur::tube: attaché au capteur session=w-4 sortie=\\.\DISPLAY6 largeur=1280 hauteur=720
2026-08-02T18:43:20.121378Z  INFO agent::encode::arret: IMFShutdown::Shutdown : avant mft="encodeur"
2026-08-02T18:43:20.121391Z  INFO agent::capteur::distante: canal rattaché au capteur largeur=1280 hauteur=720
2026-08-02T18:43:20.121475Z  INFO agent::capteur::fenetre: fenêtre attachée au capteur session=w-2 sortie=\\.\DISPLAY5 largeur=1280 hauteur=720
2026-08-02T18:43:20.121487Z  INFO agent::capteur::fenetre: l'enfant a fermé le canal session=w-2 images=0
2026-08-02T18:43:20.121486Z  INFO agent::capteur::tube: attaché au capteur session=w-2 sortie=\\.\DISPLAY5 largeur=1280 hauteur=720
2026-08-02T18:43:20.121529Z  INFO agent::capteur::distante: canal rattaché au capteur largeur=1280 hauteur=720
2026-08-02T18:43:20.121534Z  INFO agent::encode::arret: IMFShutdown::Shutdown : avant mft="encodeur"
2026-08-02T18:43:20.121994Z  INFO agent::encode::arret: IMFShutdown::Shutdown : après mft="encodeur"
2026-08-02T18:43:20.122323Z  INFO agent::encode::arret: IMFShutdown::Shutdown : après mft="encodeur"
2026-08-02T18:43:20.142276Z  WARN agent::capteur::serveur: DIAGNOSTIC : fil lecteur de commandes NON lancé
2026-08-02T18:43:20.142712Z  INFO agent::capture::ouverture: sortie retenue pour la duplication adaptateur=NVIDIA GeForce RTX 4070 index_adaptateur=0 index_sortie=1 nom_sortie=\\.\DISPLAY5 attachee=true
2026-08-02T18:43:20.151962Z  WARN agent::capteur::serveur: DIAGNOSTIC : fil lecteur de commandes NON lancé
2026-08-02T18:43:20.152332Z  INFO agent::capture::ouverture: sortie retenue pour la duplication adaptateur=NVIDIA GeForce RTX 4070 index_adaptateur=0 index_sortie=2 nom_sortie=\\.\DISPLAY6 attachee=true
2026-08-02T18:43:20.203728Z  INFO agent::capture::ouverture: protection multi-fils activée sur le contexte immédiat D3D11 protection_precedente=false
2026-08-02T18:43:20.203969Z  INFO agent::capture: duplication de sortie établie desktop_width=1280 desktop_height=720
2026-08-02T18:43:20.204007Z  INFO agent::encode: encodeur matériel retenu encodeur=NVIDIA H.264 Encoder MFT
2026-08-02T18:43:20.224205Z  INFO agent::capture::ouverture: protection multi-fils activée sur le contexte immédiat D3D11 protection_precedente=false
2026-08-02T18:43:20.224459Z  INFO agent::capture: duplication de sortie établie desktop_width=1280 desktop_height=720
2026-08-02T18:43:20.224500Z  INFO agent::encode: encodeur matériel retenu encodeur=NVIDIA H.264 Encoder MFT
2026-08-02T18:43:20.311179Z  INFO agent::encode::arret: file de travail sérialisée imposée mft="encodeur" file=33424870
2026-08-02T18:43:20.311421Z  INFO agent::encode: convertisseur BGRA→NV12 (Video Processor MFT) configuré converter_provides_samples=true
2026-08-02T18:43:20.311705Z  INFO agent::capteur::fenetre: fenêtre attachée au capteur session=w-4 sortie=\\.\DISPLAY6 largeur=1280 hauteur=720
2026-08-02T18:43:20.311715Z  INFO agent::capteur::fenetre: l'enfant a fermé le canal session=w-4 images=0
2026-08-02T18:43:20.311725Z  INFO agent::capteur::tube: attaché au capteur session=w-4 sortie=\\.\DISPLAY6 largeur=1280 hauteur=720
2026-08-02T18:43:20.311771Z  INFO agent::encode::arret: IMFShutdown::Shutdown : avant mft="encodeur"
2026-08-02T18:43:20.311780Z  INFO agent::capteur::distante: canal rattaché au capteur largeur=1280 hauteur=720
2026-08-02T18:43:20.311793Z  INFO agent::encode::arret: file de travail sérialisée imposée mft="encodeur" file=14026212
2026-08-02T18:43:20.312012Z  INFO agent::encode: convertisseur BGRA→NV12 (Video Processor MFT) configuré converter_provides_samples=true
2026-08-02T18:43:20.312228Z  INFO agent::encode::arret: IMFShutdown::Shutdown : après mft="encodeur"
2026-08-02T18:43:20.312311Z  INFO agent::capteur::fenetre: fenêtre attachée au capteur session=w-2 sortie=\\.\DISPLAY5 largeur=1280 hauteur=720
2026-08-02T18:43:20.312319Z  INFO agent::capteur::fenetre: l'enfant a fermé le canal session=w-2 images=0
2026-08-02T18:43:20.312327Z  INFO agent::capteur::tube: attaché au capteur session=w-2 sortie=\\.\DISPLAY5 largeur=1280 hauteur=720
2026-08-02T18:43:20.312357Z  INFO agent::encode::arret: IMFShutdown::Shutdown : avant mft="encodeur"
2026-08-02T18:43:20.312375Z  INFO agent::capteur::distante: canal rattaché au capteur largeur=1280 hauteur=720
2026-08-02T18:43:20.312965Z  INFO agent::encode::arret: IMFShutdown::Shutdown : après mft="encodeur"
2026-08-02T18:43:20.332665Z  WARN agent::capteur::serveur: DIAGNOSTIC : fil lecteur de commandes NON lancé
2026-08-02T18:43:20.333178Z  INFO agent::capture::ouverture: sortie retenue pour la duplication adaptateur=NVIDIA GeForce RTX 4070 index_adaptateur=0 index_sortie=2 nom_sortie=\\.\DISPLAY6 attachee=true
2026-08-02T18:43:20.342814Z  WARN agent::capteur::serveur: DIAGNOSTIC : fil lecteur de commandes NON lancé
2026-08-02T18:43:20.343180Z  INFO agent::capture::ouverture: sortie retenue pour la duplication adaptateur=NVIDIA GeForce RTX 4070 index_adaptateur=0 index_sortie=1 nom_sortie=\\.\DISPLAY5 attachee=true
2026-08-02T18:43:20.394785Z  INFO agent::capture::ouverture: protection multi-fils activée sur le contexte immédiat D3D11 protection_precedente=false
2026-08-02T18:43:20.395022Z  INFO agent::capture: duplication de sortie établie desktop_width=1280 desktop_height=720
2026-08-02T18:43:20.395062Z  INFO agent::encode: encodeur matériel retenu encodeur=NVIDIA H.264 Encoder MFT
2026-08-02T18:43:20.413277Z  INFO agent::capture::ouverture: protection multi-fils activée sur le contexte immédiat D3D11 protection_precedente=false
2026-08-02T18:43:20.413522Z  INFO agent::capture: duplication de sortie établie desktop_width=1280 desktop_height=720
2026-08-02T18:43:20.413574Z  INFO agent::encode: encodeur matériel retenu encodeur=NVIDIA H.264 Encoder MFT
2026-08-02T18:43:20.501911Z  INFO agent::encode::arret: file de travail sérialisée imposée mft="encodeur" file=14026218
2026-08-02T18:43:20.501937Z  INFO agent::encode::arret: file de travail sérialisée imposée mft="encodeur" file=33555948
2026-08-02T18:43:20.502158Z  INFO agent::encode: convertisseur BGRA→NV12 (Video Processor MFT) configuré converter_provides_samples=true
2026-08-02T18:43:20.502160Z  INFO agent::encode: convertisseur BGRA→NV12 (Video Processor MFT) configuré converter_provides_samples=true
2026-08-02T18:43:20.502431Z  INFO agent::capteur::fenetre: fenêtre attachée au capteur session=w-2 sortie=\\.\DISPLAY5 largeur=1280 hauteur=720
2026-08-02T18:43:20.502441Z  INFO agent::capteur::fenetre: l'enfant a fermé le canal session=w-2 images=0
2026-08-02T18:43:20.502477Z  INFO agent::capteur::tube: attaché au capteur session=w-2 sortie=\\.\DISPLAY5 largeur=1280 hauteur=720
2026-08-02T18:43:20.502499Z  INFO agent::capteur::fenetre: fenêtre attachée au capteur session=w-4 sortie=\\.\DISPLAY6 largeur=1280 hauteur=720
2026-08-02T18:43:20.502507Z  INFO agent::encode::arret: IMFShutdown::Shutdown : avant mft="encodeur"
2026-08-02T18:43:20.502511Z  INFO agent::capteur::fenetre: l'enfant a fermé le canal session=w-4 images=0
2026-08-02T18:43:20.502529Z  INFO agent::capteur::distante: canal rattaché au capteur largeur=1280 hauteur=720
2026-08-02T18:43:20.502519Z  INFO agent::capteur::tube: attaché au capteur session=w-4 sortie=\\.\DISPLAY6 largeur=1280 hauteur=720
2026-08-02T18:43:20.502563Z  INFO agent::encode::arret: IMFShutdown::Shutdown : avant mft="encodeur"
2026-08-02T18:43:20.502598Z  INFO agent::capteur::distante: canal rattaché au capteur largeur=1280 hauteur=720
2026-08-02T18:43:20.503098Z  INFO agent::encode::arret: IMFShutdown::Shutdown : après mft="encodeur"
2026-08-02T18:43:20.503259Z  INFO agent::encode::arret: IMFShutdown::Shutdown : après mft="encodeur"
2026-08-02T18:43:20.525710Z  WARN agent::capteur::serveur: DIAGNOSTIC : fil lecteur de commandes NON lancé
2026-08-02T18:43:20.526202Z  INFO agent::capture::ouverture: sortie retenue pour la duplication adaptateur=NVIDIA GeForce RTX 4070 index_adaptateur=0 index_sortie=2 nom_sortie=\\.\DISPLAY6 attachee=true
2026-08-02T18:43:20.532996Z  WARN agent::capteur::serveur: DIAGNOSTIC : fil lecteur de commandes NON lancé
2026-08-02T18:43:20.533405Z  INFO agent::capture::ouverture: sortie retenue pour la duplication adaptateur=NVIDIA GeForce RTX 4070 index_adaptateur=0 index_sortie=1 nom_sortie=\\.\DISPLAY5 attachee=true
2026-08-02T18:43:20.587918Z  INFO agent::capture::ouverture: protection multi-fils activée sur le contexte immédiat D3D11 protection_precedente=false
2026-08-02T18:43:20.588164Z  INFO agent::capture: duplication de sortie établie desktop_width=1280 desktop_height=720
2026-08-02T18:43:20.588204Z  INFO agent::encode: encodeur matériel retenu encodeur=NVIDIA H.264 Encoder MFT
2026-08-02T18:43:20.605901Z  INFO agent::capture::ouverture: protection multi-fils activée sur le contexte immédiat D3D11 protection_precedente=false
2026-08-02T18:43:20.606124Z  INFO agent::capture: duplication de sortie établie desktop_width=1280 desktop_height=720
2026-08-02T18:43:20.606165Z  INFO agent::encode: encodeur matériel retenu encodeur=NVIDIA H.264 Encoder MFT
2026-08-02T18:43:20.700519Z  INFO agent::encode::arret: file de travail sérialisée imposée mft="encodeur" file=14026224
2026-08-02T18:43:20.700749Z  INFO agent::encode: convertisseur BGRA→NV12 (Video Processor MFT) configuré converter_provides_samples=true
2026-08-02T18:43:20.701077Z  INFO agent::capteur::fenetre: fenêtre attachée au capteur session=w-4 sortie=\\.\DISPLAY6 largeur=1280 hauteur=720
2026-08-02T18:43:20.701087Z  INFO agent::capteur::fenetre: l'enfant a fermé le canal session=w-4 images=0
2026-08-02T18:43:20.701092Z  INFO agent::capteur::tube: attaché au capteur session=w-4 sortie=\\.\DISPLAY6 largeur=1280 hauteur=720
2026-08-02T18:43:20.701133Z  INFO agent::encode::arret: IMFShutdown::Shutdown : avant mft="encodeur"
2026-08-02T18:43:20.701155Z  INFO agent::capteur::distante: canal rattaché au capteur largeur=1280 hauteur=720
2026-08-02T18:43:20.701613Z  INFO agent::encode::arret: IMFShutdown::Shutdown : après mft="encodeur"
2026-08-02T18:43:20.707516Z  INFO agent::encode::arret: file de travail sérialisée imposée mft="encodeur" file=33687026
2026-08-02T18:43:20.707759Z  INFO agent::encode: convertisseur BGRA→NV12 (Video Processor MFT) configuré converter_provides_samples=true
2026-08-02T18:43:20.708197Z  INFO agent::capteur::fenetre: fenêtre attachée au capteur session=w-2 sortie=\\.\DISPLAY5 largeur=1280 hauteur=720
2026-08-02T18:43:20.708207Z  INFO agent::capteur::fenetre: l'enfant a fermé le canal session=w-2 images=0
2026-08-02T18:43:20.708243Z  INFO agent::capteur::tube: attaché au capteur session=w-2 sortie=\\.\DISPLAY5 largeur=1280 hauteur=720
2026-08-02T18:43:20.708266Z  INFO agent::encode::arret: IMFShutdown::Shutdown : avant mft="encodeur"
2026-08-02T18:43:20.708295Z  INFO agent::capteur::distante: canal rattaché au capteur largeur=1280 hauteur=720
2026-08-02T18:43:20.708991Z  INFO agent::encode::arret: IMFShutdown::Shutdown : après mft="encodeur"
2026-08-02T18:43:20.731866Z  WARN agent::capteur::serveur: DIAGNOSTIC : fil lecteur de commandes NON lancé
2026-08-02T18:43:20.732232Z  INFO agent::capture::ouverture: sortie retenue pour la duplication adaptateur=NVIDIA GeForce RTX 4070 index_adaptateur=0 index_sortie=2 nom_sortie=\\.\DISPLAY6 attachee=true
2026-08-02T18:43:20.738637Z  WARN agent::capteur::serveur: DIAGNOSTIC : fil lecteur de commandes NON lancé
2026-08-02T18:43:20.739009Z  INFO agent::capture::ouverture: sortie retenue pour la duplication adaptateur=NVIDIA GeForce RTX 4070 index_adaptateur=0 index_sortie=1 nom_sortie=\\.\DISPLAY5 attachee=true
2026-08-02T18:43:20.793680Z  INFO agent::capture::ouverture: protection multi-fils activée sur le contexte immédiat D3D11 protection_precedente=false
2026-08-02T18:43:20.793938Z  INFO agent::capture: duplication de sortie établie desktop_width=1280 desktop_height=720
2026-08-02T18:43:20.793985Z  INFO agent::encode: encodeur matériel retenu encodeur=NVIDIA H.264 Encoder MFT
2026-08-02T18:43:20.818775Z  INFO agent::capture::ouverture: protection multi-fils activée sur le contexte immédiat D3D11 protection_precedente=false
2026-08-02T18:43:20.819001Z  INFO agent::capture: duplication de sortie établie desktop_width=1280 desktop_height=720
2026-08-02T18:43:20.819039Z  INFO agent::encode: encodeur matériel retenu encodeur=NVIDIA H.264 Encoder MFT
2026-08-02T18:43:20.906390Z  INFO agent::encode::arret: file de travail sérialisée imposée mft="encodeur" file=14026230
2026-08-02T18:43:20.906525Z  INFO agent::encode::arret: file de travail sérialisée imposée mft="encodeur" file=33818104
2026-08-02T18:43:20.906617Z  INFO agent::encode: convertisseur BGRA→NV12 (Video Processor MFT) configuré converter_provides_samples=true
2026-08-02T18:43:20.906716Z  INFO agent::encode: convertisseur BGRA→NV12 (Video Processor MFT) configuré converter_provides_samples=true
2026-08-02T18:43:20.906886Z  INFO agent::capteur::fenetre: fenêtre attachée au capteur session=w-4 sortie=\\.\DISPLAY6 largeur=1280 hauteur=720
2026-08-02T18:43:20.906896Z  INFO agent::capteur::fenetre: l'enfant a fermé le canal session=w-4 images=0
2026-08-02T18:43:20.906902Z  INFO agent::capteur::tube: attaché au capteur session=w-4 sortie=\\.\DISPLAY6 largeur=1280 hauteur=720
2026-08-02T18:43:20.906956Z  INFO agent::encode::arret: IMFShutdown::Shutdown : avant mft="encodeur"
2026-08-02T18:43:20.906960Z  INFO agent::capteur::distante: canal rattaché au capteur largeur=1280 hauteur=720
2026-08-02T18:43:20.907022Z  INFO agent::capteur::fenetre: fenêtre attachée au capteur session=w-2 sortie=\\.\DISPLAY5 largeur=1280 hauteur=720
2026-08-02T18:43:20.907033Z  INFO agent::capteur::fenetre: l'enfant a fermé le canal session=w-2 images=0
2026-08-02T18:43:20.907032Z  INFO agent::capteur::tube: attaché au capteur session=w-2 sortie=\\.\DISPLAY5 largeur=1280 hauteur=720
2026-08-02T18:43:20.907068Z  INFO agent::capteur::distante: canal rattaché au capteur largeur=1280 hauteur=720
2026-08-02T18:43:20.907077Z  INFO agent::encode::arret: IMFShutdown::Shutdown : avant mft="encodeur"
2026-08-02T18:43:20.907542Z  INFO agent::encode::arret: IMFShutdown::Shutdown : après mft="encodeur"
2026-08-02T18:43:20.907739Z  INFO agent::encode::arret: IMFShutdown::Shutdown : après mft="encodeur"
2026-08-02T18:43:20.927290Z  WARN agent::capteur::serveur: DIAGNOSTIC : fil lecteur de commandes NON lancé
2026-08-02T18:43:20.928353Z  INFO agent::capture::ouverture: sortie retenue pour la duplication adaptateur=NVIDIA GeForce RTX 4070 index_adaptateur=0 index_sortie=2 nom_sortie=\\.\DISPLAY6 attachee=true
2026-08-02T18:43:20.937604Z  WARN agent::capteur::serveur: DIAGNOSTIC : fil lecteur de commandes NON lancé
2026-08-02T18:43:20.937975Z  INFO agent::capture::ouverture: sortie retenue pour la duplication adaptateur=NVIDIA GeForce RTX 4070 index_adaptateur=0 index_sortie=1 nom_sortie=\\.\DISPLAY5 attachee=true
2026-08-02T18:43:20.990654Z  INFO agent::capture::ouverture: protection multi-fils activée sur le contexte immédiat D3D11 protection_precedente=false
2026-08-02T18:43:20.990887Z  INFO agent::capture: duplication de sortie établie desktop_width=1280 desktop_height=720
2026-08-02T18:43:20.990925Z  INFO agent::encode: encodeur matériel retenu encodeur=NVIDIA H.264 Encoder MFT
2026-08-02T18:43:21.017946Z  INFO agent::capture::ouverture: protection multi-fils activée sur le contexte immédiat D3D11 protection_precedente=false
2026-08-02T18:43:21.018195Z  INFO agent::capture: duplication de sortie établie desktop_width=1280 desktop_height=720
2026-08-02T18:43:21.018241Z  INFO agent::encode: encodeur matériel retenu encodeur=NVIDIA H.264 Encoder MFT
2026-08-02T18:43:21.106159Z  INFO agent::encode::arret: file de travail sérialisée imposée mft="encodeur" file=14026236
2026-08-02T18:43:21.106399Z  INFO agent::encode: convertisseur BGRA→NV12 (Video Processor MFT) configuré converter_provides_samples=true
2026-08-02T18:43:21.106689Z  INFO agent::capteur::fenetre: fenêtre attachée au capteur session=w-4 sortie=\\.\DISPLAY6 largeur=1280 hauteur=720
2026-08-02T18:43:21.106699Z  INFO agent::capteur::fenetre: l'enfant a fermé le canal session=w-4 images=0
2026-08-02T18:43:21.106702Z  INFO agent::capteur::tube: attaché au capteur session=w-4 sortie=\\.\DISPLAY6 largeur=1280 hauteur=720
2026-08-02T18:43:21.106751Z  INFO agent::encode::arret: IMFShutdown::Shutdown : avant mft="encodeur"
2026-08-02T18:43:21.106761Z  INFO agent::capteur::distante: canal rattaché au capteur largeur=1280 hauteur=720
2026-08-02T18:43:21.106886Z  INFO agent::encode::arret: file de travail sérialisée imposée mft="encodeur" file=33949182
2026-08-02T18:43:21.107161Z  INFO agent::encode: convertisseur BGRA→NV12 (Video Processor MFT) configuré converter_provides_samples=true
2026-08-02T18:43:21.107192Z  INFO agent::encode::arret: IMFShutdown::Shutdown : après mft="encodeur"
2026-08-02T18:43:21.107414Z  INFO agent::capteur::fenetre: fenêtre attachée au capteur session=w-2 sortie=\\.\DISPLAY5 largeur=1280 hauteur=720
2026-08-02T18:43:21.107426Z  INFO agent::capteur::fenetre: l'enfant a fermé le canal session=w-2 images=0
2026-08-02T18:43:21.107426Z  INFO agent::capteur::tube: attaché au capteur session=w-2 sortie=\\.\DISPLAY5 largeur=1280 hauteur=720
2026-08-02T18:43:21.107470Z  INFO agent::capteur::distante: canal rattaché au capteur largeur=1280 hauteur=720
2026-08-02T18:43:21.107471Z  INFO agent::encode::arret: IMFShutdown::Shutdown : avant mft="encodeur"
2026-08-02T18:43:21.108058Z  INFO agent::encode::arret: IMFShutdown::Shutdown : après mft="encodeur"
2026-08-02T18:43:21.129665Z  WARN agent::capteur::serveur: DIAGNOSTIC : fil lecteur de commandes NON lancé
2026-08-02T18:43:21.130106Z  INFO agent::capture::ouverture: sortie retenue pour la duplication adaptateur=NVIDIA GeForce RTX 4070 index_adaptateur=0 index_sortie=2 nom_sortie=\\.\DISPLAY6 attachee=true
2026-08-02T18:43:21.137868Z  WARN agent::capteur::serveur: DIAGNOSTIC : fil lecteur de commandes NON lancé
2026-08-02T18:43:21.138159Z  INFO agent::capture::ouverture: sortie retenue pour la duplication adaptateur=NVIDIA GeForce RTX 4070 index_adaptateur=0 index_sortie=1 nom_sortie=\\.\DISPLAY5 attachee=true
2026-08-02T18:43:21.190466Z  INFO agent::capture::ouverture: protection multi-fils activée sur le contexte immédiat D3D11 protection_precedente=false
2026-08-02T18:43:21.190705Z  INFO agent::capture: duplication de sortie établie desktop_width=1280 desktop_height=720
2026-08-02T18:43:21.190746Z  INFO agent::encode: encodeur matériel retenu encodeur=NVIDIA H.264 Encoder MFT
2026-08-02T18:43:21.207884Z  INFO agent::capture::ouverture: protection multi-fils activée sur le contexte immédiat D3D11 protection_precedente=false
2026-08-02T18:43:21.208109Z  INFO agent::capture: duplication de sortie établie desktop_width=1280 desktop_height=720
2026-08-02T18:43:21.208150Z  INFO agent::encode: encodeur matériel retenu encodeur=NVIDIA H.264 Encoder MFT
2026-08-02T18:43:21.302059Z  INFO agent::encode::arret: file de travail sérialisée imposée mft="encodeur" file=14026242
2026-08-02T18:43:21.302303Z  INFO agent::encode: convertisseur BGRA→NV12 (Video Processor MFT) configuré converter_provides_samples=true
2026-08-02T18:43:21.302574Z  INFO agent::capteur::fenetre: fenêtre attachée au capteur session=w-4 sortie=\\.\DISPLAY6 largeur=1280 hauteur=720
2026-08-02T18:43:21.302584Z  INFO agent::capteur::fenetre: l'enfant a fermé le canal session=w-4 images=0
2026-08-02T18:43:21.302590Z  INFO agent::capteur::tube: attaché au capteur session=w-4 sortie=\\.\DISPLAY6 largeur=1280 hauteur=720
2026-08-02T18:43:21.302642Z  INFO agent::capteur::distante: canal rattaché au capteur largeur=1280 hauteur=720
2026-08-02T18:43:21.302647Z  INFO agent::encode::arret: IMFShutdown::Shutdown : avant mft="encodeur"
2026-08-02T18:43:21.302649Z  INFO agent::encode::arret: file de travail sérialisée imposée mft="encodeur" file=34080260
2026-08-02T18:43:21.302884Z  INFO agent::encode: convertisseur BGRA→NV12 (Video Processor MFT) configuré converter_provides_samples=true
2026-08-02T18:43:21.303105Z  INFO agent::encode::arret: IMFShutdown::Shutdown : après mft="encodeur"
2026-08-02T18:43:21.303167Z  INFO agent::capteur::fenetre: fenêtre attachée au capteur session=w-2 sortie=\\.\DISPLAY5 largeur=1280 hauteur=720
2026-08-02T18:43:21.303175Z  INFO agent::capteur::fenetre: l'enfant a fermé le canal session=w-2 images=0
2026-08-02T18:43:21.303179Z  INFO agent::capteur::tube: attaché au capteur session=w-2 sortie=\\.\DISPLAY5 largeur=1280 hauteur=720
2026-08-02T18:43:21.303209Z  INFO agent::encode::arret: IMFShutdown::Shutdown : avant mft="encodeur"
2026-08-02T18:43:21.303217Z  INFO agent::capteur::distante: canal rattaché au capteur largeur=1280 hauteur=720
2026-08-02T18:43:21.303763Z  INFO agent::encode::arret: IMFShutdown::Shutdown : après mft="encodeur"
2026-08-02T18:43:21.325290Z  WARN agent::capteur::serveur: DIAGNOSTIC : fil lecteur de commandes NON lancé
2026-08-02T18:43:21.325749Z  INFO agent::capture::ouverture: sortie retenue pour la duplication adaptateur=NVIDIA GeForce RTX 4070 index_adaptateur=0 index_sortie=2 nom_sortie=\\.\DISPLAY6 attachee=true
2026-08-02T18:43:21.333988Z  WARN agent::capteur::serveur: DIAGNOSTIC : fil lecteur de commandes NON lancé
2026-08-02T18:43:21.334342Z  INFO agent::capture::ouverture: sortie retenue pour la duplication adaptateur=NVIDIA GeForce RTX 4070 index_adaptateur=0 index_sortie=1 nom_sortie=\\.\DISPLAY5 attachee=true
