
==> cargo test --workspace
warning: unused import: `crate::plateforme::tests::etrangere`
  --> proto/src/plateforme/tests_vecteurs.rs:17:5
   |
17 | use crate::plateforme::tests::etrangere;
   |     ^^^^^^^^^^^^^^^^^^^^^^^^^^^^^^^^^^^
   |
   = note: `#[warn(unused_imports)]` (part of `#[warn(unused)]`) on by default

warning: `proto` (lib test) generated 1 warning (run `cargo fix --lib -p proto --tests` to apply 1 suggestion)
warning: unused import: `super::*`
 --> agent/src/transport/collage/tests.rs:6:5
  |
6 | use super::*;
  |     ^^^^^^^^
  |
  = note: `#[warn(unused_imports)]` (part of `#[warn(unused)]`) on by default

warning: unused import: `Event`
  --> agent/src/transport/piste_micro/tests.rs:16:13
   |
16 | use str0m::{Event, Output};
   |             ^^^^^

warning: variable does not need to be mutable
   --> agent/src/capteur/repartiteur/tests.rs:129:9
    |
129 |     let mut fenetres: Vec<Fenetre> = regime_1.iter().map(|(fenetre, _)| fenetre.clone()).collect();
    |         ----^^^^^^^^
    |         |
    |         help: remove this `mut`
    |
    = note: `#[warn(unused_mut)]` (part of `#[warn(unused)]`) on by default

warning: variable does not need to be mutable
   --> agent/src/micro/tests_lecteur.rs:371:9
    |
371 |     let mut reveil = |l: &mut LecteurMicro| {
    |         ----^^^^^^
    |         |
    |         help: remove this `mut`

warning: variable does not need to be mutable
   --> agent/src/pont/ecriture/fil.rs:163:13
    |
163 |         let mut fil = Self {
    |             ----^^^
    |             |
    |             help: remove this `mut`

warning: constant `PERIODE_ACCENT` is never used
  --> agent/src/accent.rs:41:11
   |
41 | pub const PERIODE_ACCENT: Duration = Duration::from_secs(5);
   |           ^^^^^^^^^^^^^^
   |
   = note: `#[warn(dead_code)]` (part of `#[warn(unused)]`) on by default

warning: function `actif` is never used
   --> agent/src/accent.rs:232:8
    |
232 | pub fn actif() -> bool {
    |        ^^^^^

warning: function `table_de_la_machine` is never used
  --> agent/src/apps/associations.rs:44:8
   |
44 | pub fn table_de_la_machine() -> std::collections::BTreeMap<String, Vec<String>> {
   |        ^^^^^^^^^^^^^^^^^^^

warning: constant `DELAI` is never used
  --> agent/src/apps/icone/televersement.rs:47:7
   |
47 | const DELAI: Duration = Duration::from_secs(10);
   |       ^^^^^

warning: function `honorer` is never used
  --> agent/src/apps/icone/televersement.rs:60:8
   |
60 | pub fn honorer(
   |        ^^^^^^^

warning: function `envoyer` is never used
   --> agent/src/apps/icone/televersement.rs:144:4
    |
144 | fn envoyer(autorite: &str, jeton: &str, empreinte: &str, octets: &[u8]) -> Result<()> {
    |    ^^^^^^^

warning: constant `MARQUEUR_COMMENCE` is never used
  --> agent/src/apps/installation/depot.rs:27:11
   |
27 | pub const MARQUEUR_COMMENCE: &str = ".commence";
   |           ^^^^^^^^^^^^^^^^^

warning: constant `MARQUEUR_TERMINE` is never used
  --> agent/src/apps/installation/depot.rs:28:11
   |
28 | pub const MARQUEUR_TERMINE: &str = ".termine";
   |           ^^^^^^^^^^^^^^^^

warning: fields `fenetres`, `reconcilier`, and `reconciliee` are never read
  --> agent/src/apps/installation/partage.rs:24:9
   |
21 | pub struct Partage {
   |            ------- fields in this struct
...
24 |     pub fenetres: Arc<Mutex<Fenetres>>,
   |         ^^^^^^^^
...
50 |     pub reconcilier: Arc<AtomicBool>,
   |         ^^^^^^^^^^^
51 |     /// Posé par le fil quand une réconciliation forcée a eu lieu.
52 |     pub reconciliee: Arc<AtomicBool>,
   |         ^^^^^^^^^^^
   |
   = note: `Partage` has a derived impl for the trait `Clone`, but this is intentionally ignored during dead code analysis

warning: function `destination` is never used
   --> agent/src/apps/installation/telechargement.rs:399:8
    |
399 | pub fn destination(repertoire: &str, nom: &str) -> PathBuf {
    |        ^^^^^^^^^^^

warning: method `vers_protocole` is never used
   --> agent/src/apps/installation/verdict.rs:186:12
    |
149 | impl Issue {
    | ---------- method in this implementation
...
186 |     pub fn vers_protocole(self) -> proto::plateforme::Issue {
    |            ^^^^^^^^^^^^^^

warning: constant `TAMPON_NOTIFICATIONS` is never used
  --> agent/src/apps/surveillance.rs:72:11
   |
72 | pub const TAMPON_NOTIFICATIONS: usize = 65_536;
   |           ^^^^^^^^^^^^^^^^^^^^

warning: function `actif` is never used
   --> agent/src/capteur/plein_ecran.rs:118:8
    |
118 | pub fn actif() -> bool {
    |        ^^^^^

warning: constant `PERIODE_STYLE` is never used
   --> agent/src/capteur/plein_ecran.rs:138:11
    |
138 | pub const PERIODE_STYLE: Duration = Duration::from_millis(250);
    |           ^^^^^^^^^^^^^

warning: constant `NOM_TUBE` is never used
  --> agent/src/capteur/protocole.rs:15:11
   |
15 | pub const NOM_TUBE: &str = r"\\.\pipe\agent-capteur";
   |           ^^^^^^^^

warning: function `ecrire_le_presse_papier` is never used
   --> agent/src/capteur/sommeil.rs:266:8
    |
266 | pub fn ecrire_le_presse_papier(texte: &str) -> anyhow::Result<()> {
    |        ^^^^^^^^^^^^^^^^^^^^^^^

warning: function `ecrire` is never used
   --> agent/src/capteur/sommeil/presse_papier.rs:115:15
    |
115 | pub(super) fn ecrire(texte: &str) -> Result<()> {
    |               ^^^^^^

warning: method `courant` is never used
  --> agent/src/cursor.rs:49:12
   |
28 | impl Hysteresis {
   | --------------- method in this implementation
...
49 |     pub fn courant(&self) -> bool {
   |            ^^^^^^^

warning: function `ecrire_la_plateforme` is never used
   --> agent/src/presse_papier.rs:253:8
    |
253 | pub fn ecrire_la_plateforme(_texte: &str) -> anyhow::Result<u32> {
    |        ^^^^^^^^^^^^^^^^^^^^

warning: field `signaling_url` is never read
   --> agent/src/plateforme.rs:140:5
    |
104 | pub struct Canal {
    |            ----- field in this struct
...
140 |     signaling_url: String,
    |     ^^^^^^^^^^^^^

warning: method `url_signaling` is never used
   --> agent/src/plateforme.rs:282:12
    |
245 | impl Canal {
    | ---------- method in this implementation
...
282 |     pub fn url_signaling(&self) -> &str {
    |            ^^^^^^^^^^^^^

warning: variants `Renomme` and `Supprime` are never constructed
  --> agent/src/pont/ecriture.rs:57:5
   |
47 | pub enum Evenement {
   |          --------- variants in this enum
...
57 |     Renomme { de: String, vers: String, repertoire: bool },
   |     ^^^^^^^
58 |     /// **F3** — une entrée a été supprimée dans la VM.
59 |     Supprime { chemin: String, repertoire: bool },
   |     ^^^^^^^^
   |
   = note: `Evenement` has derived impls for the traits `Clone` and `Debug`, but these are intentionally ignored during dead code analysis

warning: function `tourner` is never used
   --> agent/src/pont/ecriture/fil.rs:100:8
    |
100 | pub fn tourner(config: Config, ordres: Receiver<Ordre>) {
    |        ^^^^^^^

warning: variant `Bonjour` is never constructed
  --> agent/src/pont/ecriture/fil/contrat.rs:67:5
   |
43 | pub enum Ordre {
   |          ----- variant in this enum
...
67 |     Bonjour {
   |     ^^^^^^^
   |
   = note: `Ordre` has derived impls for the traits `Clone` and `Debug`, but these are intentionally ignored during dead code analysis

warning: field `adaptateur` is never read
  --> agent/src/sortie_dxgi.rs:19:9
   |
16 | pub struct SortieDxgi {
   |            ---------- field in this struct
...
19 |     pub adaptateur: String,
   |         ^^^^^^^^^^
   |
   = note: `SortieDxgi` has derived impls for the traits `Clone` and `Debug`, but these are intentionally ignored during dead code analysis

warning: method `sessions_vivantes` is never used
   --> agent/src/superviseur/table.rs:337:12
    |
199 | impl Table {
    | ---------- method in this implementation
...
337 |     pub fn sessions_vivantes(&self) -> Vec<IdSession> {
    |            ^^^^^^^^^^^^^^^^^

warning: function `une_icone_entierement_grise_rend_None` should have a snake case name
  --> agent/src/accent/tests.rs:78:4
   |
78 | fn une_icone_entierement_grise_rend_None() {
   |    ^^^^^^^^^^^^^^^^^^^^^^^^^^^^^^^^^^^^^ help: convert the identifier to snake case: `une_icone_entierement_grise_rend_none`
   |
   = note: `#[warn(non_snake_case)]` (part of `#[warn(nonstandard_style)]`) on by default

warning: function `une_geometrie_incoherente_rend_None` should have a snake case name
  --> agent/src/accent/tests.rs:97:4
   |
97 | fn une_geometrie_incoherente_rend_None() {
   |    ^^^^^^^^^^^^^^^^^^^^^^^^^^^^^^^^^^^ help: convert the identifier to snake case: `une_geometrie_incoherente_rend_none`

warning: function `bgra_en_rgba_puis_dominante_rendent_la_couleur_REELLE_du_bgra` should have a snake case name
   --> agent/src/accent/tests.rs:188:4
    |
188 | fn bgra_en_rgba_puis_dominante_rendent_la_couleur_REELLE_du_bgra() {
    |    ^^^^^^^^^^^^^^^^^^^^^^^^^^^^^^^^^^^^^^^^^^^^^^^^^^^^^^^^^^^^^ help: convert the identifier to snake case: `bgra_en_rgba_puis_dominante_rendent_la_couleur_reelle_du_bgra`

warning: function `un_guillemet_ouvrant_jamais_ferme_est_REFUSE` should have a snake case name
  --> agent/src/apps/associations/tests.rs:47:4
   |
47 | fn un_guillemet_ouvrant_jamais_ferme_est_REFUSE() {
   |    ^^^^^^^^^^^^^^^^^^^^^^^^^^^^^^^^^^^^^^^^^^^^ help: convert the identifier to snake case: `un_guillemet_ouvrant_jamais_ferme_est_refuse`

warning: function `une_commande_ne_vise_PAS_une_autre_version_du_meme_produit` should have a snake case name
  --> agent/src/apps/associations/tests.rs:75:4
   |
75 | fn une_commande_ne_vise_PAS_une_autre_version_du_meme_produit() {
   |    ^^^^^^^^^^^^^^^^^^^^^^^^^^^^^^^^^^^^^^^^^^^^^^^^^^^^^^^^^^ help: convert the identifier to snake case: `une_commande_ne_vise_pas_une_autre_version_du_meme_produit`

warning: function `une_extension_vide_ou_absurde_est_REFUSEE` should have a snake case name
   --> agent/src/apps/associations/tests.rs:114:4
    |
114 | fn une_extension_vide_ou_absurde_est_REFUSEE() {
    |    ^^^^^^^^^^^^^^^^^^^^^^^^^^^^^^^^^^^^^^^^^ help: convert the identifier to snake case: `une_extension_vide_ou_absurde_est_refusee`

warning: function `ranger_trie_ET_dedoublonne` should have a snake case name
   --> agent/src/apps/associations/tests.rs:128:4
    |
128 | fn ranger_trie_ET_dedoublonne() {
    |    ^^^^^^^^^^^^^^^^^^^^^^^^^^ help: convert the identifier to snake case: `ranger_trie_et_dedoublonne`

warning: function `pour_cible_normalise_LA_CIBLE_AUSSI` should have a snake case name
   --> agent/src/apps/associations/tests.rs:193:4
    |
193 | fn pour_cible_normalise_LA_CIBLE_AUSSI() {
    |    ^^^^^^^^^^^^^^^^^^^^^^^^^^^^^^^^^^^ help: convert the identifier to snake case: `pour_cible_normalise_la_cible_aussi`

warning: function `pour_cible_rend_une_liste_VIDE_quand_l_application_n_ouvre_rien` should have a snake case name
   --> agent/src/apps/associations/tests.rs:206:4
    |
206 | fn pour_cible_rend_une_liste_VIDE_quand_l_application_n_ouvre_rien() {
    |    ^^^^^^^^^^^^^^^^^^^^^^^^^^^^^^^^^^^^^^^^^^^^^^^^^^^^^^^^^^^^^^^ help: convert the identifier to snake case: `pour_cible_rend_une_liste_vide_quand_l_application_n_ouvre_rien`

warning: function `le_mauvais_pas_d_entree_se_voit_a_partir_de_la_SECONDE_entree` should have a snake case name
  --> agent/src/apps/icone/ressource/tests.rs:64:4
   |
64 | fn le_mauvais_pas_d_entree_se_voit_a_partir_de_la_SECONDE_entree() {
   |    ^^^^^^^^^^^^^^^^^^^^^^^^^^^^^^^^^^^^^^^^^^^^^^^^^^^^^^^^^^^^^ help: convert the identifier to snake case: `le_mauvais_pas_d_entree_se_voit_a_partir_de_la_seconde_entree`

warning: function `un_journal_long_rend_sa_FIN_et_se_declare_tronque` should have a snake case name
  --> agent/src/apps/installation/journal.rs:84:8
   |
84 |     fn un_journal_long_rend_sa_FIN_et_se_declare_tronque() {
   |        ^^^^^^^^^^^^^^^^^^^^^^^^^^^^^^^^^^^^^^^^^^^^^^^^^ help: convert the identifier to snake case: `un_journal_long_rend_sa_fin_et_se_declare_tronque`

warning: function `ne_panique_JAMAIS_au_milieu_d_un_caractere_multi_octet` should have a snake case name
   --> agent/src/apps/installation/journal.rs:100:8
    |
100 |     fn ne_panique_JAMAIS_au_milieu_d_un_caractere_multi_octet() {
    |        ^^^^^^^^^^^^^^^^^^^^^^^^^^^^^^^^^^^^^^^^^^^^^^^^^^^^^^ help: convert the identifier to snake case: `ne_panique_jamais_au_milieu_d_un_caractere_multi_octet`

warning: function `from_utf8_lossy_AGRANDIT_donc_on_reborne_apres_la_conversion` should have a snake case name
   --> agent/src/apps/installation/journal.rs:121:8
    |
121 |     fn from_utf8_lossy_AGRANDIT_donc_on_reborne_apres_la_conversion() {
    |        ^^^^^^^^^^^^^^^^^^^^^^^^^^^^^^^^^^^^^^^^^^^^^^^^^^^^^^^^^^^^ help: convert the identifier to snake case: `from_utf8_lossy_agrandit_donc_on_reborne_apres_la_conversion`

warning: function `une_application_absente_d_aujourdhui_disparait_PAR_SA_CLE` should have a snake case name
  --> agent/src/apps/reconciliation/tests.rs:69:4
   |
69 | fn une_application_absente_d_aujourdhui_disparait_PAR_SA_CLE() {
   |    ^^^^^^^^^^^^^^^^^^^^^^^^^^^^^^^^^^^^^^^^^^^^^^^^^^^^^^^^^ help: convert the identifier to snake case: `une_application_absente_d_aujourdhui_disparait_par_sa_cle`

warning: function `le_puits_de_mesure_PREND_LE_PAS_sur_le_cable` should have a snake case name
   --> agent/src/demarrage/micro.rs:204:8
    |
204 |     fn le_puits_de_mesure_PREND_LE_PAS_sur_le_cable() {
    |        ^^^^^^^^^^^^^^^^^^^^^^^^^^^^^^^^^^^^^^^^^^^^ help: convert the identifier to snake case: `le_puits_de_mesure_prend_le_pas_sur_le_cable`

warning: function `un_ordre_d_installation_arrive_dans_SA_file_et_ne_ferme_pas_la_session` should have a snake case name
  --> agent/src/plateforme/tests_installation.rs:23:10
   |
23 | async fn un_ordre_d_installation_arrive_dans_SA_file_et_ne_ferme_pas_la_session() {
   |          ^^^^^^^^^^^^^^^^^^^^^^^^^^^^^^^^^^^^^^^^^^^^^^^^^^^^^^^^^^^^^^^^^^^^^^ help: convert the identifier to snake case: `un_ordre_d_installation_arrive_dans_sa_file_et_ne_ferme_pas_la_session`

warning: function `un_repertoire_different_sans_confirmation_RETIENT` should have a snake case name
  --> agent/src/pont/bonjour/tests.rs:16:4
   |
16 | fn un_repertoire_different_sans_confirmation_RETIENT() {
   |    ^^^^^^^^^^^^^^^^^^^^^^^^^^^^^^^^^^^^^^^^^^^^^^^^^ help: convert the identifier to snake case: `un_repertoire_different_sans_confirmation_retient`

warning: function `un_repertoire_different_AVEC_confirmation_pousse_et_memorise_le_neuf` should have a snake case name
  --> agent/src/pont/bonjour/tests.rs:21:4
   |
21 | fn un_repertoire_different_AVEC_confirmation_pousse_et_memorise_le_neuf() {
   |    ^^^^^^^^^^^^^^^^^^^^^^^^^^^^^^^^^^^^^^^^^^^^^^^^^^^^^^^^^^^^^^^^^^^^ help: convert the identifier to snake case: `un_repertoire_different_avec_confirmation_pousse_et_memorise_le_neuf`

warning: function `la_fenetre_ne_demande_jamais_plus_de_MORCEAUX_EN_VOL` should have a snake case name
  --> agent/src/pont/lecture/tests.rs:17:4
   |
17 | fn la_fenetre_ne_demande_jamais_plus_de_MORCEAUX_EN_VOL() {
   |    ^^^^^^^^^^^^^^^^^^^^^^^^^^^^^^^^^^^^^^^^^^^^^^^^^^^^ help: convert the identifier to snake case: `la_fenetre_ne_demande_jamais_plus_de_morceaux_en_vol`

warning: function `une_ecriture_due_sur_un_AUTRE_chemin_ne_retarde_rien` should have a snake case name
  --> agent/src/pont/mutation/tests.rs:64:4
   |
64 | fn une_ecriture_due_sur_un_AUTRE_chemin_ne_retarde_rien() {
   |    ^^^^^^^^^^^^^^^^^^^^^^^^^^^^^^^^^^^^^^^^^^^^^^^^^^^^ help: convert the identifier to snake case: `une_ecriture_due_sur_un_autre_chemin_ne_retarde_rien`

warning: function `une_ecriture_due_sur_un_ENFANT_du_repertoire_renomme_retarde` should have a snake case name
  --> agent/src/pont/mutation/tests.rs:79:4
   |
79 | fn une_ecriture_due_sur_un_ENFANT_du_repertoire_renomme_retarde() {
   |    ^^^^^^^^^^^^^^^^^^^^^^^^^^^^^^^^^^^^^^^^^^^^^^^^^^^^^^^^^^^^ help: convert the identifier to snake case: `une_ecriture_due_sur_un_enfant_du_repertoire_renomme_retarde`

warning: function `un_renommage_hors_racine_est_NonSupporte_et_pas_ProtegeEnEcriture` should have a snake case name
   --> agent/src/pont/notifications/tests.rs:111:4
    |
111 | fn un_renommage_hors_racine_est_NonSupporte_et_pas_ProtegeEnEcriture() {
    |    ^^^^^^^^^^^^^^^^^^^^^^^^^^^^^^^^^^^^^^^^^^^^^^^^^^^^^^^^^^^^^^^^^ help: convert the identifier to snake case: `un_renommage_hors_racine_est_non_supporte_et_pas_protege_en_ecriture`

warning: function `annuler_retire_les_N_correlations_d_une_lecture_a_fenetre` should have a snake case name
   --> agent/src/pont/table/tests.rs:352:4
    |
352 | fn annuler_retire_les_N_correlations_d_une_lecture_a_fenetre() {
    |    ^^^^^^^^^^^^^^^^^^^^^^^^^^^^^^^^^^^^^^^^^^^^^^^^^^^^^^^^^ help: convert the identifier to snake case: `annuler_retire_les_n_correlations_d_une_lecture_a_fenetre`

warning: function `un_format_entier_32_bits_est_refuse_par_la_SEULE_garde_du_flottant` should have a snake case name
   --> agent/src/wasapi/format.rs:158:8
    |
158 |     fn un_format_entier_32_bits_est_refuse_par_la_SEULE_garde_du_flottant() {
    |        ^^^^^^^^^^^^^^^^^^^^^^^^^^^^^^^^^^^^^^^^^^^^^^^^^^^^^^^^^^^^^^^^^^ help: convert the identifier to snake case: `un_format_entier_32_bits_est_refuse_par_la_seule_garde_du_flottant`

warning: function `une_trame_dont_UN_SEUL_canal_parle_n_est_pas_du_silence` should have a snake case name
   --> agent/src/wasapi/format.rs:210:8
    |
210 |     fn une_trame_dont_UN_SEUL_canal_parle_n_est_pas_du_silence() {
    |        ^^^^^^^^^^^^^^^^^^^^^^^^^^^^^^^^^^^^^^^^^^^^^^^^^^^^^^^ help: convert the identifier to snake case: `une_trame_dont_un_seul_canal_parle_n_est_pas_du_silence`

warning: `agent` (bin "agent" test) generated 56 warnings (run `cargo fix --bin "agent" -p agent --tests` to apply 5 suggestions)
    Finished `test` profile [unoptimized + debuginfo] target(s) in 0.19s
     Running unittests src/main.rs (target/debug/deps/agent-f71a44343b450757)

running 1002 tests
test accent::tests::bgra_en_rgba_echange_le_rouge_et_le_bleu ... ok
test accent::tests::bgra_en_rgba_est_son_propre_inverse ... ok
test accent::tests::bgra_en_rgba_ne_touche_jamais_l_alpha ... ok
test accent::tests::la_moyenne_du_seau_n_est_pas_le_centre_du_seau ... ok
test accent::tests::bgra_en_rgba_puis_dominante_rendent_la_couleur_REELLE_du_bgra ... ok
test accent::tests::les_pixels_transparents_ne_comptent_pas ... ok
test accent::tests::en_hexa_rend_six_chiffres_minuscules ... ok
test accent::tests::un_contour_noir_majoritaire_ne_gagne_pas ... ok
test accent::tests::bgra_en_rgba_laisse_un_reste_incomplet_tel_quel ... ok
test accent::tests::un_suivi_neuf_annonce_sa_premiere_lecture ... ok
test accent::tests::un_suivi_n_annonce_pas_deux_fois_la_meme_couleur ... ok
test accent::tests::une_geometrie_incoherente_rend_None ... ok
test accent::tests::une_icone_a_dominante_bleue_rend_du_bleu ... ok
test apps::associations::tests::la_table_ecarte_ce_qui_ne_se_lit_pas_sans_perdre_le_reste ... ok
test apps::associations::tests::la_table_groupe_les_extensions_par_executable ... ok
test apps::associations::tests::pour_cible_normalise_LA_CIBLE_AUSSI ... ok
test apps::associations::tests::les_espaces_de_tete_ne_trompent_pas_la_lecture ... ok
test apps::associations::tests::pour_cible_rend_une_liste_VIDE_quand_l_application_n_ouvre_rien ... ok
test apps::associations::tests::ranger_ecarte_ce_qui_n_est_pas_une_extension_sans_tout_perdre ... ok
test apps::associations::tests::ranger_trie_ET_dedoublonne ... ok
test apps::associations::tests::ranger_rend_une_liste_vide_plutot_que_rien ... ok
test apps::associations::tests::un_guillemet_ouvrant_jamais_ferme_est_REFUSE ... ok
test apps::associations::tests::un_guillemet_ferme_immediatement_ne_rend_rien ... ok
test apps::associations::tests::un_meme_executable_sous_deux_ecritures_est_le_meme ... ok
test accent::tests::une_icone_entierement_grise_rend_None ... ok
test apps::associations::tests::une_commande_vise_sa_cible_a_la_casse_pres ... ok
test apps::associations::tests::une_extension_prend_son_point_et_ses_minuscules ... ok
test apps::associations::tests::une_ligne_citee_garde_les_espaces_du_chemin ... ok
test apps::associations::tests::une_extension_vide_ou_absurde_est_REFUSEE ... ok
test apps::associations::tests::une_ligne_sans_argument_rend_le_chemin_entier ... ok
test apps::associations::tests::une_commande_illisible_ne_vise_rien ... ok
test apps::icone::magasin::tests::l_empreinte_est_celle_du_contenu_et_rien_d_autre ... ok
test apps::associations::tests::une_commande_ne_vise_PAS_une_autre_version_du_meme_produit ... ok
test apps::icone::magasin::tests::les_empreintes_du_magasin_sont_celles_de_ce_qu_il_porte ... ok
test apps::icone::magasin::tests::les_octets_se_relisent_a_l_identique ... ok
test apps::icone::magasin::tests::un_ensemble_connu_vide_fait_tout_redemander ... ok
test apps::icone::magasin::tests::manquantes_ne_rend_que_ce_qui_manque ... ok
test apps::icone::magasin::tests::remplacer_fait_disparaitre_le_catalogue_precedent ... ok
test apps::icone::magasin::tests::l_ordre_est_preserve_et_les_doublons_fondus ... ok
test apps::associations::tests::une_ligne_vide_ne_rend_rien ... ok
test apps::associations::tests::une_ligne_non_citee_court_jusqu_au_premier_espace ... ok
test apps::icone::magasin::tests::deux_ajouts_du_meme_contenu_ne_font_qu_une_entree ... ok
test apps::icone::ressource::tests::le_temoin_256_porte_bwidth_zero_et_vaut_256 ... ok
test apps::icone::ressource::tests::les_deux_temoins_se_distinguent_par_la_ressource ... ok
test apps::icone::ressource::tests::le_temoin_48_annonce_48_et_rien_d_autre ... ok
test apps::icone::ressource::tests::le_mauvais_pas_d_entree_se_voit_a_partir_de_la_SECONDE_entree ... ok
test apps::icone::ressource::tests::lit_un_grpicondir_a_deux_entrees ... ok
test apps::icone::ressource::tests::refuse_un_en_tete_qui_n_en_est_pas_un ... ok
test apps::icone::ressource::tests::un_repertoire_a_zero_entree_se_lit_et_ne_mesure_rien ... ok
test apps::icone::ressource::tests::un_compte_absurde_ne_deborde_pas ... ok
test apps::icone::source::tests::l_index_vaut_zero_a_defaut_et_accepte_le_negatif ... ok
test apps::icone::source::tests::la_casse_de_l_extension_est_indifferente ... ok
test apps::icone::ressource::tests::un_tampon_tronque_rend_none ... ok
test apps::icone::source::tests::un_chemin_sans_extension_ne_se_lit_pas ... ok
test apps::icone::source::tests::un_chemin_vide_renvoie_a_la_cible ... ok
test apps::icone::ressource::tests::une_liste_vide_n_est_pas_une_taille_nulle ... ok
test apps::icone::source::tests::un_ico_autonome_est_lu_comme_un_ico ... ok
test apps::installation::cadence::tests::la_derniere_progression_d_une_phase_passe_meme_a_zero_milliseconde ... ok
test apps::icone::source::tests::un_module_pe_est_lu_comme_un_module ... ok
test apps::icone::televersement::tests::l_autorite_se_derive_de_l_url_du_canal ... ok
test apps::installation::cadence::tests::la_periode_declaree_et_sa_forme_en_millisecondes_ne_divergent_pas ... ok
test apps::icone::televersement::tests::le_statut_se_lit_dans_la_premiere_ligne ... ok
test apps::icone::televersement::tests::tls_est_refuse_explicitement ... ok
test apps::installation::cadence::tests::cent_appels_dans_la_meme_milliseconde_ne_produisent_qu_une_emission ... ok
test apps::installation::cadence::tests::la_premiere_progression_d_une_phase_passe_toujours ... ok
test apps::icone::source::tests::le_decoupage_se_fait_sur_la_derniere_virgule ... ok
test apps::installation::cadence::tests::une_horloge_qui_recule_ne_fait_pas_emettre ... ok
test apps::installation::cadence::tests::la_frontiere_de_la_periode_est_assiegee_des_deux_cotes ... ok
test apps::installation::cadence::tests::une_phase_longue_emet_une_fois_par_periode ... ok
test apps::installation::depot::tests::l_identifiant_est_juge_lui_aussi_sur_une_liste_d_autorisation ... ok
test apps::installation::depot::tests::la_purge_prend_ce_qui_a_depasse_l_expiration_et_rien_d_autre ... ok
test apps::installation::depot::tests::le_chemin_nominal_se_compose_et_dit_ce_qu_on_fera_du_fichier ... ok
test apps::installation::depot::tests::les_autres_refus_de_nom_portent_chacun_le_leur ... ok
test apps::installation::depot::tests::une_remontee_de_chemin_est_refusee_et_le_motif_la_nomme ... ok
test apps::installation::fenetre::tests::ajouter_sans_fenetre_ouverte_ne_fait_rien ... ok
test apps::installation::depot::tests::les_marqueurs_disent_les_trois_etats_et_termine_l_emporte ... ok
test apps::installation::fenetre::tests::deux_fenetres_concurrentes_comptent_chacune_ce_qui_passe_pendant_la_sienne ... ok
test apps::installation::fenetre::tests::les_versements_s_accumulent_sur_toute_la_duree_de_la_fenetre ... ok
test apps::installation::fenetre::tests::rouvrir_un_identifiant_vivant_repart_de_zero ... ok
test apps::installation::fenetre::tests::une_reconciliation_vide_n_efface_pas_ce_que_la_precedente_a_compte ... ok
test apps::installation::depot::tests::un_script_est_refuse_par_son_extension_et_non_par_son_nom ... ok
test apps::installation::fenetre::tests::une_fenetre_fermee_ne_compte_plus ... ok
test apps::installation::fenetre::tests::fermer_une_fenetre_inconnue_rend_none_et_non_zero ... ok
test apps::icone::source::tests::l_extension_est_celle_du_dernier_segment ... ok
test apps::installation::reponse::tests::l_absence_de_longueur_est_un_refus_nomme_et_non_une_longueur_nulle ... ok
test apps::installation::reponse::tests::le_206_est_retenu_et_son_statut_voyage_pour_que_l_appelant_le_distingue ... ok
test apps::installation::reponse::tests::un_entete_coupe_en_deux_lectures_dit_incomplet_et_ne_conclut_pas ... ok
test apps::installation::journal::tests::from_utf8_lossy_AGRANDIT_donc_on_reborne_apres_la_conversion ... ok
test apps::installation::journal::tests::un_journal_court_passe_entier_et_n_est_pas_tronque ... ok
test apps::installation::reponse::tests::un_entete_sans_fin_est_borne_et_un_entete_non_ascii_est_refuse ... ok
test apps::installation::reponse::tests::un_statut_inattendu_est_refuse_en_portant_son_nombre ... ok
test apps::installation::reponse::tests::une_premiere_ligne_qui_n_est_pas_du_http_est_refusee_en_la_citant ... ok
test apps::installation::reponse::tests::une_reponse_complete_rend_son_statut_sa_longueur_et_le_debut_du_corps ... ok
test apps::installation::telechargement::tests::https_est_refuse_en_nommant_la_capacite_manquante ... ok
test apps::installation::journal::tests::un_journal_long_rend_sa_FIN_et_se_declare_tronque ... ok
test apps::installation::reponse::tests::chunked_est_refuse_le_motif_le_nomme_et_il_prime_sur_la_longueur ... ok
test apps::installation::reponse::tests::deux_longueurs_contradictoires_sont_refusees_et_deux_identiques_passent ... ok
test apps::installation::reponse::tests::les_noms_sont_insensibles_a_la_casse_et_les_valeurs_rognees ... ok
test apps::installation::journal::tests::ne_panique_JAMAIS_au_milieu_d_un_caractere_multi_octet ... ok
test apps::installation::telechargement::tests::une_url_se_decoupe_et_le_port_par_defaut_ne_s_ecrit_pas_dans_host ... ok
test apps::installation::telechargement::tests::un_statut_inattendu_est_refuse_en_portant_son_statut ... ok
test apps::installation::verdict::tests::l_ignorance_l_emporte_sur_une_fenetre_pleine ... ok
test apps::installation::verdict::tests::la_table_des_motifs_fait_l_aller_retour_sur_les_sept ... ok
test apps::installation::verdict::tests::le_cas_nominal_ne_tient_qu_a_la_fenetre ... ok
test apps::installation::verdict::tests::un_code_de_sortie_non_nul_ne_defait_pas_une_fenetre_qui_a_compte ... ok
test apps::installation::verdict::tests::un_installeur_annule_sort_en_zero_et_reste_sans_effet ... ok
test apps::installation::verdict::tests::un_refus_l_emporte_sur_tout_le_reste ... ok
test apps::raccourci::tests::deux_applications_de_meme_nom_a_triplets_differents_restent_deux ... ok
test apps::raccourci::tests::deux_raccourcis_au_meme_triplet_rendent_une_seule_application ... ok
test apps::raccourci::tests::ecarte_toute_extension_qui_n_est_pas_exe ... ok
test apps::raccourci::tests::ecarte_une_cible_absente_et_c_est_le_predicat_injecte_qui_le_dit ... ok
test apps::raccourci::tests::ecarte_une_cible_vide ... ok
test apps::raccourci::tests::la_cle_ne_confond_pas_deux_decoupages_du_meme_texte ... ok
test apps::installation::telechargement::tests::un_transfert_chunked_est_refuse_et_le_motif_le_nomme ... ok
test apps::raccourci::tests::la_cle_replie_la_casse_de_la_cible_et_du_repertoire_mais_pas_des_arguments ... ok
test apps::raccourci::tests::n_ecarte_rien_par_le_chemin ... ok
test apps::raccourci::tests::n_ecarte_rien_par_le_nom ... ok
test apps::reconciliation::tests::deux_catalogues_identiques_rendent_un_diff_entierement_vide ... ok
test apps::raccourci::tests::le_corpus_ne_porte_aucune_cible_hors_exe_parmi_les_retenus ... ok
test apps::reconciliation::tests::le_diff_est_deterministe_et_trie_quel_que_soit_l_ordre_d_entree ... ok
test apps::reconciliation::tests::un_catalogue_d_hier_vide_rend_tout_en_apparues_et_rien_en_disparues ... ok
test apps::reconciliation::tests::un_doublon_de_cle_dans_la_lecture_du_jour_ne_produit_qu_une_application ... ok
test apps::reconciliation::tests::un_nom_qui_change_a_cle_egale_est_une_modification ... ok
test apps::reconciliation::tests::une_application_absente_d_aujourdhui_disparait_PAR_SA_CLE ... ok
test apps::reconciliation::tests::une_application_neuve_est_apparue_et_pas_modifiee ... ok
test apps::reconciliation::tests::un_chemin_de_lnk_qui_change_est_une_modification ... ok
test apps::sha256::tests::le_condensateur_absorbe_en_tailles_irregulieres_sans_changer_l_empreinte ... ok
test apps::raccourci::tests::le_corpus_reel_rend_218_lus_167_retenus_154_cles_et_104_par_la_cible_seule ... ok
test apps::reconciliation::tests::une_application_qui_revient_est_apparue ... ok
test apps::sha256::tests::les_vecteurs_de_reponse_connue_de_fips_180_4 ... ok
test apps::surveillance::faute::tests::le_budget_est_global_au_processus_et_s_epuise_une_seule_fois ... ok
test apps::surveillance::faute::tests::le_code_zero_est_reserve_a_aucune_famille ... ok
test apps::surveillance::faute::tests::lire_reconnait_les_trois_familles_et_leur_compte ... ok
test apps::surveillance::faute::tests::un_etat_desarme_ne_consomme_rien ... ok
test apps::surveillance::faute::tests::une_famille_ne_consomme_pas_le_budget_d_une_autre ... ok
test apps::sha256::tests::une_longueur_de_message_pile_sur_la_frontiere_du_bourrage ... ok
test apps::surveillance::mode::tests::chaque_predicat_ne_coupe_que_ce_qui_le_concerne ... ok
test apps::surveillance::faute::tests::lire_desarme_sur_tout_ce_qui_n_est_pas_une_famille_suivie_d_un_compte ... ok
test apps::surveillance::mode::tests::les_quatre_etats_sont_des_egalites_exactes ... ok
test apps::surveillance::mode::tests::une_presence_n_est_pas_un_desarmement ... ok
test apps::surveillance::partage::tests::l_arret_se_voit_de_tous_les_clones ... ok
test apps::surveillance::partage::tests::les_notifications_sont_monotones_et_la_lecture_ne_consomme_rien ... ok
test apps::surveillance::mode::tests::une_valeur_inconnue_retient_le_comportement_livre_et_se_nomme ... ok
test apps::surveillance::rebond::tests::aucune_notification_ne_produit_aucune_echeance ... ok
test apps::surveillance::partage::tests::un_debordement_monte_les_deux_compteurs ... ok
test apps::surveillance::partage::tests::une_veille_neuve_est_a_zero_et_n_est_pas_arretee ... ok
test apps::installation::telechargement::tests::le_budget_de_retablissements_est_borne ... ok
test apps::surveillance::rebond::tests::consommer_remet_le_train_a_zero_et_le_suivant_repart_de_sa_premiere ... ok
test apps::surveillance::rebond::tests::le_pire_cas_derive_tient_sous_les_cinq_secondes_du_critere ... ok
test apps::surveillance::rebond::tests::un_train_continu_echoit_quand_meme_au_plafond ... ok
test apps::surveillance::rebond::tests::une_notification_isolee_echoit_apres_le_delai_court ... ok
test apps::surveillance::rebond::tests::une_seconde_notification_repousse_l_echeance ... ok
test apps::tests::la_periode_de_reconciliation_laisse_la_place_a_son_propre_cout ... ok
test apps::tests::seule_la_valeur_zero_desarme_la_decouverte ... ok
test audio::tests::a_saturation_jette_le_plus_ancien_pas_le_plus_recent ... ok
test audio::tests::compte_les_paquets_rejetes ... ok
test audio::tests::la_borne_de_la_fenetre_est_incluse_ou_exclue_mais_dite ... ok
test audio::tests::la_temporisation_de_reprise_croit_puis_se_borne ... ok
test audio::tests::la_tolerance_totale_reste_de_l_ordre_de_la_seconde ... ok
test audio::tests::passe_la_fenetre_l_injection_est_desarmee ... ok
test audio::tests::rend_les_paquets_dans_l_ordre_de_depot ... ok
test audio::tests::sans_fenetre_l_injection_reste_armee_indefiniment ... ok
test audio::tests::une_copie_partage_le_meme_tampon ... ok
test audio::tests::le_depot_ne_bloque_jamais_meme_saturee ... ok
test capteur::audio::tests::aucune_fenetre_rend_aucune_decision ... ok
test capteur::audio::tests::deux_fenetres_d_un_meme_processus_jamais_focalisees_la_premiere_arrivee_porte ... ok
test capteur::audio::tests::deux_processus_distincts_portent_chacun_le_leur ... ok
test apps::installation::telechargement::tests::une_empreinte_fausse_est_refusee_et_le_fichier_partiel_disparait ... ok
test capteur::audio::tests::la_decision_est_rendue_pour_chaque_session_meme_muette ... ok
test capteur::audio::tests::un_groupe_entierement_inapte_reste_muet ... ok
test audio::tests::dans_la_fenetre_l_injection_est_armee ... ok
test capteur::audio::tests::le_focus_prend_le_son_a_sa_voisine_du_meme_processus ... ok
test capteur::audio::tests::une_fenetre_inapte_ne_porte_jamais_le_son ... ok
test capteur::audio::tests::l_inaptitude_d_un_groupe_ne_touche_pas_un_autre_pid ... ok
test capteur::audio::tests::une_fenetre_seule_de_son_processus_porte_le_son ... ok
test capteur::audio::tests::l_oubli_du_porteur_fait_passer_le_son_a_la_suivante_du_groupe ... ok
test capteur::audio::tests::un_groupe_qui_perd_tout_focus_garde_son_son_sur_la_derniere_focalisee ... ok
test capteur::distante::tests::les_images_sortent_dans_l_ordre_d_arrivee ... ok
test capteur::distante::tests::un_canal_rompu_au_dela_de_la_fenetre_epuise_la_source ... ok
test capteur::audio::tests::une_inapte_recoit_quand_meme_son_verdict_false ... ok
test capteur::distante::tests::un_etat_intercale_met_a_jour_le_cache_sans_masquer_l_image_suivante ... ok
test capteur::distante::tests::les_commandes_partent_sous_la_forme_attendue ... ok
test capteur::distante::tests::un_canal_rompu_n_epuise_pas_la_source_dans_la_fenetre ... ok
test capteur::distante::tests::un_rattachement_qui_echoue_laisse_la_source_en_attente_sans_l_epuiser ... ok
test capteur::distante::tests::un_rattachement_qui_echoue_jusqu_a_expiration_epuise_la_source ... ok
test capteur::distante::tests::un_rattachement_reussi_fait_revivre_la_source_et_reprend_ses_dimensions ... ok
test capteur::distante::tests::un_redimensionnement_retient_la_taille_obtenue ... ok
test capteur::distante::tests::un_vieillissement_du_pas_seul_relance_un_essai ... ok
test capteur::distante::tests::une_erreur_du_capteur_remonte_en_erreur ... ok
test capteur::distante::tests::une_fenetre_disparue_rend_la_source_non_vivante_et_epuisee ... ok
test capteur::distante::tests::une_file_vide_rend_none_sans_epuiser_la_source ... ok
test capteur::distante::tests::un_epuisement_autoritaire_interdit_tout_rattachement ... ok
test capteur::distante::tests::une_image_poussee_est_rendue_par_next_frame ... ok
test capteur::distante::tests::une_rafale_d_interrogations_ne_produit_qu_un_seul_essai ... ok
test capteur::distante::tests_etats::deux_accents_arrives_avant_lecture_s_ecrasent ... ok
test capteur::distante::tests_etats::deux_ordres_audio_arrives_avant_lecture_s_ecrasent ... ok
test capteur::distante::tests_etats::deux_presse_papiers_arrives_avant_lecture_s_ecrasent_et_le_refus_passe ... ok
test capteur::distante::tests_etats::deux_sommeils_consecutifs_ne_retiennent_que_le_dernier ... ok
test capteur::distante::tests_etats::ecrire_le_presse_papier_transmet_le_texte_au_capteur ... ok
test capteur::distante::tests_etats::deux_parts_arrivees_avant_lecture_s_ecrasent ... ok
test capteur::distante::tests_etats::set_awake_transmet_la_visibilite_au_capteur ... ok
test capteur::distante::tests_etats::un_accent_pousse_est_annonce_une_seule_fois ... ok
test capteur::distante::tests_etats::un_ordre_audio_recu_est_rendu_une_seule_fois ... ok
test capteur::distante::tests_etats::un_plein_ecran_pousse_est_annonce_une_seule_fois ... ok
test capteur::distante::tests_etats::un_rattachement_remet_l_enfant_au_silence ... ok
test capteur::distante::tests_etats::un_presse_papier_pousse_est_annonce_une_seule_fois ... ok
test capteur::distante::tests_etats::une_part_recue_est_rendue_une_seule_fois ... ok
test capteur::horloge::tests::une_origine_anterieure_se_reconstruit_en_arriere ... ok
test capteur::horloge::tests::une_frequence_nulle_retombe_sur_maintenant ... ok
test capteur::horloge::tests::une_origine_posterieure_retombe_sur_maintenant ... ok
test capteur::horloge::tests::une_origine_egale_a_maintenant_ne_recule_pas ... ok
test capteur::plein_ecran::tests::la_perte_de_la_bordure_annonce_le_plein_ecran_une_seule_fois ... ok
test capteur::plein_ecran::tests::le_cadre_seul_suffit_a_faire_une_bordure ... ok
test capteur::plein_ecran::tests::le_premier_observer_sur_l_etat_initial_n_annonce_rien ... ok
test capteur::plein_ecran::tests::le_titre_seul_suffit_a_faire_une_bordure ... ok
test capteur::plein_ecran::tests::un_aller_retour_complet_annonce_deux_fois_et_pas_davantage ... ok
test capteur::plein_ecran::tests::une_fenetre_a_titre_et_cadre_a_une_bordure ... ok
test capteur::plein_ecran::tests::une_fenetre_nee_sans_bordure_n_annonce_rien ... ok
test capteur::plein_ecran::tests::une_fenetre_sans_titre_ni_cadre_n_a_pas_de_bordure ... ok
test capteur::pont_media::tests::lire_le_media_relaie_etat_image_et_sommeil_dans_l_ordre ... ok
test capteur::plein_ecran::tests::le_retour_de_la_bordure_annonce_la_sortie_du_plein_ecran ... ok
test capteur::distante::tests_etats::un_refus_du_capteur_empeche_le_collage ... ok
test capteur::distante::tests_etats::un_sommeil_pousse_par_le_capteur_est_retenu_pour_le_client ... ok
test capteur::pont_media::tests::lire_le_media_survit_a_un_plein_ecran_et_le_transmet ... ok
test capteur::pont_media::tests::lire_le_media_survit_a_un_presse_papier_et_le_transmet ... ok
test capteur::pont_media::tests::une_trame_de_commande_egaree_sur_le_media_abandonne_le_fil ... ok
test capteur::protocole::tests::aller_retour_de_l_ecriture_du_presse_papier ... ok
test capteur::protocole::tests::chaque_reponse_fait_l_aller_retour ... ok
test capteur::protocole::tests::deux_trames_a_la_suite_se_lisent_dans_l_ordre ... ok
test capteur::protocole::tests::un_sommeil_traverse_le_canal_du_capteur ... ok
test capteur::pont_media::tests::lire_le_media_survit_a_un_audio_et_le_transmet ... ok
test capteur::pont_media::tests::lire_le_media_survit_a_un_accent_et_le_transmet ... ok
test capteur::pont_media::tests::lire_le_media_survit_a_une_part_et_la_transmet ... ok
test apps::installation::telechargement::tests::telecharge_ecrit_et_verifie_l_empreinte ... ok
test capteur::protocole::tests::une_attache_fait_l_aller_retour ... ok
test capteur::protocole::tests::une_etiquette_inconnue_est_refusee ... ok
test capteur::protocole::tests::une_image_sans_en_tete_complet_est_refusee ... ok
test capteur::protocole::tests::une_identite_fait_l_aller_retour ... ok
test capteur::protocole::tests::une_longueur_aberrante_est_refusee_avant_toute_allocation ... ok
test capteur::protocole::tests::une_part_traverse_l_encodage_json ... ok
test capteur::protocole::tests::une_trame_tronquee_est_refusee ... ok
test capteur::repartiteur::tests::la_focalisee_recoit_le_facteur_de_majoration ... ok
test capteur::repartiteur::tests::la_somme_des_parts_ne_depasse_jamais_le_budget ... ok
test capteur::repartiteur::tests::les_trois_regimes_sont_bornes_ou_jamais_paniquent ... ok
test capteur::repartiteur::tests::sans_aucune_fenetre_il_n_y_a_rien_a_repartir ... ok
test capteur::repartiteur::tests::plusieurs_focalisees_ne_donnent_qu_une_seule_majoration ... ok
test capteur::repartiteur::tests::sans_focalisee_les_eveillees_se_partagent_a_parts_egales ... ok
test capteur::repartiteur::tests::toutes_endormies_recoivent_le_plancher_et_le_reste_n_est_donne_a_personne ... ok
test capteur::repartiteur::tests::un_budget_inferieur_aux_planchers_ne_deborde_pas ... ok
test capteur::protocole::tests::une_unite_d_acces_fait_l_aller_retour_sans_reencodage ... ok
test capteur::repartiteur::tests::une_seule_eveillee_recoit_tout_le_budget ... ok
test capteur::repartiteur::tests::une_focalisee_endormie_reste_au_plancher_et_les_eveillees_se_partagent_egalement ... ok
test capteur::repartiteur::tests::une_endormie_recoit_le_plancher_et_ne_partage_pas_le_reste ... ok
test capteur::protocole::tests::un_texte_de_la_taille_maximale_du_produit_traverse_le_tube ... ok
test capteur::protocole::tests::une_visibilite_traverse_le_canal_du_capteur ... ok
test capteur::reprise::tests::les_essais_de_rattachement_sont_espaces ... ok
test capteur::reprise::tests::un_succes_rend_aussi_le_droit_de_reessayer_immediatement ... ok
test capteur::reprise::tests::un_succes_referme_la_fenetre_et_rend_le_budget_entier ... ok
test apps::installation::telechargement::tests::un_200_en_reponse_a_un_range_fait_repartir_de_zero ... ok
test capteur::reprise::tests::une_rupture_ininterrompue_au_dela_de_la_fenetre_epuise ... ok
test capteur::reprise::tests::une_rupture_n_epuise_pas_immediatement ... ok
test capteur::sommeil::parts::tests::l_arrivee_d_une_seconde_fenetre_reduit_la_part_de_la_premiere ... ok
test capteur::distante::tests_etats::le_defaut_du_trait_refuse_d_ecrire_plutot_que_de_faire_semblant ... ok
test apps::installation::telechargement::tests::une_coupure_reprend_au_bon_offset_et_l_empreinte_reste_juste ... ok
test capteur::sommeil::parts::tests::un_canal_rompu_detecte_par_les_parts_est_retire_du_vivier ... ok
test capteur::sommeil::parts::tests::une_part_inchangee_n_est_pas_reemise ... ok
test capteur::sommeil::parts::tests::une_session_qui_s_eveille_recoit_une_part_apres_son_ordre_de_reveil ... ok
test capteur::sommeil::porteurs::tests::deux_fenetres_d_un_meme_pid_se_disputent_le_son_et_le_focus_tranche ... ok
test capteur::sommeil::presse_papier::tests::l_emission_a_l_inscription_ne_part_que_sur_le_canal_neuf ... ok
test capteur::sommeil::porteurs::tests::deux_pid_distincts_portent_chacun_leur_son ... ok
test capteur::sommeil::porteurs::tests::un_ordre_audio_inchange_n_est_pas_reemis ... ok
test capteur::sommeil::presse_papier::tests::armer_les_gardes_empeche_de_relire_notre_ecriture ... ok
test capteur::sommeil::presse_papier::tests::une_copie_tierce_survenue_apres_notre_ecriture_est_quand_meme_annoncee ... ok
test capteur::sommeil::presse_papier::tests::une_annonce_de_texte_part_vers_toutes_les_sessions_inscrites ... ok
test capteur::sommeil::parts::tests::un_rattachement_a_topologie_inchangee_renvoie_une_part_sur_le_canal_neuf ... ok
test capteur::sommeil::presse_papier::tests::un_canal_rompu_detecte_par_le_presse_papier_est_retire_du_vivier ... ok
test capteur::sommeil::presse_papier::tests::un_rattachement_recoit_lui_aussi_le_contenu_courant ... ok
test capteur::sommeil::presse_papier::tests::un_refus_part_sans_texte_mais_avec_sa_taille ... ok
test capteur::sommeil::presse_papier::tests::la_seconde_prise_laisse_passer_une_copie_de_la_vm ... ok
test capteur::sommeil::presse_papier::tests::une_ecriture_echouee_n_arme_aucun_garde ... ok
test capteur::sommeil::presse_papier::tests::une_ecriture_reussie_pose_le_numero_rendu_par_l_ecrivain ... ok
test capteur::sommeil::presse_papier::tests::la_seconde_prise_consomme_notre_ecriture_et_ecarte_notre_texte ... ok
test capteur::sommeil::presse_papier::tests::une_session_qui_s_inscrit_apres_un_refus_recoit_le_refus ... ok
test capteur::sommeil::presse_papier::tests::une_session_qui_s_inscrit_avant_toute_copie_ne_recoit_rien ... ok
test capteur::sommeil::presse_papier::tests::une_session_qui_s_inscrit_apres_une_copie_recoit_le_contenu_courant ... ok
test capteur::sommeil::tests::le_repit_expire_et_rend_la_fenetre_apte ... ok
test capteur::sommeil::tests::un_canal_rompu_libere_aussi_le_focus_de_la_session_morte ... ok
test capteur::sommeil::tests::un_retirer_d_une_generation_posterieure_n_est_pas_perime ... ok
test capteur::sommeil::tests::un_rattachement_recoit_une_generation_neuve_et_le_retirer_precedent_est_perime ... ok
test capteur::sommeil::tests::un_retirer_perime_n_emporte_pas_l_inscription_neuve ... ok
test capteur::sommeil::tests::un_retirer_sur_une_session_inconnue_n_est_pas_perime ... ok
test capteur::sommeil::tests::un_echec_de_reveil_rendort_la_session_et_ne_la_reelit_pas_immediatement ... ok
test capteur::sommeil::tests::une_inaptitude_dont_l_echeance_vaut_exactement_maintenant_est_purgee ... ok
test capteur::sommeil::tests::un_retrait_purge_l_inaptitude_et_le_compteur_de_rearmements ... ok
test capteur::vivier::tests::au_dela_du_plafond_la_moins_recemment_vue_est_evincee ... ok
test capteur::vivier::tests::eveillees_rend_exactement_les_sessions_reveillees ... ok
test capteur::vivier::tests::l_eviction_porte_la_raison_evincee_et_non_masquee ... ok
test capteur::vivier::tests::les_ordres_rendus_placent_tous_les_dormir_avant_tout_reveiller ... ok
test capteur::vivier::tests::l_hysteresis_empeche_d_evincer_une_fenetre_tout_juste_reveillee ... ok
test capteur::sommeil::tests::un_signal_audio_vivant_remet_le_compteur_de_rearmements_a_zero ... ok
test capteur::vivier::tests::passee_l_hysteresis_la_rearbitration_periodique_debloque_le_reveil ... ok
test capteur::vivier::tests::passé_le_répit_un_rearbitrer_repropose_bien_la_fenetre_en_echec ... ok
test capteur::sommeil::tests::les_deux_raisons_ont_un_texte_stable_pour_le_client ... ok
test capteur::vivier::tests::un_focus_rafraichit_la_recence_et_protege_de_l_eviction ... ok
test capteur::vivier::tests::un_reveil_qui_echoue_rend_l_entree_endormie_et_ne_la_réélit_pas_au_tour_suivant ... ok
test capteur::vivier::tests::une_fenetre_en_repit_reste_exclue_des_candidates_jusqu_au_repit_ecoulé ... ok
test capteur::vivier::tests::une_fenetre_inscrite_est_endormie_tant_qu_elle_n_est_pas_visible ... ok
test capteur::vivier::tests::une_fenetre_masquee_s_endort_avec_la_raison_masquee ... ok
test capteur::vivier::tests::retirer_une_fenetre_eveillee_rend_sa_place_a_une_endormie ... ok
test capteur::vivier::tests::une_fenetre_masquee_s_endort_meme_sous_l_hysteresis ... ok
test capteur::vivier::tests::une_fenetre_visible_est_reveillee_quand_il_reste_de_la_place ... ok
test capture_reprise::tests::l_expiration_se_compte_depuis_l_ouverture_et_non_depuis_la_derniere_tentative ... ok
test capture_reprise::tests::la_fenetre_couvre_largement_la_stabilisation_de_la_topologie ... ok
test capteur::sommeil::tests::un_retrait_qui_libere_une_place_reveille_bien_la_session_qui_l_attendait ... ok
test capture_reprise::tests::la_fenetre_d_ouverture_est_plus_courte_que_celle_de_la_capture ... ok
test capteur::sommeil::tests::un_signal_audio_mort_redondant_ne_recompte_pas_le_rearmement ... ok
test capture_reprise::tests::la_premiere_perte_fait_rouvrir_tout_de_suite ... ok
test capteur::sommeil::tests::une_session_retiree_ne_recoit_plus_rien ... ok
test capture_reprise::tests::le_pas_ecoule_fait_rouvrir_a_nouveau ... ok
test capture_reprise::tests::un_succes_referme_la_fenetre_qui_rouvre_alors_pleine ... ok
test capteur::vivier::tests::un_signal_pour_une_session_inconnue_est_ignore_sans_paniquer ... ok
test capteur::sommeil::tests::une_session_inscrite_recoit_l_ordre_de_se_reveiller_quand_elle_devient_visible ... ok
test capture_reprise::tests::la_fenetre_expire_au_bout_de_sa_duree ... ok
test capteur::vivier::tests::un_ordre_n_est_jamais_emis_deux_fois_pour_le_meme_etat ... ok
test capture_reprise::tests::une_ouverture_est_retentable_sur_indisponibilite_ou_perte_d_acces ... ok
test capture_reprise::tests::une_ouverture_n_est_pas_retentable_sur_une_panne_franche ... ok
test capture_reprise::tests::une_seconde_tentative_trop_proche_fait_patienter ... ok
test capture_reprise::tests::seule_la_perte_d_acces_est_recuperable ... ok
test clock::tests::convertit_depuis_l_horloge_audio_a_48_khz ... ok
test clock::tests::convertit_depuis_l_horloge_video_a_90_khz ... ok
test clock::tests::ne_deborde_pas_sur_une_session_tres_longue ... ok
test configuration::tests::un_hwnd_mal_forme_fait_echouer_le_demarrage ... ok
test congestion::controleur::tests::l_amorcage_ne_declenche_pas_de_fausse_alerte ... ok
test congestion::controleur::tests::la_perte_est_convertie_en_pourcentage_et_plafonnee_a_vingt_cinq ... ok
test congestion::controleur::tests::la_premiere_estimation_rend_l_adaptation_active ... ok
test clock::tests::un_horodatage_nul_vaut_l_origine ... ok
test congestion::controleur::tests::la_qualite_ne_ment_pas_pendant_la_fenetre_d_hysteresis ... ok
test clock::tests::une_frequence_nulle_rend_l_origine_plutot_que_de_paniquer ... ok
test configuration::tests::un_hwnd_hexadecimal_ou_decimal_est_accepte ... ok
test congestion::controleur::tests::le_debit_ne_bouge_pas_pour_moins_de_dix_pour_cent_d_ecart ... ok
test congestion::controleur::tests::sans_estimation_le_debit_reste_au_plafond_et_l_adaptation_est_indisponible ... ok
test congestion::controleur::tests::une_session_muette_ne_retranche_plus_le_budget_audio ... ok
test congestion::echelle::tests::echelle_minuscule_sans_doublons ... ok
test congestion::controleur::tests::une_contrainte_durable_fait_descendre_un_barreau_et_marque_la_degradation ... ok
test congestion::controleur::tests::sous_le_plancher_la_qualite_est_declaree_insuffisante ... ok
test congestion::echelle::tests::l_echelle_a_quatre_barreaux_decroissants_et_pairs ... ok
test congestion::hysteresis::tests::cibler_un_second_barreau_sans_repasser_par_le_courant_redemarre_le_decompte ... ok
test congestion::hysteresis::tests::descendre_exige_deux_secondes_sous_le_barreau ... ok
test congestion::echelle::tests::le_barreau_finance_est_le_plus_haut_que_le_debit_paie ... ok
test congestion::hysteresis::tests::le_temps_de_sejour_bloque_un_second_changement_trop_proche ... ok
test congestion::hysteresis::tests::remonter_exige_vingt_secondes_et_non_deux ... ok
test congestion::controleur::tests::le_debit_ne_depasse_jamais_le_plafond ... ok
test congestion::hysteresis::tests::un_repit_remet_le_compteur_de_descente_a_zero ... ok
test congestion::reconfiguration::tests::changer_source_borne_le_barreau_quand_la_nouvelle_echelle_est_plus_courte ... ok
test congestion::reconfiguration::tests::changer_plafond_borne_la_decision_sans_toucher_l_echelle ... ok
test congestion::reconfiguration::tests::changer_source_conserve_le_barreau_courant_sur_un_agrandissement ... ok
test congestion::reconfiguration::tests::changer_source_recalcule_les_seuils_min_bps_pour_la_nouvelle_taille ... ok
test congestion::reconfiguration::tests::un_plafond_qui_monte_apres_une_estimation_perimee_ne_saute_pas_au_plafond ... ok
test cursor::tests::bascule_dans_les_deux_sens ... ok
test cursor::tests::le_changement_n_est_annonce_qu_une_seule_fois ... ok
test cursor::tests::trois_observations_contraires_retiennent_le_changement ... ok
test cursor::tests::un_retour_a_l_etat_courant_remet_le_compteur_a_zero ... ok
test cursor::tests::une_oscillation_ne_bascule_jamais ... ok
test cursor::tests::un_etat_stable_ne_produit_aucun_changement ... ok
test demarrage::micro::mesure::tests::l_occupation_du_lecteur_est_celle_des_trames_en_attente ... ok
test congestion::reconfiguration::tests::un_plafond_qui_remonte_ne_depasse_pas_l_estimation_courante ... ok
test congestion::reconfiguration::tests::un_plafond_qui_monte_est_suivi_tant_qu_aucune_estimation_n_est_jamais_arrivee ... ok
test demarrage::micro::mesure::tests::seule_la_valeur_1_arme_le_puits ... ok
test demarrage::micro::mesure::tests::la_crete_voit_les_deux_canaux_pas_seulement_celui_qu_on_analyse ... ok
test demarrage::micro::mesure::tests::le_silence_ne_rend_aucune_frequence_mais_rend_sa_crete ... ok
test demarrage::micro::tests::le_puits_de_mesure_PREND_LE_PAS_sur_le_cable ... ok
test demarrage::micro::tests::micro_desarme_ne_pose_aucun_puits ... ok
test demarrage::micro::tests::seule_la_valeur_zero_desarme_le_micro ... ok
test demarrage::micro::tests::sans_instrument_de_banc_le_puits_est_le_cable ... ok
test diagnostics::entree::tests::amplitude_nulle_ne_demande_aucune_marge_particuliere ... ok
test diagnostics::entree::tests::accepte_pile_a_la_limite_de_la_marge ... ok
test diagnostics::entree::tests::grand_pas_faible_repetition_donne_la_meme_amplitude ... ok
test diagnostics::entree::tests::pas_positif_part_pres_du_bord_haut_gauche ... ok
test diagnostics::entree::tests::refuse_juste_sous_la_limite_de_la_marge ... ok
test disposition::tests::huit_places_ne_se_recouvrent_pas_et_tiennent_dans_le_bureau ... ok
test diagnostics::entree::tests::refuse_un_ecran_trop_petit_pour_l_amplitude_demandee ... ok
test disposition::tests::une_place_unique_couvre_presque_tout_le_bureau ... ok
test disposition::tests::les_places_ont_des_dimensions_paires ... ok
test disposition::tests::le_nombre_de_places_demande_est_respecte_meme_si_la_grille_est_plus_large ... ok
test disposition::tests::un_bureau_trop_petit_fait_refuser_la_disposition ... ok
test diagnostics::entree::tests::pas_negatif_part_pres_du_bord_bas_droit ... ok
test frames::tests::complete_par_du_silence_quand_rien_n_arrive_et_ne_saute_aucune_trame ... ok
test frames::tests::l_instant_de_capture_se_deduit_de_l_horodatage ... ok
test frames::tests::jette_les_echantillons_les_plus_anciens_au_dela_du_retard_tolere ... ok
test frames::tests::emet_une_trame_pleine_quand_les_echantillons_sont_la ... ok
test frames::tests::les_horodatages_avancent_de_480_sans_trou ... ok
test frames::tests::n_emet_rien_avant_que_la_premiere_trame_ne_soit_due ... ok
test frames::tests::s_ancre_sur_le_temps_ecoule_plutot_que_d_emettre_une_rafale ... ok
test frames::tests::se_reancre_sur_le_temps_ecoule_plutot_que_de_rattraper_une_coupure ... ok
test frames::tests::une_trame_partielle_est_completee_par_du_silence_en_fin ... ok
test gamepad::tests::seul_le_dernier_etat_differe_est_emis ... ok
test gamepad::tests::un_changement_trop_rapproche_est_differe_puis_emis ... ok
test gamepad::tests::la_premiere_vibration_passe_immediatement ... ok
test gamepad::tests::un_etat_identique_est_rejete ... ok
test gamepad::tests::le_bouclage_de_la_sequence_est_franchi_correctement ... ok
test gamepad::tests::un_etat_identique_n_est_pas_reemis ... ok
test gamepad::tests::un_etat_plus_recent_est_accepte ... ok
test geometry::tests::aligne_les_dimensions_impaires ... ok
test gamepad::tests::un_etat_plus_ancien_est_rejete ... ok
test demarrage::micro::mesure::tests::une_fenetre_ne_se_cloture_qu_a_la_seconde_pleine ... ok
test demarrage::micro::mesure::tests::la_frequence_est_celle_du_signal_et_non_son_double ... ok
test geometry::tests::borne_une_fenetre_qui_deborde_a_droite ... ok
test geometry::tests::borne_une_hauteur_qui_depasserait_le_bas_du_bureau ... ok
test geometry::tests::centre_d_une_fenetre_decalee ... ok
test geometry::tests::coin_inferieur_droit_d_une_fenetre_plein_ecran ... ok
test geometry::tests::fenetre_exactement_a_la_limite_de_l_ecran ... ok
test geometry::tests::gere_une_largeur_superieure_a_i32_max ... ok
test geometry::tests::l_axe_horizontal_reste_intact_quand_seul_le_bas_deborde ... ok
test geometry::tests::le_bas_de_l_image_vise_le_bas_de_ce_qui_est_montre ... ok
test geometry::tests::le_milieu_de_l_image_vise_le_milieu_de_ce_qui_est_montre ... ok
test geometry::tests::ne_deborde_ni_ne_panique_sur_des_coordonnees_extremes ... ok
test geometry::tests::ne_deborde_pas_sur_des_coordonnees_extremes ... ok
test geometry::tests::coin_superieur_gauche_d_une_fenetre_a_l_origine ... ok
test geometry::tests::ne_divise_jamais_par_zero ... ok
test geometry::tests::fenetre_entierement_visible ... ok
test geometry::tests::ne_touche_pas_a_une_taille_qui_tient_deja ... ok
test geometry::tests::fenetre_plus_grande_que_l_ecran_dans_les_deux_dimensions ... ok
test geometry::tests::borne_les_debordements_sur_un_bureau_multi_ecrans ... ok
test geometry::tests::borne_aussi_la_largeur ... ok
test geometry::tests::origine_d_une_fenetre_decalee ... ok
test geometry::tests::rects_overlap_rejette_des_rectangles_qui_se_touchent_sans_se_recouvrir ... ok
test geometry::tests::rejette_une_fenetre_hors_ecran ... ok
test geometry::tests::rejette_une_intersection_trop_petite ... ok
test geometry::tests::rejette_une_largeur_ou_une_hauteur_nulle ... ok
test geometry::tests::rects_overlap_detecte_une_intersection ... ok
test geometry::tests::tient_compte_de_l_origine_de_la_fenetre ... ok
test geometry::tests::borne_une_fenetre_a_coordonnees_negatives ... ok
test demarrage::micro::mesure::tests::une_fenetre_repart_a_zero_apres_sa_cloture ... ok
test h264::tests::decoupe_avec_start_code_de_quatre_octets ... ok
test geometry::tests::une_fenetre_entierement_visible_est_mappee_a_l_identique ... ok
test geometry::tests::une_fenetre_hors_ecran_ne_produit_aucune_coordonnee ... ok
test h264::tests::decoupe_avec_start_code_de_trois_octets ... ok
test geometry::tests::une_origine_negative_ne_produit_pas_une_taille_absurde ... ok
test geometry::tests::rects_overlap_rejette_des_rectangles_disjoints ... ok
test h264::tests::detecte_une_image_cle_sur_nal_idr ... ok
test h264::tests::ignore_les_nal_vides ... ok
test h264::tests::regroupe_des_images_multi_tranches_en_une_seule_unite ... ok
test h264::tests::regroupe_en_unites_d_acces_horodatees ... ok
test h264::tests::ignore_les_octets_avant_le_premier_start_code ... ok
test h264::tests::regroupe_un_flux_vide_sans_panique ... ok
test micro::boucle_locale::tests::la_comparaison_est_INSENSIBLE_a_la_casse_de_l_identifiant ... ok
test micro::boucle_locale::tests::un_identifiant_VIDE_ne_boucle_pas ... ok
test micro::boucle_locale::tests_capte::une_demande_ambigue_retombe_sur_le_defaut_comme_resoudre ... ok
test micro::boucle_locale::tests::le_cable_capte_par_le_loopback_est_un_RISQUE ... ok
test micro::boucle_locale::tests::sans_capture_il_n_y_a_pas_de_boucle ... ok
test micro::boucle_locale::tests_capte::sans_demande_le_capte_est_le_defaut_de_windows ... ok
test micro::boucle_locale::tests_capte::une_demande_introuvable_retombe_sur_le_defaut_comme_resoudre ... ok
test micro::boucle_locale::tests_capte::une_demande_qui_elit_rend_son_identifiant ... ok
test micro::dissimulation::tests::une_duree_nulle_est_refusee_plutot_que_de_ne_jamais_epuiser_le_budget ... ok
test micro::dissimulation::tests::une_vraie_trame_rend_le_budget_entier ... ok
test micro::dissimulation::tests::au_dela_du_plafond_la_dissimulation_est_refusee ... ok
test micro::dissimulation::tests::le_plafond_est_une_duree_et_non_un_compte_de_trames ... ok
test micro::dissimulation::tests::une_perte_courte_est_dissimulee_sans_reserve ... ok
test micro::exclusivite::tests::la_tentative_est_REFAITE_apres_un_refus ... ok
test micro::exclusivite::tests::un_refus_ne_se_journalise_qu_une_fois ... ok
test micro::exclusivite::tests::une_acquisition_deja_tenue_ne_reannonce_rien ... ok
test micro::tests::au_dela_du_seuil_haut_une_trame_est_sautee_et_comptee ... ok
test micro::exclusivite::tests::un_verrou_libre_accepte_sans_rien_journaliser ... ok
test h264::tests::renvoie_rien_sans_start_code ... ok
test micro::exclusivite::tests::une_acquisition_tardive_est_ANNONCEE ... ok
test micro::boucle_locale::tests::deux_endpoints_distincts_ne_bouclent_pas ... ok
test micro::tests::a_saturation_c_est_la_plus_ancienne_qui_part ... ok
test micro::tests::chaque_correction_a_son_compteur ... ok
test micro::tests::en_dessous_du_seuil_bas_une_trame_est_inseree_et_comptee ... ok
test micro::tests::un_doublon_est_compte_et_jete ... ok
test micro::tests::une_trame_absente_sans_suivante_donne_manquante ... ok
test micro::tests::entre_les_deux_seuils_aucune_correction_n_est_appliquee ... ok
test micro::tests::une_trame_perimee_est_comptee_et_jetee ... ok
test micro::tests::une_trame_absente_dont_la_suivante_est_la_donne_reconstruire ... ok
test micro::tests::en_famine_le_retrait_rend_manquante_sans_bloquer ... ok
test micro::tests::une_arrivee_desordonnee_est_restituee_dans_l_ordre ... ok
test micro::tests_lecteur::un_lecteur_vide_rend_du_silence_et_jamais_une_erreur ... ok
test micro::tests_lecteur::la_frequence_d_un_ton_pur_est_retrouvee_a_un_pour_cent ... ok
test micro::tests_lecteur::un_ton_bruite_reste_mesure_a_sa_frequence ... ok
test micro::tests::deposer_ne_bloque_jamais_meme_a_saturation ... ok
test h264::tests::compte_les_memes_unites_que_ffprobe_sur_le_flux_reel ... ok
test mire::tests::la_couleur_d_une_mire_identifie_sa_fenetre ... ok
test mire::tests::la_mire_d_une_fenetre_voisine_est_rejetee ... ok
test mire::tests::la_rotation_controle_chaque_voie_le_meme_nombre_de_fois ... ok
test mire::tests::la_rotation_ne_designe_jamais_une_voie_inexistante ... ok
test mire::tests::sans_voie_il_n_y_a_rien_a_controler ... ok
test mire::tests::l_alternance_de_trame_change_le_vert_sans_toucher_a_l_identite ... ok
test micro::tests_lecteur::le_silence_et_le_bruit_ne_rendent_pas_une_frequence_credible ... ok
test mire::tests::un_ecart_de_lecture_dans_la_tolerance_reste_juste ... ok
test mire::tests::une_image_noire_est_rejetee ... ok
test moniteurs_virtuels::numeros::tests::au_dela_du_plafond_la_creation_est_refusee ... ok
test moniteurs_virtuels::numeros::tests::cent_ouvertures_fermetures_ne_font_pas_sortir_du_plafond ... ok
test moniteurs_virtuels::numeros::tests::huit_sorties_simultanees_renouvelees_restent_dans_la_plage ... ok
test moniteurs_virtuels::numeros::tests::les_numeros_se_suivent_tant_que_rien_n_est_rendu ... ok
test moniteurs_virtuels::numeros::tests::rendre_un_numero_inconnu_ou_deja_rendu_ne_cree_pas_de_doublon ... ok
test moniteurs_virtuels::tests::chaque_sortie_est_convertie_avec_son_propre_facteur ... ok
test moniteurs_virtuels::tests::des_dimensions_identiques_donnent_un_facteur_unite ... ok
test moniteurs_virtuels::tests::detruire_rend_la_sortie_au_pilote_et_l_oublie ... ok
test moniteurs_virtuels::tests::detruire_une_sortie_inconnue_echoue_sans_rien_toucher ... ok
test moniteurs_virtuels::tests::la_garde_detruit_meme_quand_le_fil_panique ... ok
test moniteurs_virtuels::tests::la_garde_detruit_tout_ce_qu_elle_a_cree ... ok
test moniteurs_virtuels::tests::le_facteur_dpi_agrandit_la_region_et_son_origine ... ok
test moniteurs_virtuels::tests::le_piege_dpi_de_la_sonde_donne_un_facteur_de_un_et_demi ... ok
test moniteurs_virtuels::tests::sans_echelle_ni_decalage_la_region_ne_bouge_pas ... ok
test moniteurs_virtuels::tests::un_desaccord_de_longueur_est_refuse ... ok
test moniteurs_virtuels::tests::un_refus_du_pilote_ne_perd_pas_les_sorties_deja_creees ... ok
test moniteurs_virtuels::tests::une_annonce_degeneree_ne_donne_aucun_facteur ... ok
test moniteurs_virtuels::tests::une_destruction_refusee_par_le_pilote_ne_fait_pas_oublier_la_sortie ... ok
test moniteurs_virtuels::tests::une_sortie_decalee_dans_le_bureau_virtuel_part_de_l_origine_de_sa_texture ... ok
test moniteurs_virtuels::tests::une_sortie_decalee_ramene_la_region_a_l_origine_de_sa_texture ... ok
test moniteurs_virtuels::tests::une_sortie_degeneree_est_refusee_plutot_que_supposee_a_l_unite ... ok
test micro::tests_lecteur::le_residu_survit_d_un_remplissage_a_l_autre ... ok
test mire::tests::une_couleur_etrangere_est_inconnue ... ok
test opus::tests::la_dissimulation_rend_la_duree_de_la_derniere_trame ... ok
test opus::tests::des_trames_de_dix_vingt_et_quarante_millisecondes_passent_toutes ... ok
test micro::tests_lecteur::le_plafond_est_compte_a_part_de_la_dissimulation ... ok
test opus::tests::le_pourcentage_de_perte_est_borne ... ok
test opus::tests::refuse_une_trame_de_mauvaise_taille ... ok
test opus::tests::un_flux_mono_ressort_stereo_par_duplication ... ok
test micro::tests_lecteur::apres_le_plafond_la_parole_qui_revient_rend_le_budget_entier ... ok
test opus::tests::une_trame_de_10_ms_vaut_480_echantillons_par_canal ... ok
test plateforme::identite::tests::le_jeton_herite_l_emporte_sur_un_couple_d_enrolement_present ... ok
test plateforme::identite::tests::sans_jeton_le_couple_complet_fait_s_enroler ... ok
test plateforme::identite::tests::un_couple_incomplet_ne_produit_aucune_identite ... ok
test plateforme::identite::tests::un_jeton_herite_dispense_de_tout_enrolement ... ok
test plateforme::repli::tests::la_premiere_reprise_attend_le_minimum ... ok
test plateforme::repli::tests::le_delai_croit_avec_la_tentative ... ok
test plateforme::repli::tests::le_delai_est_borne_par_le_plafond ... ok
test plateforme::repli::tests::le_delai_ne_deborde_pas_sur_une_tentative_enorme ... ok
test opus::tests::un_ton_encode_puis_decode_reste_le_meme_ton ... ok
test plateforme::tests::l_url_du_canal_ne_double_jamais_la_barre ... ok
test plateforme::tests::la_file_d_ordres_ne_se_prend_qu_une_fois ... ok
test micro::tests_lecteur::une_famine_prolongee_cesse_de_dissimuler_et_rend_du_silence ... ok
test plateforme::tests::un_message_pousse_dans_la_file_arrive_au_serveur ... ok
test opus::tests::le_silence_prolonge_retombe_a_quelques_octets_par_trame ... ok
test plateforme::tests::un_ordre_de_lancement_arrive_au_consommateur_et_ne_ferme_pas_la_session ... ok
test micro::tests_lecteur::un_ton_encode_traverse_le_tampon_et_ressort_a_sa_frequence ... ok
test opus::tests::lbrr_est_reellement_decodable ... ok
test plateforme::tests::un_refus_de_version_emis_dans_une_autre_version_rend_l_attente_vaine ... ok
test opus::tests::la_reconstruction_fec_restitue_un_signal_correle_a_l_original ... ok
test plateforme::tests::un_refus_de_version_rend_l_attente_vaine ... ok
test opus::tests::une_perte_declaree_change_reellement_l_encodage ... ok
test plateforme::tests_installation::la_file_d_installations_ne_se_prend_qu_une_fois ... ok
test plateforme::tests_installation::un_ordre_d_installation_arrive_dans_SA_file_et_ne_ferme_pas_la_session ... ok
test pont::bonjour::tests::forcer_ne_change_rien_quand_on_poussait_deja ... ok
test pont::bonjour::tests::la_comparaison_de_nom_est_exacte ... ok
test pont::bonjour::tests::le_meme_repertoire_pousse ... ok
test pont::bonjour::tests::le_premier_montage_pousse_et_memorise ... ok
test pont::bonjour::tests::retenir_ne_memorise_rien ... ok
test pont::bonjour::tests::un_nom_memorise_vide_n_est_pas_un_nom_absent ... ok
test pont::bonjour::tests::un_repertoire_different_AVEC_confirmation_pousse_et_memorise_le_neuf ... ok
test pont::bonjour::tests::un_repertoire_different_sans_confirmation_RETIENT ... ok
test pont::cache::tests::ce_qui_est_pose_est_relu_a_l_identique ... ok
test pont::cache::tests::invalider_ne_touche_pas_les_repertoires_voisins ... ok
test pont::cache::tests::invalider_oublie_le_repertoire_parent_du_chemin_mute ... ok
test pont::cache::tests::invalider_un_chemin_inconnu_est_inoffensif ... ok
test pont::cache::tests::le_parent_d_un_chemin_de_premier_niveau_est_la_racine ... ok
test pont::cache::tests::poser_deux_fois_ecrase_et_rearme_l_horloge ... ok
test pont::cache::tests::un_chemin_jamais_pose_n_est_pas_memorise ... ok
test pont::cache::tests::un_repertoire_vide_memorise_est_servi_comme_tel ... ok
test pont::cache::tests::une_memoire_expire_au_terme_exact_et_pas_avant ... ok
test pont::cache::tests::une_memoire_expiree_est_retiree_et_pas_seulement_ignoree ... ok
test pont::cache::tests::vider_oublie_tout ... ok
test pont::chemins::tests::avec_dernier_composant_ignore_la_barre_oblique ... ok
test pont::chemins::tests::avec_dernier_composant_ne_touche_que_le_dernier ... ok
test pont::chemins::tests::avec_dernier_composant_rend_none_quand_il_n_y_a_rien_a_changer ... ok
test pont::chemins::tests::des_unites_utf16_invalides_sont_refusees_avant_toute_normalisation ... ok
test pont::chemins::tests::la_casse_est_conservee_mais_la_comparaison_ne_l_est_pas ... ok
test pont::chemins::tests::la_racine_elle_meme_est_la_chaine_vide_et_est_licite ... ok
test pont::chemins::tests::les_contre_obliques_deviennent_des_barres ... ok
test pont::chemins::tests::un_chemin_absolu_est_refuse ... ok
test pont::chemins::tests::un_flux_alternatif_est_refuse ... ok
test pont::chemins::tests::un_nom_reserve_est_refuse ... ok
test pont::chemins::tests::une_remontee_deguisee_est_refusee ... ok
test pont::chemins::tests::une_remontee_sort_de_la_racine_et_est_refusee ... ok
test pont::compteurs::tests::aucun_nom_n_est_prefixe_d_un_autre ... ok
test pont::compteurs::tests::chaque_variante_a_son_compteur_et_un_nom_distinct ... ok
test pont::compteurs::tests::l_ordre_du_recensement_est_celui_de_TOUTES ... ok
test pont::compteurs::tests::le_compteur_est_juste_sous_concurrence ... ok
test pont::compteurs::tests::le_recensement_porte_un_champ_par_variante ... ok
test pont::compteurs::tests::manquants_rend_exactement_les_causes_a_zero ... ok
test pont::compteurs::tests::rendre_cumule ... ok
test pont::compteurs::tests::rendre_incremente_la_bonne_case_et_elle_seule ... ok
test pont::compteurs::tests::un_recensement_neuf_est_a_zero_partout ... ok
test pont::decoupe::tests::la_somme_des_longueurs_egale_la_longueur_demandee ... ok
test pont::decoupe::tests::le_premier_morceau_part_de_la_position_demandee ... ok
test pont::decoupe::tests::les_morceaux_sont_contigus_et_croissants ... ok
test pont::decoupe::tests::un_max_plus_grand_que_u32_max_ne_deborde_pas_a_la_conversion ... ok
test pont::decoupe::tests::une_longueur_superieure_a_u32_max_se_decoupe_quand_meme ... ok
test pont::decoupe::tests::une_plage_de_taille_exactement_taille_trame_max_fait_un_seul_morceau ... ok
test pont::decoupe::tests::une_plage_de_taille_nulle_ne_fait_aucun_morceau ... ok
test pont::ecriture::fil::tests::desarme_le_fil_journalise_mais_ne_pousse_rien ... ok
test pont::ecriture::fil::tests::l_entree_sort_du_journal_apres_le_dernier_fait_et_pas_avant ... ok
test pont::ecriture::fil::tests::le_journal_est_ecrit_avant_la_premiere_trame ... ok
test pont::ecriture::fil::tests::les_dues_sont_annoncees_avant_toute_poussee_au_demarrage ... FAILED
test pont::ecriture::fil::tests::les_ecritures_prennent_leurs_correlations_dans_la_table_partagee ... ok
test pont::ecriture::fil::tests::un_acquittement_tardif_est_jete ... ok
test pont::ecriture::fil::tests::un_echec_laisse_l_entree_au_journal ... ok
test pont::ecriture::fil::tests::un_fichier_absent_au_redemarrage_sort_du_journal_en_le_nommant ... FAILED
test pont::ecriture::fil::tests::un_fichier_de_taille_nulle_produit_un_morceau_vide_et_sort_du_journal ... ok
test pont::ecriture::fil::tests::un_morceau_en_vol_a_la_fois ... ok
test pont::ecriture::fil::tests::un_repertoire_cree_ne_produit_aucun_morceau ... ok
test pont::ecriture::fil::tests::une_ecriture_pendant_une_poussee_est_rejouee_apres ... ok
test pont::ecriture::tests::attend_voit_le_vol_et_la_file ... ok
test pont::ecriture::tests::deux_notifications_du_meme_chemin_ne_font_qu_une_poussee_en_vol ... ok
test pont::ecriture::tests::l_ordre_entre_chemins_distincts_est_celui_d_inscription ... ok
test pont::ecriture::tests::oublier_retire_de_la_file_et_du_rejeu_mais_pas_du_vol ... ok
test pont::ecriture::tests::un_chemin_deja_en_attente_garde_son_rang ... ok
test pont::ecriture::tests::un_rejeu_passe_devant_la_file ... ok
test pont::ecriture::tests::une_creation_de_fichier_est_remplacee_par_la_modification_qui_suit ... ok
test pont::ecriture::tests::une_creation_de_repertoire_survit_a_une_modification ... ok
test pont::ecriture::tests::une_fin_qui_ne_correspond_pas_au_vol_ne_derange_rien ... ok
test pont::ecriture::tests::une_notification_pendant_une_poussee_est_rejouee_apres ... ok
test pont::ecriture::tests::une_poussee_qui_echoue_libere_le_vol ... ok
test pont::entetes::tests::l_epoque_unix_devient_l_epoque_filetime ... ok
test pont::entetes::tests::une_date_absurde_ne_deborde_pas ... ok
test pont::entetes::tests::une_date_anterieure_a_1601_est_ramenee_a_zero ... ok
test pont::enumeration::tests::l_expression_de_recherche_est_appliquee_quand_elle_est_fournie ... ok
test pont::enumeration::tests::l_ordre_suit_le_comparateur_injecte_et_non_l_ordre_lexicographique ... ok
test pont::enumeration::tests::reposer_des_entrees_remet_le_curseur_a_zero ... ok
test pont::enumeration::tests::sans_expression_l_apparieur_n_est_pas_consulte ... ok
test pont::enumeration::tests::un_redemarrage_ramene_le_curseur_au_debut_sans_perdre_les_entrees ... ok
test pont::enumeration::tests::une_session_chargee_rend_ses_entrees_dans_l_ordre_puis_s_epuise ... ok
test pont::enumeration::tests::une_session_neuve_n_est_pas_chargee ... ok
test pont::erreurs::tests::aucun_code_rendu_n_est_un_succes ... ok
test pont::erreurs::tests::deux_causes_distinctes_ne_partagent_jamais_un_code ... ok
test pont::erreurs::tests::en_cours_ne_collide_avec_aucune_cause_d_echec ... ok
test pont::erreurs::tests::en_cours_vaut_le_hresult_de_error_io_pending ... ok
test pont::erreurs::tests::la_protection_en_ecriture_rend_0x80070013 ... ok
test pont::erreurs::tests::le_balayage_couvre_reellement_chaque_variante ... ok
test pont::erreurs::tests::le_canal_ferme_rend_bien_error_io_device ... ok
test pont::erreurs::tests::les_douze_codes_sont_epingles_un_a_un ... ok
test pont::journal::tests::l_ordre_d_inscription_est_conserve ... ok
test pont::journal::tests::un_chemin_a_saut_de_ligne_survit_a_un_aller_retour ... ok
test pont::journal::tests::un_journal_vide_ou_de_retraits_seuls_se_relit_sans_rien_inventer ... ok
test pont::journal::tests::un_journal_vide_se_compacte_et_un_journal_non_vide_jamais ... ok
test pont::journal::tests::un_nombre_d_octets_illisible_rend_la_ligne_illisible ... ok
test pont::journal::tests::un_rejeu_met_a_jour_les_octets_sans_changer_de_place ... ok
test pont::journal::tests::un_retrait_efface_l_inscription_et_pas_une_autre ... ok
test pont::journal::tests::une_derniere_ligne_tronquee_ne_fait_pas_perdre_les_precedentes ... ok
test pont::journal::tests::une_ligne_de_genre_inconnu_est_comptee_et_jetee ... ok
test pont::latence::tests::l_ordre_du_recensement_est_epingle ... ok
test pont::latence::tests::la_famille_suit_le_budget_et_creer_est_de_la_famille_ecrire ... ok
test pont::latence::tests::le_max_est_le_max_et_la_moyenne_est_la_moyenne ... ok
test pont::latence::tests::les_familles_ne_se_melangent_pas ... ok
test pont::latence::tests::un_histogramme_neuf_rend_des_zeros ... ok
test pont::latence::tests::une_famille_neuve_ne_peut_pas_heriter_du_nom_d_une_autre ... ok
test pont::latence::tests::une_traversee_tombe_dans_le_seau_qui_la_contient ... ok
test pont::lecture::tests::la_fenetre_atteint_reellement_MORCEAUX_EN_VOL_sur_une_lecture_longue ... ok
test pont::lecture::tests::la_fenetre_ne_demande_jamais_plus_de_MORCEAUX_EN_VOL ... ok
test pont::lecture::tests::les_morceaux_sont_demandes_dans_l_ordre_croissant ... ok
test pont::lecture::tests::terminee_exige_que_le_vol_soit_vide_aussi ... ok
test pont::lecture::tests::une_lecture_sans_morceau_est_terminee_d_emblee ... ok
test pont::lecture::tests::une_position_inconnue_est_denoncee ... ok
test pont::lecture::tests::une_reception_libere_exactement_une_place ... ok
test pont::lecture::tests::une_reponse_hors_ordre_est_denoncee_et_pas_appliquee ... ok
test pont::lecture::tests::une_reponse_sans_rien_en_vol_est_denoncee_avec_attendue_none ... ok
test pont::mutation::tests::deux_mutations_du_meme_chemin_sont_toutes_deux_jouees_dans_l_ordre ... ok
test pont::mutation::tests::sans_ecriture_due_on_pousse ... ok
test pont::mutation::tests::source_rend_le_chemin_qui_existe_encore ... ok
test pont::mutation::tests::un_prefixe_qui_n_est_pas_un_composant_ne_retarde_rien ... ok
test pont::mutation::tests::un_renommage_attend_la_ou_une_suppression_abandonne ... ok
test pont::mutation::tests::un_renommage_attend_les_ecritures_dues_sur_la_source ... ok
test pont::mutation::tests::une_cible_vide_ne_retient_rien ... ok
test pont::mutation::tests::une_ecriture_due_sur_un_AUTRE_chemin_ne_retarde_rien ... ok
test pont::mutation::tests::une_ecriture_due_sur_un_ENFANT_du_repertoire_renomme_retarde ... ok
test pont::mutation::tests::une_mutation_differee_repasse_devant ... ok
test pont::mutation::tests::une_seule_mutation_en_vol_a_la_fois ... ok
test pont::mutation::tests::une_suppression_abandonne_les_ecritures_dues_sur_le_chemin ... ok
test pont::mutation::tests::une_suppression_de_repertoire_abandonne_les_ecritures_de_ses_enfants ... ok
test pont::notifications::tests::chaque_bit_du_masque_a_une_decision_nommee ... ok
test pont::notifications::tests::la_fermeture_sans_modification_n_est_pas_demandee ... ok
test pont::notifications::tests::le_masque_demande_exactement_les_neuf_notifications_de_f3 ... ok
test pont::notifications::tests::les_deux_familles_de_constantes_de_f3_s_accordent ... ok
test pont::notifications::tests::les_deux_post_de_contenu_declenchent_une_poussee ... ok
test pont::notifications::tests::les_deux_post_de_f3_declenchent_chacune_sa_poussee ... ok
test pont::notifications::tests::les_liens_durs_sont_refuses_en_non_supporte ... ok
test pont::notifications::tests::un_fichier_neuf_est_pousse_comme_une_creation ... ok
test pont::notifications::tests::un_renommage_hors_racine_est_NonSupporte_et_pas_ProtegeEnEcriture ... ok
test pont::notifications::tests::une_ecriture_est_autorisee_quand_la_racine_est_inscriptible_et_le_canal_ouvert ... ok
test pont::notifications::tests::une_ecriture_sur_canal_ferme_est_refusee_en_erreur_d_e_s ... ok
test pont::notifications::tests::une_ecriture_sur_racine_non_inscriptible_est_refusee ... ok
test pont::notifications::tests::une_mutation_est_autorisee_dans_l_etat_nominal ... ok
test pont::notifications::tests::une_mutation_est_refusee_sur_chacun_des_quatre_etats_qui_l_empechent ... ok
test pont::notifications::tests::une_notification_hors_masque_est_acceptee_sans_attendre ... ok
test pont::notifications::tests::une_post_de_f3_part_quel_que_soit_l_etat ... ok
test pont::notifications::tests::une_poussee_part_meme_canal_ferme_car_une_post_ne_se_refuse_pas ... ok
test pont::resolution::tests::chaque_champ_recoit_l_adresse_de_son_entree ... ok
test pont::resolution::tests::chaque_entree_absente_est_nommee_par_l_erreur ... ok
test pont::resolution::tests::la_resolution_s_arrete_a_la_premiere_entree_manquante ... ok
test pont::resolution::tests::les_treize_noms_sont_distincts ... ok
test pont::resolution::tests::une_adresse_nulle_vaut_une_entree_absente ... ok
test pont::table::tests::annuler_ne_vise_jamais_une_ecriture ... ok
test pont::table::tests::annuler_retire_les_N_correlations_d_une_lecture_a_fenetre ... ok
test pont::table::tests::deux_enumerations_du_meme_chemin_coexistent ... ok
test pont::table::tests::les_cinq_budgets_sont_distincts ... ok
test pont::table::tests::les_correlations_sont_monotones_et_ne_se_reutilisent_pas ... ok
test pont::table::tests::plus_ancienne_rend_la_duree_de_la_plus_vieille_commande_en_vol ... ok
test pont::table::tests::resoudre_rend_l_age_de_la_commande_et_non_zero ... ok
test pont::table::tests::sans_commande_ne_compte_que_ce_qui_ne_complete_aucun_rappel ... ok
test pont::table::tests::un_debordement_du_compteur_de_correlation_ne_reutilise_pas_une_correlation_en_vol ... ok
test pont::table::tests::une_commande_expiree_ne_reste_pas_en_table ... ok
test pont::table::tests::une_correlation_inconnue_rend_none_sans_paniquer ... ok
test pont::table::tests::une_ecriture_et_une_lecture_ne_partagent_jamais_une_correlation ... ok
test pont::table::tests::une_ecriture_expiree_est_retiree_comme_les_autres ... ok
test pont::table::tests::une_inscription_sans_commande_n_a_pas_de_command_id ... ok
test pont::table::tests::une_reponse_arrivee_apres_annulation_est_jetee ... ok
test pont::table::tests::une_reponse_arrivee_apres_expiration_est_jetee ... ok
test pont::table::tests::vider_rend_les_ecritures_avec_un_command_id_absent ... ok
test pont::table::tests::vider_rend_tout_et_laisse_la_table_vide ... ok
test plateforme::tests::un_refus_a_motif_inconnu_se_reessaie_au_lieu_de_devenir_illisible ... ok
test plateforme::tests::l_identite_est_reannoncee_a_chaque_reenrolement ... ok
test pont::transport::tests::la_fermeture_du_canal_seul_remonte_canal_ferme_et_seulement_pour_le_bon_id ... ok
test pont::transport::tests::un_canal_dont_le_label_n_est_pas_le_notre_n_est_jamais_retenu ... ok
test plateforme::tests::un_message_mis_en_file_alors_que_le_socket_est_tombe_est_perdu_sans_tuer_le_canal ... ok
test plateforme::tests::un_refus_d_enrolement_se_reessaie ... ok
test pont::transport::tests::la_fermeture_du_canal_remonte_canal_ferme ... ok
test presse_papier::tests::apres_notre_ecriture_le_tour_suivant_n_ouvre_pas_le_presse_papier ... ok
test presse_papier::tests::apres_notre_ecriture_memorise_le_texte_normalise ... ok
test presse_papier::tests::apres_notre_ecriture_un_compteur_qui_a_bouge_ne_renvoie_pas_notre_texte ... ok
test presse_papier::tests::apres_notre_ecriture_une_copie_tierce_est_quand_meme_annoncee ... ok
test presse_papier::tests::armer_a_vrai_est_le_meme_chemin_qu_apres_notre_ecriture ... ok
test presse_papier::tests::borner_entrant_accepte_exactement_la_borne_et_refuse_un_octet_de_plus ... ok
test presse_papier::tests::borner_entrant_compte_des_octets_utf8_et_non_des_char ... ok
test presse_papier::tests::denormaliser_laisse_un_texte_sans_saut_de_ligne_intact ... ok
test presse_papier::tests::denormaliser_ne_double_pas_des_crlf_deja_presents ... ok
test presse_papier::tests::denormaliser_traite_aussi_un_cr_seul ... ok
test presse_papier::tests::desarme_les_gardes_laisse_relire_et_annoncer_notre_propre_ecriture ... ok
test presse_papier::tests::l_aller_retour_normaliser_denormaliser_est_l_identite ... ok
test presse_papier::tests::la_seconde_prise_est_desarmee_par_le_bras_de_banc ... ok
test presse_papier::tests::le_bornage_compte_des_octets_pas_des_caracteres ... ok
test presse_papier::tests::le_filtre_ne_touche_pas_un_refus_de_taille ... ok
test presse_papier::tests::le_premier_tour_prend_reference_et_n_annonce_rien ... ok
test presse_papier::tests::normaliser_est_idempotente ... ok
test presse_papier::tests::normaliser_ramene_crlf_a_lf ... ok
test presse_papier::tests::normaliser_ramene_un_cr_seul_a_lf ... ok
test presse_papier::tests::on_normalise_avant_de_borner ... ok
test presse_papier::tests::sans_notre_ecriture_la_seconde_prise_ne_touche_a_rien ... ok
test presse_papier::tests::un_meme_texte_a_un_numero_different_n_est_annonce_qu_une_fois ... ok
test presse_papier::tests::un_numero_inchange_n_ouvre_pas_le_presse_papier ... ok
test presse_papier::tests::un_numero_neuf_annonce_le_texte ... ok
test presse_papier::tests::un_refus_repete_a_l_identique_n_est_annonce_qu_une_fois ... ok
test presse_papier::tests::un_texte_de_la_taille_exacte_de_la_borne_passe ... ok
test presse_papier::tests::un_texte_trop_grand_est_refuse_jamais_tronque ... ok
test presse_papier::tests::une_copie_tierce_survenue_apres_l_armement_est_toujours_annoncee ... ok
test presse_papier::tests::une_ecriture_notre_survenue_apres_l_armement_n_est_pas_annoncee ... ok
test presse_papier::tests::une_lecture_echouee_n_avance_pas_la_reference ... ok
test rebuild::tests::echec_des_deux_fabriques_produit_fatal ... ok
test rebuild::tests::echec_principal_avec_secours_reussi_produit_recovered ... ok
test rebuild::tests::la_fabrique_de_secours_n_est_jamais_appelee_si_la_principale_reussit ... ok
test rebuild::tests::reussite_de_la_fabrique_principale_produit_rebuilt ... ok
test signaling::tests::la_poignee_de_main_porte_le_jeton_d_agent ... ok
test signaling::tests::sans_jeton_la_poignee_de_main_le_dit_au_lieu_de_l_inventer ... ok
test source::tests::boucle_avec_300_images_reelles_et_horodatages_strictement_croissants ... ok
test source::tests::charge_le_flux_de_test_reel ... ok
test source::tests::expose_ses_dimensions ... ok
test source::tests::is_alive_par_defaut_vaut_toujours_vrai ... ok
test source::tests::la_premiere_image_de_chaque_boucle_est_une_image_cle ... ok
test source::tests::rejette_un_flux_sans_image ... ok
test source::tests::rejette_un_flux_sans_image_cle ... ok
test source::tests::rejoue_en_boucle_avec_des_horodatages_croissants ... ok
test source::tests::resize_par_defaut_ignore_la_demande_et_ne_change_pas_les_dimensions ... ok
test pont::transport::tests::une_trame_emise_par_le_pont_arrive_au_pair_en_binaire ... ok
test plateforme::tests::une_coupure_reelle_du_socket_fait_reprendre_le_canal ... ok
test pont::transport::tests::une_trame_du_pair_remonte_avec_sa_correlation ... ok
test spectre::tests::le_mono_moyenne_les_canaux_et_ignore_une_trame_incomplete ... ok
test spectre::tests::la_magnitude_suit_la_valeur_analytique_de_goertzel ... ok
test spectre::tests::une_grille_degeneree_ne_rend_rien_plutot_qu_un_verdict_invente ... ok
test spectre::tests::la_raie_porteuse_domine_nettement_ses_voisines ... ok
test spectre::tests::un_silence_n_a_aucune_dominante ... ok
test superviseur::enfants::tests::lancer_echoue_ne_laisse_rien_dans_la_comptabilite ... ok
test superviseur::enfants::tests::lancer_transmet_la_consigne_au_lanceur ... ok
test superviseur::enfants::tests::morts_rend_les_sessions_dont_le_processus_a_disparu ... ok
test superviseur::enfants::tests::tuer_demande_la_mise_a_mort_du_bon_processus ... ok
test superviseur::enfants::tests::tuer_une_session_inconnue_ne_fait_rien ... ok
test superviseur::enfants::tests::une_session_morte_n_est_signalee_qu_une_fois ... ok
test superviseur::enfants::tests::une_session_tuee_ne_ressort_pas_dans_les_morts ... ok
test superviseur::fenetres::tests::le_masquage_dwm_prime_sur_app_window ... ok
test superviseur::fenetres::tests::une_fenetre_invisible_est_ecartee ... ok
test superviseur::fenetres::tests::une_fenetre_masquee_par_dwm_est_ecartee ... ok
test superviseur::fenetres::tests::une_fenetre_ordinaire_merite_une_fenetre_navigateur ... ok
test superviseur::fenetres::tests::une_fenetre_possedee_est_ecartee ... ok
test superviseur::fenetres::tests::une_fenetre_sans_titre_est_ecartee ... ok
test superviseur::fenetres::tests::une_tool_window_est_ecartee ... ok
test superviseur::fenetres::tests::une_tool_window_qui_est_aussi_app_window_est_gardee ... ok
test superviseur::placement::tests::apparie_une_sortie_nee_beaucoup_plus_grande ... ok
test superviseur::placement::tests::ignore_toujours_une_sortie_non_attachee ... ok
test superviseur::placement::tests::ignore_une_sortie_deja_attribuee ... ok
test superviseur::placement::tests::ignore_une_sortie_non_attachee ... ok
test superviseur::placement::tests::n_apparie_pas_une_sortie_aux_mauvaises_dimensions ... ok
test superviseur::placement::tests::n_apparie_pas_une_sortie_trop_petite ... ok
test superviseur::placement::tests::ne_trouve_rien_quand_toutes_sont_prises ... ok
test superviseur::placement::tests::trouve_la_sortie_aux_dimensions_demandees ... ok
test superviseur::placement::tests::un_ecart_d_un_pixel_ne_declenche_pas_de_replacement ... ok
test superviseur::placement::tests::un_ecart_dans_la_tolerance_apparie_quand_meme ... ok
test superviseur::placement::tests::un_facteur_d_echelle_est_desormais_recadre_et_non_refuse ... ok
test superviseur::placement::tests::une_fenetre_a_sa_place_n_est_pas_replacee ... ok
test superviseur::placement::tests::une_fenetre_deplacee_hors_de_sa_sortie_est_replacee ... ok
test superviseur::placement::tests::une_fenetre_retaillee_par_l_application_est_replacee ... ok
test superviseur::placement::tests::une_grande_sortie_deja_prise_n_est_pas_reattribuee ... ok
test superviseur::placement::tests::une_sortie_deja_prise_est_ignoree ... ok
test superviseur::placement::tests_taille::la_taille_retenue_est_toujours_paire_et_jamais_nulle ... ok
test superviseur::placement::tests_taille::la_taille_retenue_recadre_une_sortie_trop_grande ... ok
test superviseur::placement::tests_taille::la_taille_retenue_se_borne_a_la_sortie_quand_celle_ci_est_plus_petite ... ok
test superviseur::placement::tests_taille::les_deux_axes_se_bornent_separement ... ok
test superviseur::placement::tests_taille::un_manque_de_quatre_pixels_reste_accepte ... ok
test superviseur::placement::tests_taille::un_manque_de_sept_pixels_est_refuse ... ok
test superviseur::placement::tests_taille::une_sortie_nee_trop_grande_convient_desormais ... ok
test superviseur::placement::tests_taille::une_sortie_nee_trop_petite_ne_convient_pas ... ok
test superviseur::protocole::tests::la_session_du_pont_suit_le_prefixe_comme_celle_de_controle ... ok
test superviseur::protocole::tests::les_messages_de_service_du_signaling_ne_sont_pas_des_viewports ... ok
test superviseur::protocole::tests::un_message_inconnu_de_la_shell_est_refuse_plutot_qu_ignore ... ok
test superviseur::protocole::tests::un_prefixe_pose_precede_le_nom_et_le_separe_par_deux_points ... ok
test superviseur::protocole::tests::un_prefixe_vide_restitue_exactement_le_nom_d_aujourd_hui ... ok
test superviseur::protocole::tests::un_viewport_de_la_shell_se_lit ... ok
test superviseur::protocole::tests::une_fermeture_et_un_refus_se_serialisent_comme_la_shell_les_attend ... ok
test superviseur::protocole::tests::une_ouverture_se_serialise_comme_la_shell_l_attend ... ok
test superviseur::table::tests::avec_un_prefixe_la_session_le_porte_devant_son_nom ... ok
test superviseur::table::tests::deux_fenetres_en_vol_gardent_chacune_leur_fenetre_et_leur_sortie ... ok
test pont::transport::tests::un_channeldata_venu_d_un_autre_canal_est_refuse_et_journalise ... ok
test superviseur::table::tests::la_destruction_porte_l_identifiant_pilote_et_le_nom_dxgi ... ok
test superviseur::table::tests::la_fenetre_d_une_session_est_retrouvable ... ok
test superviseur::table::tests::la_sortie_creee_declenche_le_lancement_de_l_enfant ... ok
test superviseur::table::tests::la_sortie_est_transmise_a_l_enfant_par_son_nom ... ok
test superviseur::table::tests::le_compteur_ne_recule_jamais_meme_sous_un_prefixe ... ok
test superviseur::table::tests::le_viewport_declenche_la_creation_de_la_sortie ... ok
test superviseur::table::tests::les_identifiants_de_session_sont_uniques ... ok
test superviseur::table::tests::le_vivier_plein_refuse_la_fenetre_suivante_sans_rien_casser ... ok
test superviseur::table::tests::sans_prefixe_une_session_garde_exactement_son_nom_d_aujourd_hui ... ok
test superviseur::table::tests::un_enfant_qui_meurt_seul_retient_la_sortie_et_l_annonce_sans_le_tuer ... ok
test superviseur::table::tests::un_viewport_pour_une_session_inconnue_est_ignore ... ok
test superviseur::table::tests::une_fenetre_qui_apparait_est_annoncee_et_rien_de_plus ... ok
test superviseur::table::tests::une_fenetre_qui_disparait_avant_sa_sortie_ne_demande_aucune_destruction ... ok
test superviseur::table::tests::un_second_viewport_pour_la_meme_session_est_ignore ... ok
test superviseur::table::tests::une_fenetre_qui_disparait_tue_l_enfant_detruit_la_sortie_et_l_annonce ... ok
test superviseur::table::tests::une_reannonce_ne_declenche_pas_le_refus_meme_table_pleine ... ok
test superviseur::table::tests::une_sortie_liberee_rouvre_la_place ... ok
test superviseur::table::tests_relance::un_second_enfant_mort_ne_fait_pas_fuir_la_sortie_retenue ... ok
test superviseur::table::tests_relance::une_fenetre_dont_l_enfant_meurt_est_reproposee ... ok
test superviseur::table::tests_relance::une_fenetre_neuve_dont_la_shell_ne_repond_jamais_finit_par_etre_abandonnee ... ok
test superviseur::table::tests_relance::une_fenetre_neuve_qui_repond_dans_le_delai_n_est_pas_abandonnee ... ok
test superviseur::table::tests_relance::une_fenetre_orpheline_qui_se_ferme_quitte_la_table ... ok
test superviseur::table::tests_relance::une_fenetre_qui_echoue_sans_fin_finit_par_etre_abandonnee ... ok
test superviseur::table::tests_relance::une_relance_qui_repond_a_temps_n_est_pas_abandonnee ... ok
test superviseur::table::tests_relance::une_relance_qui_stagne_sans_viewport_finit_abandonnee ... ok
test superviseur::table::tests_retention::l_abandon_apres_relances_max_rend_la_sortie ... ok
test superviseur::table::tests::une_fenetre_reannoncee_ne_cree_pas_de_seconde_entree ... ok
test superviseur::table::tests_retention::l_abandon_d_une_entree_figee_rend_la_sortie ... ok
test superviseur::table::tests_retention::la_mort_de_l_enfant_ne_rend_plus_la_sortie_au_pilote ... ok
test superviseur::table::tests_retention::l_entree_relancee_porte_encore_sa_sortie ... ok
test superviseur::table::tests_retention::la_taille_survit_a_la_mort_de_l_enfant ... ok
test superviseur::table::tests_retention::rafraichir_la_taille_met_a_jour_une_sortie_deja_retenue ... ok
test superviseur::table::tests_retention::la_table_retient_la_taille_reelle_de_la_sortie ... ok
test superviseur::table::tests_retention::rafraichir_la_taille_n_invente_rien_sans_sortie_retenue ... ok
test superviseur::table::tests_retention::sans_sortie_retenue_le_viewport_en_demande_une ... ok
test superviseur::table::tests_retention::un_viewport_rejoue_apres_reutilisation_ne_fait_rien ... ok
test superviseur::table::tests_retention::une_session_sans_sortie_n_a_pas_de_taille ... ok
test superviseur::table::tests_retention::une_sortie_retenue_a_quatre_pixels_pres_est_reutilisee ... ok
test superviseur::table::tests_retention::une_sortie_retenue_incompatible_est_rendue_puis_remplacee ... ok
test superviseur::table::tests_retention::une_sortie_retenue_plus_grande_est_reutilisee ... ok
test superviseur::table::tests_retention::une_sortie_retenue_compatible_est_reutilisee_sans_rien_creer ... ok
test survie_verdict::tests::deux_mesures_egales_rendent_true ... ok
test survie_verdict::tests::une_mesure_absente_de_chaque_cote_rend_indetermine ... ok
test survie_verdict::tests::deux_mesures_differentes_rendent_false ... ok
test pont::transport::tests::un_seul_canal_est_retenu_parmi_deux_et_c_est_celui_du_label ... ok
test transport::adaptation::tests::une_cible_deja_refusee_n_est_plus_soumise_a_la_source ... ok
test transport::adaptation::tests::une_estimation_perimee_bascule_l_adaptation_en_indisponible_et_l_annonce ... ok
test transport::adaptation::tests::un_refus_repete_de_set_encode_size_ne_remonte_pas_dans_decision_courante ... ok
test transport::collage::tests::l_ecriture_precede_l_injection_et_le_texte_part_denormalise ... ok
test transport::collage::tests::la_borne_porte_sur_la_forme_normalisee_pour_que_l_aller_retour_tienne ... ok
test transport::collage::tests::le_drapeau_se_consomme ... ok
test transport::collage::tests::sans_collage_aucune_touche_n_est_injectee ... ok
test transport::collage::tests::un_collage_injecte_exactement_les_quatre_touches_dans_l_ordre ... ok
test transport::collage::tests::un_texte_au_dessus_de_la_borne_n_est_ni_ecrit_ni_injecte ... ok
test transport::evenements::tests::l_aiguillage_nomme_ses_deux_canaux_et_refuse_les_autres ... ok
test transport::evenements::tests::memorisation::deux_collages_successifs_ne_laissent_que_le_second ... ok
test transport::collage::tests::une_ecriture_refusee_n_injecte_aucune_touche ... ok
test transport::evenements::tests::memorisation::un_message_de_collage_est_memorise_et_non_applique_sur_le_champ ... ok
test transport::evenements::tests::memorisation::un_message_de_visibilite_est_memorise_et_non_applique_sur_le_champ ... ok
test transport::controle::tests::relaie_au_pair_un_controle_pousse_depuis_l_exterieur_de_la_boucle ... ok
test transport::evenements::tests::une_piste_audio_recvonly_ne_devient_jamais_la_piste_de_sortie ... ok
test transport::evenements::tests::une_piste_audio_inactive_n_est_retenue_nulle_part ... ok
test transport::evenements::tests::une_piste_audio_sendrecv_est_une_piste_de_sortie ... ok
test transport::evenements::tests::une_trame_arrivee_avant_tout_channel_open_est_refusee ... ok
test transport::evenements::tests::une_piste_audio_sendonly_reste_la_piste_de_sortie_meme_apres_le_micro ... ok
test spectre::tests::une_tonalite_pure_est_retrouvee_a_la_resolution_de_la_grille ... ok
test transport::part::tests::une_part_dormante_ne_borne_pas_le_controleur_et_le_reveil_est_suivi ... ok
test transport::evenements::tests::relaie_une_demande_d_image_cle_du_pair_vers_la_source ... ok
test transport::piste_audio::tests::borne_l_attente_quand_l_audio_est_negocie ... ok
test transport::piste_audio::tests::la_frequence_rtp_audio_correspond_au_taux_d_echantillonnage_opus ... ok
test transport::piste_audio::tests::le_format_diese_rend_la_chaine_de_causes ... ok
test transport::part::tests::une_part_qui_remonte_ne_releve_pas_le_debit_au_dela_de_l_estimation ... ok
test spectre::tests::une_tonalite_sur_un_seul_canal_survit_au_repliement ... ok
test transport::piste_micro::tests::sans_piste_micro_negociee_l_avertissement_ne_sort_qu_une_fois ... ok
test transport::part::tests::une_part_recue_borne_le_plafond_du_controleur ... ok
test transport::piste_video::tests::cadence_normale_basee_sur_l_echeance_precedente_sans_derive ... ok
test transport::piste_video::tests::ignore_les_codecs_non_h264_meme_en_mode_1 ... ok
test transport::piste_video::tests::ignore_les_profils_sans_mode_1 ... ok
test transport::piste_micro::tests::un_micro_refusant_ne_compromet_pas_la_video ... ok
test transport::piste_video::tests::rattrapage_borne_apres_un_long_blocage ... ok
test transport::piste_video::tests::selectionne_le_mode_de_paquetisation_1 ... ok
test transport::piste_micro::tests::un_puits_qui_refuse_ne_fait_journaliser_qu_une_fois_et_ne_tue_rien ... ok
test plateforme::tests::un_refus_de_version_emis_dans_une_autre_version_n_ouvre_aucune_seconde_connexion ... ok
test transport::socket::tests::attente_bornee_par_l_echeance_d_image_la_plus_proche ... ok
test transport::socket::tests::attente_bornee_par_l_echeance_rtc_si_plus_proche ... ok
test transport::socket::tests::attente_dictee_par_rtc_seul_sans_piste_video ... ok
test transport::socket::tests::backoff_croit_avec_le_nombre_d_erreurs_consecutives ... ok
test plateforme::tests::un_refus_de_version_n_ouvre_aucune_seconde_connexion ... ok
test transport::socket::tests::backoff_reste_borne_meme_apres_une_tres_longue_rafale ... ok
test transport::socket::tests::backoff_est_non_nul_des_la_premiere_erreur ... ok
test transport::socket::tests::connection_reset_est_transitoire ... ok
test transport::piste_video::tests::la_session_ancre_l_instant_de_capture_sur_son_origine ... ok
test transport::socket::tests::erreurs_non_reconnues_sont_fatales ... ok
test transport::socket::tests::interrupted_est_transitoire ... ok
test transport::redimensionnement::tests::un_redimensionnement_recalibre_le_controleur_sur_la_taille_obtenue ... ok
test transport::piste_micro::tests::un_paquet_opus_montant_atteint_le_puits_de_la_session ... ok
test transport::tick::tests::audio::audio_vivant_n_est_annonce_qu_apres_un_paquet_reel ... ok
test transport::tick::tests::audio::injection::le_budget_epuise_laisse_la_reconstruction_reussir ... ok
test transport::sonde_montante::str0m_expose_l_opus_montant_via_media_data ... ok
test transport::tick::tests::audio::le_repit_espace_les_tentatives ... ok
test transport::tick::tests::audio::injection::une_faute_injectee_fait_refuser_la_reconstruction ... ok
test transport::tick::tests::audio::l_accesseur_public_rend_une_session_porteuse_et_sa_reconstruction_audible ... ok
test transport::tick::tests::audio::injection::un_budget_superieur_a_RECONSTRUCTIONS_MAX_mene_a_AudioMort ... ok
test transport::tick::tests::audio::sans_reconstructeur_on_signale_immediatement ... ok
test transport::tick::tests::audio::un_reconstructeur_qui_echoue_toujours_finit_par_signaler ... ok
test transport::tick::tests::audio::une_capture_audio_morte_est_signalee_une_fois_puis_de_nouveau_apres_un_rattachement ... ok
test transport::evenements::tests::une_trame_binaire_du_canal_input_atteint_on_input_et_un_canal_inconnu_est_refuse ... ok
test transport::tick::tests::audio::une_capture_morte_est_reconstruite_avant_tout_signalement ... ok
test transport::tick::tests::reste::l_accent_annonce_est_consomme_et_ne_repart_pas_au_tour_suivant ... ok
test transport::tick::tests::reste::un_accent_de_la_source_est_traduit_en_message_accent ... ok
test spectre::tests::deux_tonalites_differentes_rendent_deux_dominantes_differentes ... ok
test transport::tick::tests::reste::un_presse_papier_de_la_source_est_traduit_en_message_clipboard ... ok
test transport::tick::tests::reste::un_changement_de_sommeil_de_la_source_est_traduit_en_message_asleep ... ok
test transport::tick::tests::audio::une_reelection_reapprovisionne_le_budget_et_leve_le_verrou ... ok
test turn::allocation::tests::la_premiere_emission_est_une_allocation_nue ... ok
test turn::allocation::tests::le_rafraichissement_tombe_a_la_moitie_du_bail ... ok
test turn::allocation::tests::un_401_declenche_une_allocation_signee ... ok
test turn::allocation::tests::un_nonce_perime_est_rejoue_et_non_abandonne ... ok
test turn::allocation::tests::un_succes_rend_l_adresse_relayee_et_l_adresse_reflexive ... ok
test turn::allocation::tests::une_reponse_a_channel_bind_ne_repousse_pas_l_echeance_du_bail ... ok
test turn::canaux::tests::desencapsuler_refuse_une_trame_tronquee_ou_inconnue ... ok
test turn::canaux::tests::desencapsuler_rend_le_pair_et_la_charge_utile ... ok
test turn::canaux::tests::encapsuler_prefixe_le_numero_de_canal_et_la_longueur ... ok
test turn::canaux::tests::encapsuler_refuse_un_pair_sans_canal ... ok
test turn::canaux::tests::le_premier_octet_departage_stun_de_channel_data ... ok
test turn::canaux::tests::les_numeros_de_canal_restent_dans_la_plage_normative ... ok
test turn::canaux::tests::lier_un_canal_emet_permission_puis_channel_bind ... ok
test turn::canaux::tests::un_canal_lie_est_rafraichi_avant_l_expiration_de_la_permission ... ok
test transport::tick::tests::reste::un_refus_de_taille_est_traduit_en_message_clipboard_sans_texte ... ok
test turn::messages::tests::un_channel_bind_porte_le_numero_et_l_adresse ... ok
test turn::messages::tests::la_cle_longue_duree_est_le_md5_des_trois_champs ... ok
test turn::messages::tests::une_allocation_signee_est_relue_et_verifiee_par_is_stun ... ok
test turn::messages::tests::une_permission_porte_l_adresse_du_pair_en_xor ... ok
test wasapi_format::tests::la_description_se_lit_comme_celle_du_loopback ... ok
test wasapi_format::tests::le_format_releve_sur_la_vm_est_accepte ... ok
test wasapi_format::tests::le_mono_est_refuse_plutot_que_converti ... ok
test wasapi_format::tests::le_multicanal_est_refuse ... ok
test wasapi_format::tests::le_silence_pur_est_compte_trame_par_trame ... ok
test wasapi_format::tests::le_zero_negatif_est_du_silence ... ok
test wasapi_format::tests::un_flottant_qui_n_est_pas_32_bits_est_refuse ... ok
test wasapi_format::tests::un_format_entier_16_bits_est_refuse ... ok
test wasapi_format::tests::un_format_entier_32_bits_est_refuse_par_la_SEULE_garde_du_flottant ... ok
test transport::tick::tests::reste::une_part_en_attente_est_appliquee_par_act_on_timeout ... ok
test wasapi_format::tests::un_signal_plein_ne_compte_aucune_trame_de_silence ... ok
test turn::messages::tests::une_allocation_nue_porte_requested_transport_et_pas_d_integrite ... ok
test wasapi_format::tests::une_frequence_autre_est_refusee_EN_LA_NOMMANT ... ok
test wasapi_format::tests::une_queue_incomplete_ne_compte_pour_aucune_trame ... ok
test wasapi_format::tests::une_trame_dont_UN_SEUL_canal_parle_n_est_pas_du_silence ... ok
test wasapi_peripherique::tests::l_identifiant_est_essaye_avant_le_nom ... ok
test wasapi_peripherique::tests::l_inventaire_nomme_chaque_peripherique_avec_son_identifiant ... ok
test wasapi_peripherique::tests::la_sous_chaine_ignore_la_casse_et_les_espaces_de_bord ... ok
test wasapi_peripherique::tests::le_defaut_n_est_pas_un_repli_mais_l_echec_en_est_un ... ok
test wasapi_peripherique::tests::le_libelle_du_critere_distingue_les_trois_cas ... ok
test wasapi_peripherique::tests::le_nom_complet_est_reconnu_comme_exact_et_non_comme_partiel ... ok
test wasapi_peripherique::tests::le_nom_exact_est_essaye_avant_la_sous_chaine ... ok
test wasapi_peripherique::tests::sans_demande_on_garde_le_defaut_de_windows ... ok
test wasapi_peripherique::tests::un_nom_absent_est_introuvable_et_reporte_la_demande_rognee ... ok
test wasapi_peripherique::tests::une_demande_sur_une_liste_vide_est_introuvable ... ok
test wasapi_peripherique::tests::une_sous_chaine_ambigue_refuse_de_trancher_et_nomme_les_candidats ... ok
test wasapi_peripherique::tests::une_sous_chaine_unique_elit_les_haut_parleurs_malgre_le_defaut_windows ... ok
test wasapi_peripherique::tests_cable::deux_cables_VB_rendent_la_designation_AMBIGUE ... ok
test wasapi_peripherique::tests_cable::la_demande_du_cable_n_est_JAMAIS_None ... ok
test wasapi_peripherique::tests_cable::la_designation_integree_elit_le_cable_de_la_VM ... ok
test wasapi_peripherique::tests_cable::une_demande_explicite_prime_sur_la_designation_integree ... ok
test wasapi_peripherique::tests::l_identifiant_tranche_la_ou_le_nom_est_ambigu ... ok
test windows_source_sortie::tests::l_alignement_pair_est_reellement_exerce_par_une_entree_impaire ... ok
test windows_source_sortie::tests::la_region_part_de_l_origine_de_la_sortie ... ok
test windows_source_sortie::tests::le_bornage_ne_rend_jamais_une_dimension_nulle ... ok
test windows_source_sortie::tests::le_bornage_preserve_le_rapport_d_aspect ... ok
test windows_source_sortie::tests::les_dimensions_impaires_sont_alignees_vers_le_bas ... ok
test windows_source_sortie::tests::le_bornage_rend_des_dimensions_paires ... ok
test windows_source_sortie::tests::seul_le_mode_recadre_redimensionne_la_fenetre ... ok
test windows_source_sortie::tests::une_sortie_degeneree_ne_donne_aucune_region ... ok
test windows_source_sortie::tests::une_taille_4k_est_ramenee_au_plafond ... ok
test windows_source_sortie::tests::une_taille_sous_le_plafond_passe_telle_quelle ... ok
test windows_source_telemetrie::tests::deux_telemetries_ne_se_melangent_pas ... ok
test windows_source_telemetrie::tests::une_telemetrie_remise_a_neuf_repart_de_zero ... ok
test transport::tick::tests::reste::une_visibilite_en_attente_est_appliquee_a_la_source_puis_relachee ... ok
test transport::tick::tests::audio::une_session_non_porteuse_reconstruite_reste_muette ... ok
test transport::tick::tests::audio::une_session_porteuse_reconstruite_recoit_set_actif_true ... ok
test transport::piste_video::tests::write_frame_annonce_l_instant_de_capture_au_pair_via_le_sender_report_rtcp ... ok
test transport::tick::tests::reste::atteint_la_cadence_video_visee_avec_un_pair_local ... ok

failures:

---- pont::ecriture::fil::tests::les_dues_sont_annoncees_avant_toute_poussee_au_demarrage stdout ----

thread 'pont::ecriture::fil::tests::les_dues_sont_annoncees_avant_toute_poussee_au_demarrage' (2594654) panicked at agent/src/pont/ecriture/fil/tests.rs:242:22:
index out of bounds: the len is 0 but the index is 0

---- pont::ecriture::fil::tests::un_fichier_absent_au_redemarrage_sort_du_journal_en_le_nommant stdout ----

thread 'pont::ecriture::fil::tests::un_fichier_absent_au_redemarrage_sort_du_journal_en_le_nommant' (2594658) panicked at agent/src/pont/ecriture/fil/tests.rs:229:5:
assertion `left == right` failed: seul le disparu devait partir
  left: ["disparu.txt", "survivant.txt"]
 right: ["survivant.txt"]


failures:
    pont::ecriture::fil::tests::les_dues_sont_annoncees_avant_toute_poussee_au_demarrage
    pont::ecriture::fil::tests::un_fichier_absent_au_redemarrage_sort_du_journal_en_le_nommant

test result: FAILED. 1000 passed; 2 failed; 0 ignored; 0 measured; 0 filtered out; finished in 4.40s

error: test failed, to rerun pass `-p agent --bin agent`
ÉCHEC : cargo test --workspace

==> cargo clippy --workspace
    Checking proto v0.1.0 (/home/mallanic/Projects/Guacamole/proto)
    Checking agent v0.1.0 (/home/mallanic/Projects/Guacamole/agent)
warning: unused imports: `inscrire` and `retirer`
  --> agent/src/capteur/sommeil.rs:46:20
   |
46 | pub use registre::{inscrire, retirer};
   |                    ^^^^^^^^  ^^^^^^^
   |
   = note: `#[warn(unused_imports)]` (part of `#[warn(unused)]`) on by default

warning: variable does not need to be mutable
   --> agent/src/pont/ecriture/fil.rs:163:13
    |
163 |         let mut fil = Self {
    |             ----^^^
    |             |
    |             help: remove this `mut`
    |
    = note: `#[warn(unused_mut)]` (part of `#[warn(unused)]`) on by default

warning: constant `PERIODE_ACCENT` is never used
  --> agent/src/accent.rs:41:11
   |
41 | pub const PERIODE_ACCENT: Duration = Duration::from_secs(5);
   |           ^^^^^^^^^^^^^^
   |
   = note: `#[warn(dead_code)]` (part of `#[warn(unused)]`) on by default

warning: constant `ALPHA_MIN` is never used
  --> agent/src/accent.rs:47:7
   |
47 | const ALPHA_MIN: u8 = 128;
   |       ^^^^^^^^^

warning: constant `SATURATION_MIN` is never used
  --> agent/src/accent.rs:52:7
   |
52 | const SATURATION_MIN: u8 = 32;
   |       ^^^^^^^^^^^^^^

warning: constant `LUMA_MIN` is never used
  --> agent/src/accent.rs:57:7
   |
57 | const LUMA_MIN: u8 = 32;
   |       ^^^^^^^^

warning: constant `LUMA_MAX` is never used
  --> agent/src/accent.rs:59:7
   |
59 | const LUMA_MAX: u8 = 224;
   |       ^^^^^^^^

warning: constant `PAS` is never used
  --> agent/src/accent.rs:64:7
   |
64 | const PAS: u16 = 32;
   |       ^^^

warning: function `luma` is never used
  --> agent/src/accent.rs:67:4
   |
67 | fn luma(r: u8, g: u8, b: u8) -> u8 {
   |    ^^^^

warning: function `bgra_en_rgba` is never used
  --> agent/src/accent.rs:95:8
   |
95 | pub fn bgra_en_rgba(tampon: &mut [u8]) {
   |        ^^^^^^^^^^^^

warning: function `dominante` is never used
   --> agent/src/accent.rs:122:8
    |
122 | pub fn dominante(rgba: &[u8], largeur: u32, hauteur: u32) -> Option<[u8; 3]> {
    |        ^^^^^^^^^

warning: function `en_hexa` is never used
   --> agent/src/accent.rs:174:8
    |
174 | pub fn en_hexa(rgb: [u8; 3]) -> String {
    |        ^^^^^^^

warning: struct `SuiviAccent` is never constructed
   --> agent/src/accent.rs:198:12
    |
198 | pub struct SuiviAccent {
    |            ^^^^^^^^^^^

warning: associated items `neuf` and `observer` are never used
   --> agent/src/accent.rs:204:12
    |
202 | impl SuiviAccent {
    | ---------------- associated items in this implementation
203 |     /// Un suivi neuf n'a **rien** vu : sa première lecture réussie s'annonce.
204 |     pub fn neuf() -> Self {
    |            ^^^^
...
210 |     pub fn observer(&mut self, couleur: &str) -> Option<String> {
    |            ^^^^^^^^

warning: function `actif` is never used
   --> agent/src/accent.rs:232:8
    |
232 | pub fn actif() -> bool {
    |        ^^^^^

warning: constant `PERIODE_RECONCILIATION` is never used
  --> agent/src/apps.rs:51:11
   |
51 | pub const PERIODE_RECONCILIATION: Duration = Duration::from_secs(30);
   |           ^^^^^^^^^^^^^^^^^^^^^^

warning: function `table_de_la_machine` is never used
  --> agent/src/apps/associations.rs:44:8
   |
44 | pub fn table_de_la_machine() -> std::collections::BTreeMap<String, Vec<String>> {
   |        ^^^^^^^^^^^^^^^^^^^

warning: function `executable_de_commande` is never used
  --> agent/src/apps/associations.rs:74:8
   |
74 | pub fn executable_de_commande(commande: &str) -> Option<String> {
   |        ^^^^^^^^^^^^^^^^^^^^^^

warning: function `commande_vise` is never used
  --> agent/src/apps/associations.rs:98:8
   |
98 | pub fn commande_vise(commande: &str, cible: &str) -> bool {
   |        ^^^^^^^^^^^^^

warning: function `normaliser_extension` is never used
   --> agent/src/apps/associations.rs:111:8
    |
111 | pub fn normaliser_extension(extension: &str) -> Option<String> {
    |        ^^^^^^^^^^^^^^^^^^^^

warning: function `table` is never used
   --> agent/src/apps/associations.rs:137:8
    |
137 | pub fn table(couples: Vec<(String, String)>) -> std::collections::BTreeMap<String, Vec<String>> {
    |        ^^^^^

warning: function `pour_cible` is never used
   --> agent/src/apps/associations.rs:154:8
    |
154 | pub fn pour_cible(
    |        ^^^^^^^^^^

warning: function `ranger` is never used
   --> agent/src/apps/associations.rs:168:8
    |
168 | pub fn ranger(extensions: Vec<String>) -> Vec<String> {
    |        ^^^^^^

warning: constant `ENTETE` is never used
  --> agent/src/apps/icone/ressource.rs:42:7
   |
42 | const ENTETE: usize = 6;
   |       ^^^^^^

warning: constant `ENTREE_GRP` is never used
  --> agent/src/apps/icone/ressource.rs:44:7
   |
44 | const ENTREE_GRP: usize = 14;
   |       ^^^^^^^^^^

warning: constant `ENTREE_ICO` is never used
  --> agent/src/apps/icone/ressource.rs:46:7
   |
46 | const ENTREE_ICO: usize = 16;
   |       ^^^^^^^^^^

warning: function `largeur` is never used
  --> agent/src/apps/icone/ressource.rs:55:4
   |
55 | fn largeur(octet: u8) -> u16 {
   |    ^^^^^^^

warning: function `tailles` is never used
  --> agent/src/apps/icone/ressource.rs:68:4
   |
68 | fn tailles(octets: &[u8], pas: usize) -> Option<Vec<u16>> {
   |    ^^^^^^^

warning: function `tailles_icondir` is never used
  --> agent/src/apps/icone/ressource.rs:98:8
   |
98 | pub fn tailles_icondir(octets: &[u8]) -> Option<Vec<u16>> {
   |        ^^^^^^^^^^^^^^^

warning: function `tailles_grpicondir` is never used
   --> agent/src/apps/icone/ressource.rs:107:8
    |
107 | pub fn tailles_grpicondir(octets: &[u8]) -> Option<Vec<u16>> {
    |        ^^^^^^^^^^^^^^^^^^

warning: function `maximum` is never used
   --> agent/src/apps/icone/ressource.rs:118:8
    |
118 | pub fn maximum(tailles: &[u16]) -> SourceMax {
    |        ^^^^^^^

warning: function `empreinte` is never used
  --> agent/src/apps/icone/magasin.rs:46:8
   |
46 | pub fn empreinte(png: &[u8]) -> String {
   |        ^^^^^^^^^

warning: struct `Magasin` is never constructed
  --> agent/src/apps/icone/magasin.rs:52:12
   |
52 | pub struct Magasin {
   |            ^^^^^^^

warning: multiple associated items are never used
  --> agent/src/apps/icone/magasin.rs:57:12
   |
56 | impl Magasin {
   | ------------ associated items in this implementation
57 |     pub fn new() -> Self {
   |            ^^^
...
66 |     pub fn ajouter(&mut self, png: Vec<u8>) -> String {
   |            ^^^^^^^
...
72 |     pub fn contient(&self, empreinte: &str) -> bool {
   |            ^^^^^^^^
...
76 |     pub fn octets(&self, empreinte: &str) -> Option<&[u8]> {
   |            ^^^^^^
...
80 |     pub fn empreintes(&self) -> BTreeSet<String> {
   |            ^^^^^^^^^^
...
84 |     pub fn len(&self) -> usize {
   |            ^^^
...
88 |     pub fn is_empty(&self) -> bool {
   |            ^^^^^^^^
...
95 |     pub fn remplacer(&mut self, neuf: Magasin) {
   |            ^^^^^^^^^

warning: function `manquantes` is never used
   --> agent/src/apps/icone/magasin.rs:121:8
    |
121 | pub fn manquantes(annoncees: &[String], connues: &BTreeSet<String>) -> Vec<String> {
    |        ^^^^^^^^^^

warning: enum `Provenance` is never used
  --> agent/src/apps/icone/source.rs:18:10
   |
18 | pub enum Provenance {
   |          ^^^^^^^^^^

warning: function `couper` is never used
  --> agent/src/apps/icone/source.rs:37:4
   |
37 | fn couper(icon_location: &str) -> (&str, Option<&str>) {
   |    ^^^^^^

warning: function `provenance` is never used
  --> agent/src/apps/icone/source.rs:45:8
   |
45 | pub fn provenance(icon_location: &str, cible: &str) -> Provenance {
   |        ^^^^^^^^^^

warning: function `extension` is never used
  --> agent/src/apps/icone/source.rs:67:4
   |
67 | fn extension(chemin: &str) -> Option<String> {
   |    ^^^^^^^^^

warning: function `index` is never used
  --> agent/src/apps/icone/source.rs:81:8
   |
81 | pub fn index(icon_location: &str) -> i32 {
   |        ^^^^^

warning: constant `DELAI` is never used
  --> agent/src/apps/icone/televersement.rs:47:7
   |
47 | const DELAI: Duration = Duration::from_secs(10);
   |       ^^^^^

warning: function `honorer` is never used
  --> agent/src/apps/icone/televersement.rs:60:8
   |
60 | pub fn honorer(
   |        ^^^^^^^

warning: function `base_http` is never used
   --> agent/src/apps/icone/televersement.rs:119:4
    |
119 | fn base_http(signaling_url: &str) -> Result<String> {
    |    ^^^^^^^^^

warning: function `envoyer` is never used
   --> agent/src/apps/icone/televersement.rs:144:4
    |
144 | fn envoyer(autorite: &str, jeton: &str, empreinte: &str, octets: &[u8]) -> Result<()> {
    |    ^^^^^^^

warning: function `statut_http` is never used
   --> agent/src/apps/icone/televersement.rs:179:4
    |
179 | fn statut_http(reponse: &[u8]) -> Option<u16> {
    |    ^^^^^^^^^^^

warning: constant `PERIODE_PROGRESSION` is never used
  --> agent/src/apps/installation/cadence.rs:39:11
   |
39 | pub const PERIODE_PROGRESSION: Duration = Duration::from_secs(1);
   |           ^^^^^^^^^^^^^^^^^^^

warning: constant `PERIODE_MS` is never used
  --> agent/src/apps/installation/cadence.rs:43:7
   |
43 | const PERIODE_MS: u64 = PERIODE_PROGRESSION.as_millis() as u64;
   |       ^^^^^^^^^^

warning: function `doit_emettre` is never used
  --> agent/src/apps/installation/cadence.rs:60:8
   |
60 | pub fn doit_emettre(dernier_ms: Option<u64>, maintenant_ms: u64, derniere_de_la_phase: bool) -> bool {
   |        ^^^^^^^^^^^^

warning: constant `RACINE_RELATIVE` is never used
  --> agent/src/apps/installation/depot.rs:26:11
   |
26 | pub const RACINE_RELATIVE: &str = r"Guacamole\installeurs";
   |           ^^^^^^^^^^^^^^^

warning: constant `MARQUEUR_COMMENCE` is never used
  --> agent/src/apps/installation/depot.rs:27:11
   |
27 | pub const MARQUEUR_COMMENCE: &str = ".commence";
   |           ^^^^^^^^^^^^^^^^^

warning: constant `MARQUEUR_TERMINE` is never used
  --> agent/src/apps/installation/depot.rs:28:11
   |
28 | pub const MARQUEUR_TERMINE: &str = ".termine";
   |           ^^^^^^^^^^^^^^^^

warning: constant `EXPIRATION_INSTALLEUR_MS` is never used
  --> agent/src/apps/installation/depot.rs:40:11
   |
40 | pub const EXPIRATION_INSTALLEUR_MS: u64 = 24 * 60 * 60 * 1000;
   |           ^^^^^^^^^^^^^^^^^^^^^^^^

warning: constant `IDENTIFIANT_MAX_OCTETS` is never used
  --> agent/src/apps/installation/depot.rs:48:11
   |
48 | pub const IDENTIFIANT_MAX_OCTETS: usize = 64;
   |           ^^^^^^^^^^^^^^^^^^^^^^

warning: constant `NOM_MAX_OCTETS` is never used
  --> agent/src/apps/installation/depot.rs:49:11
   |
49 | pub const NOM_MAX_OCTETS: usize = 128;
   |           ^^^^^^^^^^^^^^

warning: constant `EXTENSIONS_RETENUES` is never used
  --> agent/src/apps/installation/depot.rs:52:7
   |
52 | const EXTENSIONS_RETENUES: &[(&str, Extension)] =
   |       ^^^^^^^^^^^^^^^^^^^

warning: constant `SCRIPTS` is never used
  --> agent/src/apps/installation/depot.rs:56:7
   |
56 | const SCRIPTS: &[&str] = &["bat", "cmd", "com", "ps1", "vbs", "js", "wsf"];
   |       ^^^^^^^

warning: constant `CARACTERES_INTERDITS` is never used
  --> agent/src/apps/installation/depot.rs:60:7
   |
60 | const CARACTERES_INTERDITS: &[char] = &['<', '>', ':', '"', '|', '?', '*'];
   |       ^^^^^^^^^^^^^^^^^^^^

warning: constant `NOMS_RESERVES` is never used
  --> agent/src/apps/installation/depot.rs:64:7
   |
64 | const NOMS_RESERVES: &[&str] = &[
   |       ^^^^^^^^^^^^^

warning: enum `RefusNom` is never used
  --> agent/src/apps/installation/depot.rs:71:10
   |
71 | pub enum RefusNom {
   |          ^^^^^^^^

warning: enum `Extension` is never used
  --> agent/src/apps/installation/depot.rs:92:10
   |
92 | pub enum Extension {
   |          ^^^^^^^^^

warning: enum `Refus` is never used
  --> agent/src/apps/installation/depot.rs:99:10
   |
99 | pub enum Refus {
   |          ^^^^^

warning: function `valider_identifiant` is never used
   --> agent/src/apps/installation/depot.rs:122:8
    |
122 | pub fn valider_identifiant(id: &str) -> Result<(), RefusNom> {
    |        ^^^^^^^^^^^^^^^^^^^

warning: function `valider_nom` is never used
   --> agent/src/apps/installation/depot.rs:140:8
    |
140 | pub fn valider_nom(nom: &str) -> Result<(), RefusNom> {
    |        ^^^^^^^^^^^

warning: function `extension_de` is never used
   --> agent/src/apps/installation/depot.rs:167:8
    |
167 | pub fn extension_de(nom: &str) -> Result<Extension, Refus> {
    |        ^^^^^^^^^^^^

warning: function `repertoire` is never used
   --> agent/src/apps/installation/depot.rs:182:8
    |
182 | pub fn repertoire(racine: &str, id: &str) -> Result<String, Refus> {
    |        ^^^^^^^^^^

warning: function `chemin` is never used
   --> agent/src/apps/installation/depot.rs:192:8
    |
192 | pub fn chemin(racine: &str, id: &str, nom: &str) -> Result<(String, Extension), Refus> {
    |        ^^^^^^

warning: enum `Etat` is never used
   --> agent/src/apps/installation/depot.rs:202:10
    |
202 | pub enum Etat {
    |          ^^^^

warning: function `etat` is never used
   --> agent/src/apps/installation/depot.rs:217:8
    |
217 | pub fn etat(commence: bool, termine: bool) -> Etat {
    |        ^^^^

warning: function `a_purger` is never used
   --> agent/src/apps/installation/depot.rs:230:8
    |
230 | pub fn a_purger(entrees: &[(String, u64)]) -> Vec<&str> {
    |        ^^^^^^^^

warning: field `ouvertes` is never read
  --> agent/src/apps/installation/fenetre.rs:42:5
   |
41 | pub struct Fenetres {
   |            -------- field in this struct
42 |     ouvertes: BTreeMap<String, usize>,
   |     ^^^^^^^^
   |
   = note: `Fenetres` has a derived impl for the trait `Debug`, but this is intentionally ignored during dead code analysis

warning: methods `ouvrir`, `ajouter`, `fermer`, and `en_vol` are never used
  --> agent/src/apps/installation/fenetre.rs:61:12
   |
45 | impl Fenetres {
   | ------------- methods in this implementation
...
61 |     pub fn ouvrir(&mut self, id: &str) {
   |            ^^^^^^
...
73 |     pub fn ajouter(&mut self, apparues: usize) {
   |            ^^^^^^^
...
89 |     pub fn fermer(&mut self, id: &str) -> Option<usize> {
   |            ^^^^^^
...
95 |     pub fn en_vol(&self) -> usize {
   |            ^^^^^^

warning: constant `JOURNAL_MAX_OCTETS` is never used
  --> agent/src/apps/installation/journal.rs:26:11
   |
26 | pub const JOURNAL_MAX_OCTETS: usize = 64 * 1024;
   |           ^^^^^^^^^^^^^^^^^^

warning: function `queue` is never used
  --> agent/src/apps/installation/journal.rs:38:8
   |
38 | pub fn queue(texte: &str) -> (&str, bool) {
   |        ^^^^^

warning: function `queue_octets` is never used
  --> agent/src/apps/installation/journal.rs:58:8
   |
58 | pub fn queue_octets(octets: &[u8]) -> (String, bool) {
   |        ^^^^^^^^^^^^

warning: fields `fenetres`, `reconcilier`, and `reconciliee` are never read
  --> agent/src/apps/installation/partage.rs:24:9
   |
21 | pub struct Partage {
   |            ------- fields in this struct
...
24 |     pub fenetres: Arc<Mutex<Fenetres>>,
   |         ^^^^^^^^
...
50 |     pub reconcilier: Arc<AtomicBool>,
   |         ^^^^^^^^^^^
51 |     /// Posé par le fil quand une réconciliation forcée a eu lieu.
52 |     pub reconciliee: Arc<AtomicBool>,
   |         ^^^^^^^^^^^
   |
   = note: `Partage` has a derived impl for the trait `Clone`, but this is intentionally ignored during dead code analysis

warning: constant `ENTETE_MAX_OCTETS` is never used
  --> agent/src/apps/installation/reponse.rs:32:11
   |
32 | pub const ENTETE_MAX_OCTETS: usize = 16 * 1024;
   |           ^^^^^^^^^^^^^^^^^

warning: constant `TRANSFERT_ACCEPTE` is never used
  --> agent/src/apps/installation/reponse.rs:35:7
   |
35 | const TRANSFERT_ACCEPTE: &str = "identity";
   |       ^^^^^^^^^^^^^^^^^

warning: constant `STATUTS_RETENUS` is never used
  --> agent/src/apps/installation/reponse.rs:42:7
   |
42 | const STATUTS_RETENUS: &[u16] = &[200, 206];
   |       ^^^^^^^^^^^^^^^

warning: enum `Refus` is never used
  --> agent/src/apps/installation/reponse.rs:49:10
   |
49 | pub enum Refus {
   |          ^^^^^

warning: struct `Entete` is never constructed
  --> agent/src/apps/installation/reponse.rs:74:12
   |
74 | pub struct Entete {
   |            ^^^^^^

warning: enum `Etat` is never used
  --> agent/src/apps/installation/reponse.rs:91:10
   |
91 | pub enum Etat {
   |          ^^^^

warning: function `analyser` is never used
  --> agent/src/apps/installation/reponse.rs:99:8
   |
99 | pub fn analyser(tampon: &[u8]) -> Result<Etat, Refus> {
   |        ^^^^^^^^

warning: function `position_du_separateur` is never used
   --> agent/src/apps/installation/reponse.rs:171:4
    |
171 | fn position_du_separateur(tampon: &[u8]) -> Option<usize> {
    |    ^^^^^^^^^^^^^^^^^^^^^^

warning: function `statut_de` is never used
   --> agent/src/apps/installation/reponse.rs:176:4
    |
176 | fn statut_de(ligne: &str) -> Result<u16, Refus> {
    |    ^^^^^^^^^

warning: constant `RETABLISSEMENTS_MAX` is never used
  --> agent/src/apps/installation/telechargement.rs:38:11
   |
38 | pub const RETABLISSEMENTS_MAX: u32 = 5;
   |           ^^^^^^^^^^^^^^^^^^^

warning: constant `TAMPON` is never used
  --> agent/src/apps/installation/telechargement.rs:41:7
   |
41 | const TAMPON: usize = 64 * 1024;
   |       ^^^^^^

warning: enum `Refus` is never used
  --> agent/src/apps/installation/telechargement.rs:47:10
   |
47 | pub enum Refus {
   |          ^^^^^

warning: struct `Demande` is never constructed
  --> agent/src/apps/installation/telechargement.rs:76:12
   |
76 | pub struct Demande<'a> {
   |            ^^^^^^^

warning: struct `Cible` is never constructed
  --> agent/src/apps/installation/telechargement.rs:93:8
   |
93 | struct Cible {
   |        ^^^^^

warning: function `decouper` is never used
   --> agent/src/apps/installation/telechargement.rs:103:4
    |
103 | fn decouper(url: &str) -> Result<Cible, Refus> {
    |    ^^^^^^^^

warning: struct `Passe` is never constructed
   --> agent/src/apps/installation/telechargement.rs:181:8
    |
181 | struct Passe {
    |        ^^^^^

warning: function `telecharger` is never used
   --> agent/src/apps/installation/telechargement.rs:199:14
    |
199 | pub async fn telecharger<F>(demande: Demande<'_>, mut progres: F) -> Result<u64, Refus>
    |              ^^^^^^^^^^^

warning: function `une_passe` is never used
   --> agent/src/apps/installation/telechargement.rs:250:10
    |
250 | async fn une_passe<F>(
    |          ^^^^^^^^^

warning: function `ouvrir` is never used
   --> agent/src/apps/installation/telechargement.rs:368:10
    |
368 | async fn ouvrir(destination: &Path, deja: u64) -> Result<tokio::fs::File, Refus> {
    |          ^^^^^^

warning: function `ecrire` is never used
   --> agent/src/apps/installation/telechargement.rs:381:10
    |
381 | async fn ecrire(
    |          ^^^^^^

warning: function `destination` is never used
   --> agent/src/apps/installation/telechargement.rs:399:8
    |
399 | pub fn destination(repertoire: &str, nom: &str) -> PathBuf {
    |        ^^^^^^^^^^^

warning: enum `Motif` is never used
  --> agent/src/apps/installation/verdict.rs:33:10
   |
33 | pub enum Motif {
   |          ^^^^^

warning: associated items `TOUS`, `mot`, and `depuis_mot` are never used
   --> agent/src/apps/installation/verdict.rs:79:15
    |
 72 | impl Motif {
    | ---------- associated items in this implementation
...
 79 |     pub const TOUS: [Self; 7] = [
    |               ^^^^
...
 98 |     pub fn mot(self) -> &'static str {
    |            ^^^
...
115 |     pub fn depuis_mot(mot: &str) -> Option<Self> {
    |            ^^^^^^^^^^

warning: enum `Issue` is never used
   --> agent/src/apps/installation/verdict.rs:136:10
    |
136 | pub enum Issue {
    |          ^^^^^

warning: associated items `vers_protocole` and `depuis` are never used
   --> agent/src/apps/installation/verdict.rs:186:12
    |
149 | impl Issue {
    | ---------- associated items in this implementation
...
186 |     pub fn vers_protocole(self) -> proto::plateforme::Issue {
    |            ^^^^^^^^^^^^^^
...
195 |     pub fn depuis(
    |            ^^^^^^

warning: struct `Brut` is never constructed
  --> agent/src/apps/raccourci.rs:20:12
   |
20 | pub struct Brut {
   |            ^^^^

warning: enum `Ecart` is never used
  --> agent/src/apps/raccourci.rs:40:10
   |
40 | pub enum Ecart {
   |          ^^^^^

warning: constant `EXTENSIONS_RETENUES` is never used
  --> agent/src/apps/raccourci.rs:63:7
   |
63 | const EXTENSIONS_RETENUES: &[&str] = &["exe"];
   |       ^^^^^^^^^^^^^^^^^^^

warning: function `extension_de` is never used
  --> agent/src/apps/raccourci.rs:67:4
   |
67 | fn extension_de(chemin: &str) -> String {
   |    ^^^^^^^^^^^^

warning: function `retenir` is never used
  --> agent/src/apps/raccourci.rs:78:8
   |
78 | pub fn retenir(brut: &Brut, existe: &dyn Fn(&str) -> bool) -> Result<(), Ecart> {
   |        ^^^^^^^

warning: function `normaliser_chemin` is never used
   --> agent/src/apps/raccourci.rs:106:8
    |
106 | pub fn normaliser_chemin(chemin: &str) -> String {
    |        ^^^^^^^^^^^^^^^^^

warning: function `cle` is never used
   --> agent/src/apps/raccourci.rs:130:8
    |
130 | pub fn cle(cible: &str, arguments: &str, repertoire: &str) -> String {
    |        ^^^

warning: function `depuis_brut` is never used
   --> agent/src/apps/raccourci.rs:146:8
    |
146 | pub fn depuis_brut(brut: Brut) -> Application {
    |        ^^^^^^^^^^^

warning: struct `Diff` is never constructed
  --> agent/src/apps/reconciliation.rs:20:12
   |
20 | pub struct Diff {
   |            ^^^^

warning: method `est_vide` is never used
  --> agent/src/apps/reconciliation.rs:32:12
   |
29 | impl Diff {
   | --------- method in this implementation
...
32 |     pub fn est_vide(&self) -> bool {
   |            ^^^^^^^^

warning: function `diff` is never used
  --> agent/src/apps/reconciliation.rs:55:8
   |
55 | pub fn diff(hier: &[Application], aujourdhui: &[Application]) -> Diff {
   |        ^^^^

warning: constant `K` is never used
  --> agent/src/apps/sha256.rs:32:7
   |
32 | const K: [u32; 64] = [
   |       ^

warning: constant `ETAT_INITIAL` is never used
  --> agent/src/apps/sha256.rs:43:7
   |
43 | const ETAT_INITIAL: [u32; 8] = [
   |       ^^^^^^^^^^^^

warning: function `comprimer` is never used
  --> agent/src/apps/sha256.rs:47:4
   |
47 | fn comprimer(etat: &mut [u32; 8], bloc: &[u8; 64]) {
   |    ^^^^^^^^^

warning: struct `Condensateur` is never constructed
  --> agent/src/apps/sha256.rs:98:12
   |
98 | pub struct Condensateur {
   |            ^^^^^^^^^^^^

warning: associated items `neuf`, `absorber`, and `terminer` are never used
   --> agent/src/apps/sha256.rs:110:12
    |
108 | impl Condensateur {
    | ----------------- associated items in this implementation
109 |     /// Un condensateur vierge, sur l'état initial de la norme.
110 |     pub fn neuf() -> Self {
    |            ^^^^
...
122 |     pub fn absorber(&mut self, mut bloc: &[u8]) {
    |            ^^^^^^^^
...
152 |     pub fn terminer(self) -> [u8; 32] {
    |            ^^^^^^^^

warning: function `condenser` is never used
   --> agent/src/apps/sha256.rs:187:8
    |
187 | pub fn condenser(message: &[u8]) -> [u8; 32] {
    |        ^^^^^^^^^

warning: function `hex_de` is never used
   --> agent/src/apps/sha256.rs:201:8
    |
201 | pub fn hex_de(condensat: [u8; 32]) -> String {
    |        ^^^^^^

warning: function `hex` is never used
   --> agent/src/apps/sha256.rs:211:8
    |
211 | pub fn hex(message: &[u8]) -> String {
    |        ^^^

warning: function `hexa` is never used
   --> agent/src/apps/sha256.rs:219:4
    |
219 | fn hexa(empreinte: [u8; 32]) -> String {
    |    ^^^^

warning: constant `TAMPON_NOTIFICATIONS` is never used
  --> agent/src/apps/surveillance.rs:72:11
   |
72 | pub const TAMPON_NOTIFICATIONS: usize = 65_536;
   |           ^^^^^^^^^^^^^^^^^^^^

warning: enum `Famille` is never used
  --> agent/src/apps/surveillance/faute.rs:27:10
   |
27 | pub enum Famille {
   |          ^^^^^^^

warning: associated items `code` and `depuis_code` are never used
  --> agent/src/apps/surveillance/faute.rs:50:8
   |
48 | impl Famille {
   | ------------ associated items in this implementation
49 |     /// Le code stocké dans l'atomique. **`0` est réservé à « aucune ».**
50 |     fn code(self) -> u8 {
   |        ^^^^
...
58 |     fn depuis_code(code: u8) -> Option<Famille> {
   |        ^^^^^^^^^^^

warning: function `lire` is never used
  --> agent/src/apps/surveillance/faute.rs:78:8
   |
78 | pub fn lire(valeur: Option<&str>) -> Option<(Famille, u32)> {
   |        ^^^^

warning: function `etat` is never used
   --> agent/src/apps/surveillance/faute.rs:115:4
    |
115 | fn etat() -> &'static (AtomicU8, AtomicU32) {
    |    ^^^^

warning: function `consommer` is never used
   --> agent/src/apps/surveillance/faute.rs:139:8
    |
139 | pub fn consommer(famille: Famille) -> bool {
    |        ^^^^^^^^^

warning: methods `surveille`, `rebond`, and `periodique` are never used
   --> agent/src/apps/surveillance/mode.rs:101:12
    |
 70 | impl Mode {
    | --------- methods in this implementation
...
101 |     pub fn surveille(&self) -> bool {
    |            ^^^^^^^^^
...
106 |     pub fn rebond(&self) -> bool {
    |            ^^^^^^
...
118 |     pub fn periodique(&self) -> bool {
    |            ^^^^^^^^^^

warning: fields `notifications`, `debordements`, and `arret` are never read
  --> agent/src/apps/surveillance/partage.rs:31:5
   |
23 | pub struct Veille {
   |            ------ fields in this struct
...
31 |     notifications: Arc<AtomicU64>,
   |     ^^^^^^^^^^^^^
...
36 |     debordements: Arc<AtomicU64>,
   |     ^^^^^^^^^^^^
...
39 |     arret: Arc<AtomicBool>,
   |     ^^^^^
   |
   = note: `Veille` has a derived impl for the trait `Clone`, but this is intentionally ignored during dead code analysis

warning: methods `notifications`, `debordements`, `signaler`, `signaler_debordement`, `arreter`, and `arretee` are never used
   --> agent/src/apps/surveillance/partage.rs:44:12
    |
 42 | impl Veille {
    | ----------- methods in this implementation
 43 |     /// Le cumul des notifications reçues depuis le démarrage du fil.
 44 |     pub fn notifications(&self) -> u64 {
    |            ^^^^^^^^^^^^^
...
 49 |     pub fn debordements(&self) -> u64 {
    |            ^^^^^^^^^^^^
...
 54 |     pub fn signaler(&self) {
    |            ^^^^^^^^
...
 71 |     pub fn signaler_debordement(&self) {
    |            ^^^^^^^^^^^^^^^^^^^^
...
 96 |     pub fn arreter(&self) {
    |            ^^^^^^^
...
101 |     pub fn arretee(&self) -> bool {
    |            ^^^^^^^

warning: constant `DELAI_ANTI_REBOND` is never used
  --> agent/src/apps/surveillance/rebond.rs:17:11
   |
17 | pub const DELAI_ANTI_REBOND: Duration = Duration::from_millis(750);
   |           ^^^^^^^^^^^^^^^^^

warning: constant `DELAI_ANTI_REBOND_MAX` is never used
  --> agent/src/apps/surveillance/rebond.rs:62:11
   |
62 | pub const DELAI_ANTI_REBOND_MAX: Duration = Duration::from_secs(4);
   |           ^^^^^^^^^^^^^^^^^^^^^

warning: struct `Rebond` is never constructed
  --> agent/src/apps/surveillance/rebond.rs:69:12
   |
69 | pub struct Rebond {
   |            ^^^^^^

warning: methods `notifier`, `echeance`, `du`, and `consommer` are never used
   --> agent/src/apps/surveillance/rebond.rs:79:12
    |
 74 | impl Rebond {
    | ----------- methods in this implementation
...
 79 |     pub fn notifier(&mut self, maintenant: Instant) {
    |            ^^^^^^^^
...
 92 |     pub fn echeance(&self) -> Option<Instant> {
    |            ^^^^^^^^
...
103 |     pub fn du(&self, maintenant: Instant) -> bool {
    |            ^^
...
114 |     pub fn consommer(&mut self) {
    |            ^^^^^^^^^

warning: constant `LECTURES_ECHOUEES_MAX` is never used
   --> agent/src/audio.rs:118:11
    |
118 | pub const LECTURES_ECHOUEES_MAX: u32 = 10;
    |           ^^^^^^^^^^^^^^^^^^^^^

warning: constant `REPRISE_LECTURE_BASE` is never used
   --> agent/src/audio.rs:126:7
    |
126 | const REPRISE_LECTURE_BASE: std::time::Duration = std::time::Duration::from_millis(5);
    |       ^^^^^^^^^^^^^^^^^^^^

warning: constant `REPRISE_LECTURE_MAX` is never used
   --> agent/src/audio.rs:127:7
    |
127 | const REPRISE_LECTURE_MAX: std::time::Duration = std::time::Duration::from_millis(200);
    |       ^^^^^^^^^^^^^^^^^^^

warning: function `temporisation_de_reprise` is never used
   --> agent/src/audio.rs:140:8
    |
140 | pub fn temporisation_de_reprise(consecutives: u32) -> std::time::Duration {
    |        ^^^^^^^^^^^^^^^^^^^^^^^^

warning: struct `PacketRing` is never constructed
   --> agent/src/audio.rs:162:12
    |
162 | pub struct PacketRing {
    |            ^^^^^^^^^^

warning: associated items `new`, `push`, `pop`, `rejetes`, and `verrou` are never used
   --> agent/src/audio.rs:169:12
    |
168 | impl PacketRing {
    | --------------- associated items in this implementation
169 |     pub fn new(capacite: usize) -> Self {
    |            ^^^
...
179 |     pub fn push(&self, packet: AudioPacket) {
    |            ^^^^
...
189 |     pub fn pop(&self) -> Option<AudioPacket> {
    |            ^^^
...
194 |     pub fn rejetes(&self) -> u64 {
    |            ^^^^^^^
...
205 |     fn verrou(&self) -> std::sync::MutexGuard<'_, VecDeque<AudioPacket>> {
    |        ^^^^^^

warning: function `injection_encore_armee` is never used
   --> agent/src/audio.rs:240:8
    |
240 | pub fn injection_encore_armee(
    |        ^^^^^^^^^^^^^^^^^^^^^^

warning: struct `FenetreAudio` is never constructed
  --> agent/src/capteur/audio.rs:18:12
   |
18 | pub struct FenetreAudio {
   |            ^^^^^^^^^^^^

warning: function `arbitrer` is never used
  --> agent/src/capteur/audio.rs:54:8
   |
54 | pub fn arbitrer(fenetres: &[FenetreAudio]) -> Vec<(String, bool)> {
   |        ^^^^^^^^

warning: function `l_emporte` is never used
  --> agent/src/capteur/audio.rs:85:4
   |
85 | fn l_emporte(candidat: &FenetreAudio, actuel: &FenetreAudio) -> bool {
   |    ^^^^^^^^^

warning: trait `Canal` is never used
  --> agent/src/capteur/distante.rs:18:11
   |
18 | pub trait Canal {
   |           ^^^^^

warning: struct `Rattachee` is never constructed
  --> agent/src/capteur/distante.rs:27:12
   |
27 | pub struct Rattachee {
   |            ^^^^^^^^^

warning: enum `Recu` is never used
  --> agent/src/capteur/distante.rs:35:10
   |
35 | pub enum Recu {
   |          ^^^^

warning: struct `SourceDistante` is never constructed
  --> agent/src/capteur/distante.rs:70:12
   |
70 | pub struct SourceDistante {
   |            ^^^^^^^^^^^^^^

warning: associated items `nouvelle` and `commander_simple` are never used
   --> agent/src/capteur/distante.rs:154:12
    |
153 | impl SourceDistante {
    | ------------------- associated items in this implementation
154 |     pub fn nouvelle(
    |            ^^^^^^^^
...
180 |     fn commander_simple(&mut self, message: VersCapteur) -> Result<()> {
    |        ^^^^^^^^^^^^^^^^

warning: function `origine_depuis_qpc` is never used
  --> agent/src/capteur/horloge.rs:21:8
   |
21 | pub fn origine_depuis_qpc(
   |        ^^^^^^^^^^^^^^^^^^

warning: function `lire_le_media` is never used
  --> agent/src/capteur/pont_media.rs:23:15
   |
23 | pub(crate) fn lire_le_media<R: Read>(mut lecteur: R, images: SyncSender<Recu>) {
   |               ^^^^^^^^^^^^^

warning: constant `WS_CAPTION_BIT` is never used
  --> agent/src/capteur/plein_ecran.rs:63:11
   |
63 | pub const WS_CAPTION_BIT: u32 = 0x00C0_0000;
   |           ^^^^^^^^^^^^^^

warning: constant `WS_THICKFRAME_BIT` is never used
  --> agent/src/capteur/plein_ecran.rs:65:11
   |
65 | pub const WS_THICKFRAME_BIT: u32 = 0x0004_0000;
   |           ^^^^^^^^^^^^^^^^^

warning: function `est_sans_bordure` is never used
  --> agent/src/capteur/plein_ecran.rs:68:8
   |
68 | pub fn est_sans_bordure(style: u32) -> bool {
   |        ^^^^^^^^^^^^^^^^

warning: struct `SuiviBordure` is never constructed
  --> agent/src/capteur/plein_ecran.rs:77:12
   |
77 | pub struct SuiviBordure {
   |            ^^^^^^^^^^^^

warning: associated items `nouveau` and `observer` are never used
  --> agent/src/capteur/plein_ecran.rs:82:12
   |
81 | impl SuiviBordure {
   | ----------------- associated items in this implementation
82 |     pub fn nouveau(style_initial: u32) -> Self {
   |            ^^^^^^^
...
87 |     pub fn observer(&mut self, style: u32) -> Option<bool> {
   |            ^^^^^^^^

warning: function `actif` is never used
   --> agent/src/capteur/plein_ecran.rs:118:8
    |
118 | pub fn actif() -> bool {
    |        ^^^^^

warning: constant `PERIODE_STYLE` is never used
   --> agent/src/capteur/plein_ecran.rs:138:11
    |
138 | pub const PERIODE_STYLE: Duration = Duration::from_millis(250);
    |           ^^^^^^^^^^^^^

warning: constant `NOM_TUBE` is never used
  --> agent/src/capteur/protocole.rs:15:11
   |
15 | pub const NOM_TUBE: &str = r"\\.\pipe\agent-capteur";
   |           ^^^^^^^^

warning: constant `TAILLE_MAX` is never used
  --> agent/src/capteur/protocole.rs:23:11
   |
23 | pub const TAILLE_MAX: usize = 8 * 1024 * 1024;
   |           ^^^^^^^^^^

warning: constant `ETIQUETTE_JSON` is never used
  --> agent/src/capteur/protocole.rs:25:11
   |
25 | pub const ETIQUETTE_JSON: u8 = 1;
   |           ^^^^^^^^^^^^^^

warning: constant `ETIQUETTE_IMAGE` is never used
  --> agent/src/capteur/protocole.rs:26:11
   |
26 | pub const ETIQUETTE_IMAGE: u8 = 2;
   |           ^^^^^^^^^^^^^^^

warning: constant `EN_TETE_IMAGE` is never used
  --> agent/src/capteur/protocole.rs:29:7
   |
29 | const EN_TETE_IMAGE: usize = 9;
   |       ^^^^^^^^^^^^^

warning: enum `VersCapteur` is never used
  --> agent/src/capteur/protocole.rs:33:10
   |
33 | pub enum VersCapteur {
   |          ^^^^^^^^^^^

warning: enum `DepuisCapteur` is never used
   --> agent/src/capteur/protocole.rs:139:10
    |
139 | pub enum DepuisCapteur {
    |          ^^^^^^^^^^^^^

warning: enum `Trame` is never used
   --> agent/src/capteur/protocole.rs:293:10
    |
293 | pub enum Trame {
    |          ^^^^^

warning: function `ecrire_trame` is never used
   --> agent/src/capteur/protocole.rs:298:4
    |
298 | fn ecrire_trame<W: Write>(sortie: &mut W, etiquette: u8, corps: &[u8]) -> io::Result<()> {
    |    ^^^^^^^^^^^^

warning: function `ecrire_json` is never used
   --> agent/src/capteur/protocole.rs:311:8
    |
311 | pub fn ecrire_json<W: Write, T: Serialize>(sortie: &mut W, message: &T) -> io::Result<()> {
    |        ^^^^^^^^^^^

warning: function `ecrire_image` is never used
   --> agent/src/capteur/protocole.rs:316:8
    |
316 | pub fn ecrire_image<W: Write>(sortie: &mut W, unite: &AccessUnit) -> io::Result<()> {
    |        ^^^^^^^^^^^^

warning: function `lire_trame` is never used
   --> agent/src/capteur/protocole.rs:324:8
    |
324 | pub fn lire_trame<R: Read>(entree: &mut R) -> io::Result<Trame> {
    |        ^^^^^^^^^^

warning: constant `FACTEUR_FOCUS` is never used
  --> agent/src/capteur/repartiteur.rs:36:11
   |
36 | pub const FACTEUR_FOCUS: u32 = 2;
   |           ^^^^^^^^^^^^^

warning: constant `PART_DORMANTE_BPS` is never used
  --> agent/src/capteur/repartiteur.rs:62:11
   |
62 | pub const PART_DORMANTE_BPS: u32 = 256_000;
   |           ^^^^^^^^^^^^^^^^^

warning: struct `Fenetre` is never constructed
  --> agent/src/capteur/repartiteur.rs:66:12
   |
66 | pub struct Fenetre {
   |            ^^^^^^^

warning: function `repartir` is never used
   --> agent/src/capteur/repartiteur.rs:104:8
    |
104 | pub fn repartir(budget_bps: u32, fenetres: &[Fenetre]) -> Vec<(String, u32)> {
    |        ^^^^^^^^

warning: constant `DUREE_FENETRE_CANAL` is never used
  --> agent/src/capteur/reprise.rs:21:11
   |
21 | pub const DUREE_FENETRE_CANAL: Duration = Duration::from_secs(15);
   |           ^^^^^^^^^^^^^^^^^^^

warning: constant `PAS_RATTACHEMENT` is never used
  --> agent/src/capteur/reprise.rs:31:11
   |
31 | pub const PAS_RATTACHEMENT: Duration = Duration::from_millis(250);
   |           ^^^^^^^^^^^^^^^^

warning: struct `FenetreCanal` is never constructed
  --> agent/src/capteur/reprise.rs:37:12
   |
37 | pub struct FenetreCanal {
   |            ^^^^^^^^^^^^

warning: associated items `nouvelle`, `rupture`, `peut_reessayer`, and `succes` are never used
  --> agent/src/capteur/reprise.rs:45:12
   |
44 | impl FenetreCanal {
   | ----------------- associated items in this implementation
45 |     pub fn nouvelle() -> Self {
   |            ^^^^^^^^
...
51 |     pub fn rupture(&mut self, maintenant: Instant) -> bool {
   |            ^^^^^^^
...
63 |     pub fn peut_reessayer(&mut self, maintenant: Instant) -> bool {
   |            ^^^^^^^^^^^^^^
...
76 |     pub fn succes(&mut self) {
   |            ^^^^^^

warning: constant `PERIODE_REARBITRAGE` is never used
  --> agent/src/capteur/sommeil.rs:65:7
   |
65 | const PERIODE_REARBITRAGE: Duration = Duration::from_millis(250);
   |       ^^^^^^^^^^^^^^^^^^^

warning: constant `REPIT_REARMEMENT_AUDIO` is never used
   --> agent/src/capteur/sommeil.rs:152:11
    |
152 | pub const REPIT_REARMEMENT_AUDIO: Duration = Duration::from_secs(5);
    |           ^^^^^^^^^^^^^^^^^^^^^^

warning: constant `REARMEMENTS_MAX` is never used
   --> agent/src/capteur/sommeil.rs:162:11
    |
162 | pub const REARMEMENTS_MAX: u32 = 5;
    |           ^^^^^^^^^^^^^^^

warning: enum `Message` is never used
   --> agent/src/capteur/sommeil.rs:185:10
    |
185 | pub enum Message {
    |          ^^^^^^^

warning: function `signaler` is never used
   --> agent/src/capteur/sommeil.rs:225:8
    |
225 | pub fn signaler(session: &str, visible: bool, focalisee: bool) {
    |        ^^^^^^^^

warning: function `echec_de_reveil` is never used
   --> agent/src/capteur/sommeil.rs:250:8
    |
250 | pub fn echec_de_reveil(session: &str) {
    |        ^^^^^^^^^^^^^^^

warning: function `ecrire_le_presse_papier` is never used
   --> agent/src/capteur/sommeil.rs:266:8
    |
266 | pub fn ecrire_le_presse_papier(texte: &str) -> anyhow::Result<()> {
    |        ^^^^^^^^^^^^^^^^^^^^^^^

warning: function `audio_mort` is never used
   --> agent/src/capteur/sommeil.rs:276:8
    |
276 | pub fn audio_mort(session: &str) {
    |        ^^^^^^^^^^

warning: function `signaler_audio_vivant` is never used
   --> agent/src/capteur/sommeil.rs:332:8
    |
332 | pub fn signaler_audio_vivant(session: &str) {
    |        ^^^^^^^^^^^^^^^^^^^^^

warning: function `purger_les_inaptitudes` is never used
   --> agent/src/capteur/sommeil.rs:342:15
    |
342 | pub(super) fn purger_les_inaptitudes(inaptes: &mut HashMap<String, Instant>, maintenant: Instant) {
    |               ^^^^^^^^^^^^^^^^^^^^^^

warning: function `retirer_est_perime` is never used
   --> agent/src/capteur/sommeil.rs:352:15
    |
352 | pub(super) fn retirer_est_perime(
    |               ^^^^^^^^^^^^^^^^^^

warning: function `raison_en_texte` is never used
   --> agent/src/capteur/sommeil.rs:364:8
    |
364 | pub fn raison_en_texte(raison: Raison) -> &'static str {
    |        ^^^^^^^^^^^^^^^

warning: function `budget_bps` is never used
  --> agent/src/capteur/sommeil/parts.rs:76:4
   |
76 | fn budget_bps() -> u32 {
   |    ^^^^^^^^^^

warning: function `distribuer_les_parts` is never used
   --> agent/src/capteur/sommeil/parts.rs:104:15
    |
104 | pub(super) fn distribuer_les_parts(garde: &mut MutexGuard<'static, Etat>) {
    |               ^^^^^^^^^^^^^^^^^^^^

warning: function `distribuer_l_audio` is never used
  --> agent/src/capteur/sommeil/porteurs.rs:28:15
   |
28 | pub(super) fn distribuer_l_audio(garde: &mut MutexGuard<'static, Etat>) {
   |               ^^^^^^^^^^^^^^^^^^

warning: function `distribuer` is never used
  --> agent/src/capteur/sommeil/presse_papier.rs:54:15
   |
54 | pub(super) fn distribuer(garde: &mut MutexGuard<'static, Etat>, annonce: Annonce) {
   |               ^^^^^^^^^^

warning: function `ecrire` is never used
   --> agent/src/capteur/sommeil/presse_papier.rs:115:15
    |
115 | pub(super) fn ecrire(texte: &str) -> Result<()> {
    |               ^^^^^^

warning: function `ecrire_avec` is never used
   --> agent/src/capteur/sommeil/presse_papier.rs:128:15
    |
128 | pub(super) fn ecrire_avec(
    |               ^^^^^^^^^^^

warning: function `armer_les_gardes` is never used
   --> agent/src/capteur/sommeil/presse_papier.rs:151:15
    |
151 | pub(super) fn armer_les_gardes(sondeur: &mut Sondeur) {
    |               ^^^^^^^^^^^^^^^^

warning: function `emettre_l_etat_courant` is never used
   --> agent/src/capteur/sommeil/presse_papier.rs:180:15
    |
180 | pub(super) fn emettre_l_etat_courant(garde: &mut MutexGuard<'static, Etat>, session: &str) {
    |               ^^^^^^^^^^^^^^^^^^^^^^

warning: function `filtrer_nos_ecritures_tardives` is never used
   --> agent/src/capteur/sommeil/presse_papier.rs:217:15
    |
217 | pub(super) fn filtrer_nos_ecritures_tardives(
    |               ^^^^^^^^^^^^^^^^^^^^^^^^^^^^^^

warning: struct `Etat` is never constructed
  --> agent/src/capteur/sommeil/registre.rs:29:19
   |
29 | pub(super) struct Etat {
   |                   ^^^^

warning: static `ETAT` is never used
   --> agent/src/capteur/sommeil/registre.rs:164:8
    |
164 | static ETAT: OnceLock<Mutex<Etat>> = OnceLock::new();
    |        ^^^^

warning: function `etat` is never used
   --> agent/src/capteur/sommeil/registre.rs:166:15
    |
166 | pub(super) fn etat() -> MutexGuard<'static, Etat> {
    |               ^^^^

warning: function `demarrer_le_tour_de_roue` is never used
   --> agent/src/capteur/sommeil/registre.rs:201:4
    |
201 | fn demarrer_le_tour_de_roue() {
    |    ^^^^^^^^^^^^^^^^^^^^^^^^

warning: function `distribuer` is never used
   --> agent/src/capteur/sommeil/registre.rs:294:15
    |
294 | pub(super) fn distribuer(garde: &mut MutexGuard<'static, Etat>, ordres: Vec<(String, Ordre)>) {
    |               ^^^^^^^^^^

warning: function `oublier` is never used
   --> agent/src/capteur/sommeil/registre.rs:334:15
    |
334 | pub(super) fn oublier(garde: &mut MutexGuard<'static, Etat>, session: &str) -> Vec<(String, Ordre)> {
    |               ^^^^^^^

warning: function `inscrire` is never used
   --> agent/src/capteur/sommeil/registre.rs:387:8
    |
387 | pub fn inscrire(session: &str, pid: u32) -> (Receiver<Message>, u64) {
    |        ^^^^^^^^

warning: function `retirer` is never used
   --> agent/src/capteur/sommeil/registre.rs:440:8
    |
440 | pub fn retirer(session: &str, generation: u64) {
    |        ^^^^^^^

warning: constant `PLAFOND_EVEIL` is never used
  --> agent/src/capteur/vivier.rs:23:11
   |
23 | pub const PLAFOND_EVEIL: usize = 8;
   |           ^^^^^^^^^^^^^

warning: constant `HYSTERESIS` is never used
  --> agent/src/capteur/vivier.rs:35:11
   |
35 | pub const HYSTERESIS: Duration = Duration::from_secs(2);
   |           ^^^^^^^^^^

warning: constant `REPIT_APRES_ECHEC` is never used
  --> agent/src/capteur/vivier.rs:43:11
   |
43 | pub const REPIT_APRES_ECHEC: Duration = Duration::from_millis(500);
   |           ^^^^^^^^^^^^^^^^^

warning: enum `Raison` is never used
  --> agent/src/capteur/vivier.rs:48:10
   |
48 | pub enum Raison {
   |          ^^^^^^

warning: enum `Ordre` is never used
  --> agent/src/capteur/vivier.rs:56:10
   |
56 | pub enum Ordre {
   |          ^^^^^

warning: struct `Entree` is never constructed
  --> agent/src/capteur/vivier.rs:61:8
   |
61 | struct Entree {
   |        ^^^^^^

warning: struct `Vivier` is never constructed
  --> agent/src/capteur/vivier.rs:77:12
   |
77 | pub struct Vivier {
   |            ^^^^^^

warning: multiple associated items are never used
   --> agent/src/capteur/vivier.rs:84:12
    |
 83 | impl Vivier {
    | ----------- associated items in this implementation
 84 |     pub fn nouveau(plafond: usize, hysteresis: Duration) -> Vivier {
    |            ^^^^^^^
...
 88 |     pub fn inscrire(&mut self, session: &str, maintenant: Instant) -> Vec<(String, Ordre)> {
    |            ^^^^^^^^
...
105 |     pub fn retirer(&mut self, session: &str, maintenant: Instant) -> Vec<(String, Ordre)> {
    |            ^^^^^^^
...
110 |     pub fn signaler(
    |            ^^^^^^^^
...
136 |     pub fn echec_de_reveil(&mut self, session: &str, maintenant: Instant) -> Vec<(String, Ordre)> {
    |            ^^^^^^^^^^^^^^^
...
153 |     pub fn rearbitrer(&mut self, maintenant: Instant) -> Vec<(String, Ordre)> {
    |            ^^^^^^^^^^
...
157 |     pub fn eveillee(&self, session: &str) -> Option<bool> {
    |            ^^^^^^^^
...
167 |     pub fn eveillees(&self) -> Vec<String> {
    |            ^^^^^^^^^
...
183 |     fn arbitrer(&mut self, maintenant: Instant) -> Vec<(String, Ordre)> {
    |        ^^^^^^^^

warning: constant `SEUIL` is never used
  --> agent/src/cursor.rs:15:11
   |
15 | pub const SEUIL: u8 = 3;
   |           ^^^^^

warning: struct `Hysteresis` is never constructed
  --> agent/src/cursor.rs:23:12
   |
23 | pub struct Hysteresis {
   |            ^^^^^^^^^^

warning: associated items `new`, `observer`, and `courant` are never used
  --> agent/src/cursor.rs:29:12
   |
28 | impl Hysteresis {
   | --------------- associated items in this implementation
29 |     pub fn new(initial: bool) -> Self {
   |            ^^^
...
33 |     pub fn observer(&mut self, observe: bool) -> Option<bool> {
   |            ^^^^^^^^
...
49 |     pub fn courant(&self) -> bool {
   |            ^^^^^^^

warning: function `point_depart_lineaire` is never used
  --> agent/src/diagnostics/entree.rs:25:4
   |
25 | fn point_depart_lineaire(
   |    ^^^^^^^^^^^^^^^^^^^^^

warning: constant `TUILE_MIN_LARGEUR` is never used
  --> agent/src/disposition.rs:11:11
   |
11 | pub const TUILE_MIN_LARGEUR: u32 = 320;
   |           ^^^^^^^^^^^^^^^^^

warning: constant `TUILE_MIN_HAUTEUR` is never used
  --> agent/src/disposition.rs:12:11
   |
12 | pub const TUILE_MIN_HAUTEUR: u32 = 240;
   |           ^^^^^^^^^^^^^^^^^

warning: function `tuiles` is never used
  --> agent/src/disposition.rs:20:8
   |
20 | pub fn tuiles(bureau: Rect, n: u32) -> Option<Vec<Rect>> {
   |        ^^^^^^

warning: constant `MAX_BACKLOG_FRAMES` is never used
  --> agent/src/frames.rs:23:7
   |
23 | const MAX_BACKLOG_FRAMES: usize = 3;
   |       ^^^^^^^^^^^^^^^^^^

warning: struct `Frame` is never constructed
  --> agent/src/frames.rs:27:12
   |
27 | pub struct Frame {
   |            ^^^^^

warning: struct `FrameAssembler` is never constructed
  --> agent/src/frames.rs:37:12
   |
37 | pub struct FrameAssembler {
   |            ^^^^^^^^^^^^^^

warning: multiple associated items are never used
   --> agent/src/frames.rs:48:12
    |
 47 | impl FrameAssembler {
    | ------------------- associated items in this implementation
 48 |     pub fn new(origin: Instant) -> Self {
    |            ^^^
...
 63 |     pub fn push(&mut self, pcm: &[i16]) {
    |            ^^^^
...
 79 |     pub fn drain_due(&mut self, maintenant: Instant) -> Vec<Frame> {
    |            ^^^^^^^^^
...
115 |     pub fn reancrer(&mut self) {
    |            ^^^^^^^^
...
120 |     pub fn complements(&self) -> u64 {
    |            ^^^^^^^^^^^
...
125 |     pub fn echantillons_jetes(&self) -> u64 {
    |            ^^^^^^^^^^^^^^^^^^
...
136 |     fn former_trame(&mut self, pts_par_canal: u64) -> Frame {
    |        ^^^^^^^^^^^^
...
151 |     fn echantillons_ecoules(origin: Instant, maintenant: Instant) -> u64 {
    |        ^^^^^^^^^^^^^^^^^^^^
...
159 |     fn duree_de(echantillons: u64) -> Duration {
    |        ^^^^^^^^

warning: constant `PERIODE_MIN` is never used
  --> agent/src/gamepad.rs:24:11
   |
24 | pub const PERIODE_MIN: Duration = Duration::from_millis(20);
   |           ^^^^^^^^^^^

warning: function `plus_recent` is never used
  --> agent/src/gamepad.rs:30:8
   |
30 | pub fn plus_recent(nouveau: u16, courant: u16) -> bool {
   |        ^^^^^^^^^^^

warning: struct `LimiteurVibration` is never constructed
  --> agent/src/gamepad.rs:40:12
   |
40 | pub struct LimiteurVibration {
   |            ^^^^^^^^^^^^^^^^^

warning: associated items `new`, `observer`, `echu`, and `emettre` are never used
  --> agent/src/gamepad.rs:53:12
   |
52 | impl LimiteurVibration {
   | ---------------------- associated items in this implementation
53 |     pub fn new() -> Self {
   |            ^^^
...
61 |     pub fn observer(&mut self, maintenant: Instant, etat: (u8, u8)) -> Option<(u8, u8)> {
   |            ^^^^^^^^
...
76 |     pub fn echu(&mut self, maintenant: Instant) -> Option<(u8, u8)> {
   |            ^^^^
...
91 |     fn emettre(&mut self, maintenant: Instant, etat: (u8, u8)) -> Option<(u8, u8)> {
   |        ^^^^^^^

warning: struct `Rect` is never constructed
 --> agent/src/geometry.rs:5:12
  |
5 | pub struct Rect {
  |            ^^^^

warning: function `crop_region` is never used
  --> agent/src/geometry.rs:28:8
   |
28 | pub fn crop_region(window: Rect, desktop_width: u32, desktop_height: u32) -> Option<Rect> {
   |        ^^^^^^^^^^^

warning: function `to_virtual_desktop` is never used
  --> agent/src/geometry.rs:78:8
   |
78 | pub fn to_virtual_desktop(x: u16, y: u16, window: Rect, desktop: Rect) -> (i32, i32) {
   |        ^^^^^^^^^^^^^^^^^^

warning: function `clamp_normalized` is never used
  --> agent/src/geometry.rs:96:4
   |
96 | fn clamp_normalized(value: f64) -> i32 {
   |    ^^^^^^^^^^^^^^^^

warning: function `to_virtual_desktop_visible` is never used
   --> agent/src/geometry.rs:114:8
    |
114 | pub fn to_virtual_desktop_visible(
    |        ^^^^^^^^^^^^^^^^^^^^^^^^^^

warning: function `borner_au_bureau` is never used
   --> agent/src/geometry.rs:134:8
    |
134 | pub fn borner_au_bureau(
    |        ^^^^^^^^^^^^^^^^

warning: function `rects_overlap` is never used
   --> agent/src/geometry.rs:158:8
    |
158 | pub fn rects_overlap(a: Rect, b: Rect) -> bool {
    |        ^^^^^^^^^^^^^

warning: constant `MIRES_MAX` is never used
  --> agent/src/mire.rs:11:11
   |
11 | pub const MIRES_MAX: u8 = 8;
   |           ^^^^^^^^^

warning: constant `BASE_IDENTITE` is never used
  --> agent/src/mire.rs:15:7
   |
15 | const BASE_IDENTITE: u8 = 16;
   |       ^^^^^^^^^^^^^

warning: constant `PAS_IDENTITE` is never used
  --> agent/src/mire.rs:19:7
   |
19 | const PAS_IDENTITE: u8 = 24;
   |       ^^^^^^^^^^^^

warning: constant `BLEU_MIRE` is never used
  --> agent/src/mire.rs:21:7
   |
21 | const BLEU_MIRE: u8 = 96;
   |       ^^^^^^^^^

warning: constant `VERT_PAIR` is never used
  --> agent/src/mire.rs:24:7
   |
24 | const VERT_PAIR: u8 = 32;
   |       ^^^^^^^^^

warning: constant `VERT_IMPAIR` is never used
  --> agent/src/mire.rs:25:7
   |
25 | const VERT_IMPAIR: u8 = 224;
   |       ^^^^^^^^^^^

warning: constant `TOLERANCE` is never used
  --> agent/src/mire.rs:27:7
   |
27 | const TOLERANCE: i16 = 4;
   |       ^^^^^^^^^

warning: constant `SEUIL_NOIR` is never used
  --> agent/src/mire.rs:29:7
   |
29 | const SEUIL_NOIR: u8 = 12;
   |       ^^^^^^^^^^

warning: enum `Verdict` is never used
  --> agent/src/mire.rs:33:10
   |
33 | pub enum Verdict {
   |          ^^^^^^^

warning: function `couleur_mire` is never used
  --> agent/src/mire.rs:45:8
   |
45 | pub fn couleur_mire(id: u8, trame: u64) -> (u8, u8, u8) {
   |        ^^^^^^^^^^^^

warning: function `proche` is never used
  --> agent/src/mire.rs:52:4
   |
52 | fn proche(valeur: u8, attendu: u8) -> bool {
   |    ^^^^^^

warning: function `identifier` is never used
  --> agent/src/mire.rs:57:8
   |
57 | pub fn identifier(pixel: (u8, u8, u8)) -> Option<u8> {
   |        ^^^^^^^^^^

warning: function `verdict` is never used
  --> agent/src/mire.rs:80:8
   |
80 | pub fn verdict(attendu: u8, pixel: (u8, u8, u8)) -> Verdict {
   |        ^^^^^^^

warning: function `voie_controlee` is never used
   --> agent/src/mire.rs:105:8
    |
105 | pub fn voie_controlee(tour: u64, nombre: usize) -> Option<usize> {
    |        ^^^^^^^^^^^^^^

warning: type alias `IdSortie` is never used
  --> agent/src/moniteurs_virtuels.rs:44:10
   |
44 | pub type IdSortie = u32;
   |          ^^^^^^^^

warning: trait `PiloteAffichageVirtuel` is never used
  --> agent/src/moniteurs_virtuels.rs:52:11
   |
52 | pub trait PiloteAffichageVirtuel {
   |           ^^^^^^^^^^^^^^^^^^^^^^

warning: struct `Sorties` is never constructed
  --> agent/src/moniteurs_virtuels.rs:61:12
   |
61 | pub struct Sorties<'p> {
   |            ^^^^^^^

warning: associated items `nouvelles`, `creer`, `nombre`, and `detruire` are never used
  --> agent/src/moniteurs_virtuels.rs:67:12
   |
66 | impl<'p> Sorties<'p> {
   | -------------------- associated items in this implementation
67 |     pub fn nouvelles(pilote: &'p dyn PiloteAffichageVirtuel) -> Self {
   |            ^^^^^^^^^
...
74 |     pub fn creer(&mut self, largeur: u32, hauteur: u32, hertz: u32) -> Result<IdSortie> {
   |            ^^^^^
...
80 |     pub fn nombre(&self) -> usize {
   |            ^^^^^^
...
97 |     pub fn detruire(&mut self, id: IdSortie) -> Result<()> {
   |            ^^^^^^^^

warning: function `facteur_echelle` is never used
   --> agent/src/moniteurs_virtuels.rs:136:8
    |
136 | pub fn facteur_echelle(annonce: (u32, u32), texture: (u32, u32)) -> Option<(f64, f64)> {
    |        ^^^^^^^^^^^^^^^

warning: function `vers_texture` is never used
   --> agent/src/moniteurs_virtuels.rs:152:8
    |
152 | pub fn vers_texture(region: Rect, sortie: Rect, facteur: (f64, f64)) -> Rect {
    |        ^^^^^^^^^^^^

warning: function `places_texture_par_sortie` is never used
   --> agent/src/moniteurs_virtuels.rs:176:8
    |
176 | pub fn places_texture_par_sortie(
    |        ^^^^^^^^^^^^^^^^^^^^^^^^^

warning: constant `PLAFOND_NUMEROS` is never used
  --> agent/src/moniteurs_virtuels/numeros.rs:41:11
   |
41 | pub const PLAFOND_NUMEROS: u16 = 16;
   |           ^^^^^^^^^^^^^^^

warning: struct `Numeros` is never constructed
  --> agent/src/moniteurs_virtuels/numeros.rs:45:12
   |
45 | pub struct Numeros {
   |            ^^^^^^^

warning: methods `attribuer`, `rendre`, and `en_vol` are never used
  --> agent/src/moniteurs_virtuels/numeros.rs:58:12
   |
53 | impl Numeros {
   | ------------ methods in this implementation
...
58 |     pub fn attribuer(&mut self) -> Result<u16> {
   |            ^^^^^^^^^
...
82 |     pub fn rendre(&mut self, numero: u16) {
   |            ^^^^^^
...
90 |     pub fn en_vol(&self) -> usize {
   |            ^^^^^^

warning: trait `Verrou` is never used
  --> agent/src/micro/exclusivite.rs:14:11
   |
14 | pub trait Verrou {
   |           ^^^^^^

warning: enum `Issue` is never used
  --> agent/src/micro/exclusivite.rs:29:10
   |
29 | pub enum Issue {
   |          ^^^^^

warning: struct `Exclusivite` is never constructed
  --> agent/src/micro/exclusivite.rs:44:12
   |
44 | pub struct Exclusivite<V: Verrou> {
   |            ^^^^^^^^^^^

warning: associated items `new`, `arbitrer`, and `tenue` are never used
  --> agent/src/micro/exclusivite.rs:51:12
   |
50 | impl<V: Verrou> Exclusivite<V> {
   | ------------------------------ associated items in this implementation
51 |     pub fn new(verrou: V) -> Self {
   |            ^^^
...
67 |     pub fn arbitrer(&mut self) -> Issue {
   |            ^^^^^^^^
...
87 |     pub fn tenue(&self) -> bool {
   |            ^^^^^

warning: enum `Boucle` is never used
  --> agent/src/micro/boucle_locale.rs:33:10
   |
33 | pub enum Boucle {
   |          ^^^^^^

warning: function `evaluer` is never used
  --> agent/src/micro/boucle_locale.rs:49:8
   |
49 | pub fn evaluer(capte: Option<&str>, cable: &str) -> Boucle {
   |        ^^^^^^^

warning: function `identifiant_capte` is never used
  --> agent/src/micro/boucle_locale.rs:91:8
   |
91 | pub fn identifiant_capte(
   |        ^^^^^^^^^^^^^^^^^

warning: method `consecutif` is never used
   --> agent/src/micro/dissimulation.rs:163:12
    |
134 | impl BudgetDissimulation {
    | ------------------------ method in this implementation
...
163 |     pub fn consecutif(&self) -> Duration {
    |            ^^^^^^^^^^

warning: constant `FRAME_MS` is never used
  --> agent/src/opus.rs:28:11
   |
28 | pub const FRAME_MS: u64 = 10;
   |           ^^^^^^^^

warning: constant `FRAME_SAMPLES` is never used
  --> agent/src/opus.rs:31:11
   |
31 | pub const FRAME_SAMPLES: usize = (SAMPLE_RATE_HZ as u64 * FRAME_MS / 1000) as usize;
   |           ^^^^^^^^^^^^^

warning: constant `FRAME_INTERLEAVED` is never used
  --> agent/src/opus.rs:35:11
   |
35 | pub const FRAME_INTERLEAVED: usize = FRAME_SAMPLES * CHANNELS;
   |           ^^^^^^^^^^^^^^^^^

warning: constant `MAX_PACKET_BYTES` is never used
  --> agent/src/opus.rs:47:7
   |
47 | const MAX_PACKET_BYTES: usize = 4_000;
   |       ^^^^^^^^^^^^^^^^

warning: struct `OpusEncoder` is never constructed
  --> agent/src/opus.rs:60:12
   |
60 | pub struct OpusEncoder {
   |            ^^^^^^^^^^^

warning: associated items `new`, `set_packet_loss_perc`, and `encode` are never used
   --> agent/src/opus.rs:65:12
    |
 64 | impl OpusEncoder {
    | ---------------- associated items in this implementation
 65 |     pub fn new() -> Result<Self> {
    |            ^^^
...
 92 |     pub fn set_packet_loss_perc(&mut self, perc: i32) -> Result<()> {
    |            ^^^^^^^^^^^^^^^^^^^^
...
104 |     pub fn encode(&mut self, pcm: &[i16]) -> Result<Vec<u8>> {
    |            ^^^^^^

warning: constant `PERIODE_PRESSE_PAPIER` is never used
  --> agent/src/presse_papier.rs:69:11
   |
69 | pub const PERIODE_PRESSE_PAPIER: Duration = Duration::from_millis(250);
   |           ^^^^^^^^^^^^^^^^^^^^^

warning: enum `Annonce` is never used
  --> agent/src/presse_papier.rs:73:10
   |
73 | pub enum Annonce {
   |          ^^^^^^^

warning: function `actif` is never used
  --> agent/src/presse_papier.rs:90:8
   |
90 | pub fn actif() -> bool {
   |        ^^^^^

warning: function `gardes_armes` is never used
   --> agent/src/presse_papier.rs:134:15
    |
134 | pub(super) fn gardes_armes() -> bool {
    |               ^^^^^^^^^^^^

warning: function `ecrire_la_plateforme` is never used
   --> agent/src/presse_papier.rs:253:8
    |
253 | pub fn ecrire_la_plateforme(_texte: &str) -> anyhow::Result<u32> {
    |        ^^^^^^^^^^^^^^^^^^^^

warning: struct `Sondeur` is never constructed
  --> agent/src/presse_papier/sondeur.rs:31:12
   |
31 | pub struct Sondeur {
   |            ^^^^^^^

warning: multiple associated items are never used
   --> agent/src/presse_papier/sondeur.rs:58:12
    |
 57 | impl Sondeur {
    | ------------ associated items in this implementation
 58 |     pub fn nouveau() -> Self {
    |            ^^^^^^^
...
 75 |     pub fn observer(
    |            ^^^^^^^^
...
158 |     pub fn apres_notre_ecriture(&mut self, seq: u32, texte: &str) {
    |            ^^^^^^^^^^^^^^^^^^^^
...
169 |     pub fn armer(&mut self, armes: bool, seq: u32, texte: &str) {
    |            ^^^^^
...
220 |     pub fn ecarter_notre_ecriture(
    |            ^^^^^^^^^^^^^^^^^^^^^^
...
239 |     pub fn ecarter(
    |            ^^^^^^^
...
261 |     pub fn tour(&mut self) -> Option<Annonce> {
    |            ^^^^
...
288 |     fn lire_la_plateforme(&mut self) -> Option<Annonce> {
    |        ^^^^^^^^^^^^^^^^^^

warning: fields `emission`, `ordres`, `installations`, and `signaling_url` are never read
   --> agent/src/plateforme.rs:124:5
    |
104 | pub struct Canal {
    |            ----- fields in this struct
...
124 |     emission: mpsc::Sender<VersLaPlateforme>,
    |     ^^^^^^^^
...
128 |     ordres: Option<mpsc::UnboundedReceiver<Ordre>>,
    |     ^^^^^^
...
133 |     installations: Option<mpsc::UnboundedReceiver<Installation>>,
    |     ^^^^^^^^^^^^^
...
140 |     signaling_url: String,
    |     ^^^^^^^^^^^^^

warning: struct `Emetteur` is never constructed
   --> agent/src/plateforme.rs:145:12
    |
145 | pub struct Emetteur {
    |            ^^^^^^^^

warning: method `emettre` is never used
   --> agent/src/plateforme.rs:164:12
    |
149 | impl Emetteur {
    | ------------- method in this implementation
...
164 |     pub fn emettre(&self, message: VersLaPlateforme) {
    |            ^^^^^^^

warning: methods `ordres`, `installations`, `url_signaling`, and `emetteur` are never used
   --> agent/src/plateforme.rs:264:12
    |
245 | impl Canal {
    | ---------- methods in this implementation
...
264 |     pub fn ordres(&mut self) -> Option<mpsc::UnboundedReceiver<Ordre>> {
    |            ^^^^^^
...
276 |     pub fn installations(&mut self) -> Option<mpsc::UnboundedReceiver<Installation>> {
    |            ^^^^^^^^^^^^^
...
282 |     pub fn url_signaling(&self) -> &str {
    |            ^^^^^^^^^^^^^
...
291 |     pub fn emetteur(&self) -> Emetteur {
    |            ^^^^^^^^

warning: enum `Decision` is never used
  --> agent/src/pont/bonjour.rs:35:10
   |
35 | pub enum Decision {
   |          ^^^^^^^^

warning: function `decider` is never used
  --> agent/src/pont/bonjour.rs:60:8
   |
60 | pub fn decider(memorise: Option<&str>, annonce: &str, forcer: bool) -> Decision {
   |        ^^^^^^^

warning: function `a_memoriser` is never used
  --> agent/src/pont/bonjour.rs:76:8
   |
76 | pub fn a_memoriser(decision: Decision, annonce: &str) -> Option<&str> {
   |        ^^^^^^^^^^^

warning: constant `TTL_ENUMERATION` is never used
  --> agent/src/pont/cache.rs:65:11
   |
65 | pub const TTL_ENUMERATION: Duration = Duration::from_secs(30);
   |           ^^^^^^^^^^^^^^^

warning: struct `Memoire` is never constructed
  --> agent/src/pont/cache.rs:68:8
   |
68 | struct Memoire {
   |        ^^^^^^^

warning: struct `CacheEnumeration` is never constructed
  --> agent/src/pont/cache.rs:75:12
   |
75 | pub struct CacheEnumeration {
   |            ^^^^^^^^^^^^^^^^

warning: associated items `nouveau`, `lire`, `poser`, `invalider`, `vider`, and `taille` are never used
   --> agent/src/pont/cache.rs:80:12
    |
 79 | impl CacheEnumeration {
    | --------------------- associated items in this implementation
 80 |     pub fn nouveau() -> Self {
    |            ^^^^^^^
...
 89 |     pub fn lire(&mut self, chemin: &str, maintenant: Instant) -> Option<&[Entree]> {
    |            ^^^^
...
102 |     pub fn poser(&mut self, chemin: String, entrees: Vec<Entree>, maintenant: Instant) {
    |            ^^^^^
...
120 |     pub fn invalider(&mut self, chemin: &str) {
    |            ^^^^^^^^^
...
125 |     pub fn vider(&mut self) {
    |            ^^^^^
...
130 |     pub fn taille(&self) -> usize {
    |            ^^^^^^

warning: function `parent_de` is never used
   --> agent/src/pont/cache.rs:141:4
    |
141 | fn parent_de(chemin: &str) -> &str {
    |    ^^^^^^^^^

warning: enum `CheminRefuse` is never used
  --> agent/src/pont/chemins.rs:66:10
   |
66 | pub enum CheminRefuse {
   |          ^^^^^^^^^^^^

warning: constant `NOMS_RESERVES` is never used
  --> agent/src/pont/chemins.rs:86:7
   |
86 | const NOMS_RESERVES: &[&str] = &[
   |       ^^^^^^^^^^^^^

warning: function `normaliser_utf16` is never used
  --> agent/src/pont/chemins.rs:96:8
   |
96 | pub fn normaliser_utf16(unites: &[u16]) -> Result<String, CheminRefuse> {
   |        ^^^^^^^^^^^^^^^^

warning: function `normaliser` is never used
   --> agent/src/pont/chemins.rs:108:8
    |
108 | pub fn normaliser(brut: &str) -> Result<String, CheminRefuse> {
    |        ^^^^^^^^^^

warning: function `est_reserve` is never used
   --> agent/src/pont/chemins.rs:152:4
    |
152 | fn est_reserve(composant: &str) -> bool {
    |    ^^^^^^^^^^^

warning: function `avec_dernier_composant` is never used
   --> agent/src/pont/chemins.rs:182:8
    |
182 | pub fn avec_dernier_composant(chemin_projfs: &str, nom: &str) -> Option<String> {
    |        ^^^^^^^^^^^^^^^^^^^^^^

warning: function `nom` is never used
  --> agent/src/pont/compteurs.rs:50:8
   |
50 | pub fn nom(e: Erreur) -> &'static str {
   |        ^^^

warning: struct `Compteurs` is never constructed
  --> agent/src/pont/compteurs.rs:74:12
   |
74 | pub struct Compteurs {
   |            ^^^^^^^^^

warning: associated items `nouveaux`, `rendre`, `compte`, `total`, `manquants`, and `recensement` are never used
   --> agent/src/pont/compteurs.rs:79:12
    |
 78 | impl Compteurs {
    | -------------- associated items in this implementation
 79 |     pub fn nouveaux() -> Self {
    |            ^^^^^^^^
...
 94 |     pub fn rendre(&self, cause: Erreur) -> i32 {
    |            ^^^^^^
...
100 |     pub fn compte(&self, cause: Erreur) -> u64 {
    |            ^^^^^^
...
104 |     pub fn total(&self) -> u64 {
    |            ^^^^^
...
114 |     pub fn manquants(&self) -> Vec<Erreur> {
    |            ^^^^^^^^^
...
125 |     pub fn recensement(&self) -> String {
    |            ^^^^^^^^^^^

warning: function `rang` is never used
   --> agent/src/pont/compteurs.rs:142:4
    |
142 | fn rang(e: Erreur) -> usize {
    |    ^^^^

warning: struct `Morceau` is never constructed
  --> agent/src/pont/decoupe.rs:26:12
   |
26 | pub struct Morceau {
   |            ^^^^^^^

warning: function `decouper` is never used
  --> agent/src/pont/decoupe.rs:43:8
   |
43 | pub fn decouper(position: u64, longueur: u64, max: usize) -> Vec<Morceau> {
   |        ^^^^^^^^

warning: enum `Evenement` is never used
  --> agent/src/pont/ecriture.rs:47:10
   |
47 | pub enum Evenement {
   |          ^^^^^^^^^

warning: methods `chemin`, `est_repertoire`, and `est_mutation` are never used
  --> agent/src/pont/ecriture.rs:69:12
   |
62 | impl Evenement {
   | -------------- methods in this implementation
...
69 |     pub fn chemin(&self) -> &str {
   |            ^^^^^^
...
85 |     pub fn est_repertoire(&self) -> bool {
   |            ^^^^^^^^^^^^^^
...
95 |     pub fn est_mutation(&self) -> bool {
   |            ^^^^^^^^^^^^

warning: struct `File` is never constructed
   --> agent/src/pont/ecriture.rs:105:12
    |
105 | pub struct File {
    |            ^^^^

warning: multiple associated items are never used
   --> agent/src/pont/ecriture.rs:117:12
    |
116 | impl File {
    | --------- associated items in this implementation
117 |     pub fn nouvelle() -> Self {
    |            ^^^^^^^^
...
133 |     pub fn signaler(&mut self, evenement: Evenement) -> Option<Evenement> {
    |            ^^^^^^^^
...
170 |     pub fn terminee(&mut self, chemin: &str) -> Option<Evenement> {
    |            ^^^^^^^^
...
184 |     pub fn en_vol(&self) -> Option<&str> {
    |            ^^^^^^
...
190 |     pub fn attend(&self, chemin: &str) -> bool {
    |            ^^^^^^
...
201 |     pub fn oublier(&mut self, chemin: &str) {
    |            ^^^^^^^
...
208 |     pub fn en_attente(&self) -> usize {
    |            ^^^^^^^^^^
...
219 |     pub fn chemins_dus(&self) -> Vec<String> {
    |            ^^^^^^^^^^^
...
227 |     fn demarrer(&mut self) -> Option<Evenement> {
    |        ^^^^^^^^

warning: function `fusionner` is never used
   --> agent/src/pont/ecriture.rs:247:4
    |
247 | fn fusionner(ancien: Option<Evenement>, neuf: Evenement) -> Evenement {
    |    ^^^^^^^^^

warning: constant `CORRELATION_ANNONCE` is never used
  --> agent/src/pont/ecriture/fil.rs:79:7
   |
79 | const CORRELATION_ANNONCE: u32 = u32::MAX;
   |       ^^^^^^^^^^^^^^^^^^^

warning: constant `TAILLE_ECRITURE_SIGNALEE` is never used
  --> agent/src/pont/ecriture/fil.rs:93:11
   |
93 | pub const TAILLE_ECRITURE_SIGNALEE: u64 = 64 * 1024 * 1024;
   |           ^^^^^^^^^^^^^^^^^^^^^^^^

warning: function `tourner` is never used
   --> agent/src/pont/ecriture/fil.rs:100:8
    |
100 | pub fn tourner(config: Config, ordres: Receiver<Ordre>) {
    |        ^^^^^^^

warning: struct `EnCours` is never constructed
   --> agent/src/pont/ecriture/fil.rs:114:19
    |
114 | pub(super) struct EnCours {
    |                   ^^^^^^^

warning: struct `Fil` is never constructed
   --> agent/src/pont/ecriture/fil.rs:123:19
    |
123 | pub(super) struct Fil {
    |                   ^^^

warning: multiple associated items are never used
   --> agent/src/pont/ecriture/fil.rs:148:8
    |
147 | impl Fil {
    | -------- associated items in this implementation
148 |     fn demarrer(config: Config) -> Self {
    |        ^^^^^^^^
...
189 |     fn traiter(&mut self, ordre: Ordre) {
    |        ^^^^^^^
...
236 |     pub(super) fn commencer(&mut self, evenement: Evenement) {
    |                   ^^^^^^^^^
...
289 |     fn pousser_creation(&mut self, chemin: &str, repertoire: bool) {
    |        ^^^^^^^^^^^^^^^^
...
309 |     fn pousser_morceau(&mut self, premier: bool) {
    |        ^^^^^^^^^^^^^^^
...
344 |     fn acquitte(&mut self, correlation: u32) {
    |        ^^^^^^^^
...
372 |     fn refuse(&mut self, correlation: u32, code: CodeEchec) {
    |        ^^^^^^
...
401 |     fn terminer(&mut self, chemin: &str, acquittee: bool) {
    |        ^^^^^^^^
...
413 |     pub(super) fn annoncer_les_dues(&self) {
    |                   ^^^^^^^^^^^^^^^^^
...
425 |     pub(super) fn emettre(&self, type_message: u8, correlation: u32, entete: &str, charge: &[u8]) {
    |                   ^^^^^^^
...
437 |     fn inscrire(&self, quoi: Attendue) -> u32 {
    |        ^^^^^^^^
...
451 |     pub(super) fn ecrire_journal(&mut self, ligne: &str) {
    |                   ^^^^^^^^^^^^^^

warning: function `local` is never used
  --> agent/src/pont/ecriture/fil/disque.rs:36:15
   |
36 | pub(super) fn local(racine: &Path, chemin: &str) -> PathBuf {
   |               ^^^^^

warning: function `taille_de` is never used
  --> agent/src/pont/ecriture/fil/disque.rs:47:15
   |
47 | pub(super) fn taille_de(racine: &Path, chemin: &str) -> u64 {
   |               ^^^^^^^^^

warning: function `lire` is never used
  --> agent/src/pont/ecriture/fil/disque.rs:54:15
   |
54 | pub(super) fn lire(racine: &Path, chemin: &str, morceau: Morceau) -> std::io::Result<Vec<u8>> {
   |               ^^^^

warning: function `ajouter` is never used
  --> agent/src/pont/ecriture/fil/disque.rs:80:15
   |
80 | pub(super) fn ajouter(chemin_journal: &Path, ligne: &str) -> std::io::Result<()> {
   |               ^^^^^^^

warning: function `compacter_si_possible` is never used
  --> agent/src/pont/ecriture/fil/disque.rs:93:15
   |
93 | pub(super) fn compacter_si_possible(chemin_journal: &Path, journal: &Journal) {
   |               ^^^^^^^^^^^^^^^^^^^^^

warning: methods `mutation`, `commencer_mutation`, `terminer_mutation`, and `inscrire_mutation` are never used
   --> agent/src/pont/ecriture/fil/mutations.rs:47:19
    |
 41 | impl Fil {
    | -------- methods in this implementation
...
 47 |     pub(super) fn mutation(&mut self, evenement: Evenement) {
    |                   ^^^^^^^^
...
 75 |     pub(super) fn commencer_mutation(&mut self, quoi: Mutation) {
    |                   ^^^^^^^^^^^^^^^^^^
...
147 |     pub(super) fn terminer_mutation(&mut self, acquittee: bool) {
    |                   ^^^^^^^^^^^^^^^^^
...
155 |     pub(super) fn inscrire_mutation(&self, quoi: Attendue) -> u32 {
    |                   ^^^^^^^^^^^^^^^^^

warning: methods `bonjour`, `chemin_du_nom`, `lire_le_nom_memorise`, `ecrire_le_nom_memorise`, and `reprendre` are never used
   --> agent/src/pont/ecriture/fil/reprise.rs:32:19
    |
 24 | impl Fil {
    | -------- methods in this implementation
...
 32 |     pub(super) fn bonjour(&mut self, racine: &str, forcer: bool) {
    |                   ^^^^^^^
...
 75 |     fn chemin_du_nom(&self) -> std::path::PathBuf {
    |        ^^^^^^^^^^^^^
...
 79 |     fn lire_le_nom_memorise(&self) -> Option<String> {
    |        ^^^^^^^^^^^^^^^^^^^^
...
 93 |     fn ecrire_le_nom_memorise(&self, nom: &str) {
    |        ^^^^^^^^^^^^^^^^^^^^^^
...
103 |     pub(super) fn reprendre(&mut self) {
    |                   ^^^^^^^^^

warning: enum `Ordre` is never used
  --> agent/src/pont/ecriture/fil/contrat.rs:43:10
   |
43 | pub enum Ordre {
   |          ^^^^^

warning: struct `Config` is never constructed
  --> agent/src/pont/ecriture/fil/contrat.rs:77:12
   |
77 | pub struct Config {
   |            ^^^^^^

warning: function `filetime_depuis_ms` is never used
  --> agent/src/pont/entetes.rs:52:8
   |
52 | pub fn filetime_depuis_ms(ms: i64) -> i64 {
   |        ^^^^^^^^^^^^^^^^^^

warning: struct `Entree` is never constructed
  --> agent/src/pont/enumeration.rs:42:12
   |
42 | pub struct Entree {
   |            ^^^^^^

warning: function `preparer` is never used
  --> agent/src/pont/enumeration.rs:59:8
   |
59 | pub fn preparer(
   |        ^^^^^^^^

warning: struct `Session` is never constructed
  --> agent/src/pont/enumeration.rs:86:12
   |
86 | pub struct Session {
   |            ^^^^^^^

warning: associated items `nouvelle`, `chargee`, `poser`, `redemarrer`, `prochaine`, and `avancer` are never used
   --> agent/src/pont/enumeration.rs:92:12
    |
 91 | impl Session {
    | ------------ associated items in this implementation
 92 |     pub fn nouvelle() -> Self {
    |            ^^^^^^^^
...
101 |     pub fn chargee(&self) -> bool {
    |            ^^^^^^^
...
110 |     pub fn poser(&mut self, entrees: Vec<Entree>) {
    |            ^^^^^
...
122 |     pub fn redemarrer(&mut self) {
    |            ^^^^^^^^^^
...
127 |     pub fn prochaine(&self) -> Option<&Entree> {
    |            ^^^^^^^^^
...
134 |     pub fn avancer(&mut self) {
    |            ^^^^^^^

warning: constant `FACILITE_WIN32` is never used
  --> agent/src/pont/erreurs.rs:20:7
   |
20 | const FACILITE_WIN32: u32 = 0x8007_0000;
   |       ^^^^^^^^^^^^^^

warning: constant `ERROR_FILE_NOT_FOUND` is never used
  --> agent/src/pont/erreurs.rs:24:7
   |
24 | const ERROR_FILE_NOT_FOUND: u32 = 2; // Foundation/mod.rs:2355
   |       ^^^^^^^^^^^^^^^^^^^^

warning: constant `ERROR_PATH_NOT_FOUND` is never used
  --> agent/src/pont/erreurs.rs:25:7
   |
25 | const ERROR_PATH_NOT_FOUND: u32 = 3; // Foundation/mod.rs:3689
   |       ^^^^^^^^^^^^^^^^^^^^

warning: constant `ERROR_ACCESS_DENIED` is never used
  --> agent/src/pont/erreurs.rs:26:7
   |
26 | const ERROR_ACCESS_DENIED: u32 = 5; // Foundation/mod.rs:1143
   |       ^^^^^^^^^^^^^^^^^^^

warning: constant `ERROR_WRITE_PROTECT` is never used
  --> agent/src/pont/erreurs.rs:27:7
   |
27 | const ERROR_WRITE_PROTECT: u32 = 19; // Foundation/mod.rs:4657
   |       ^^^^^^^^^^^^^^^^^^^

warning: constant `ERROR_GEN_FAILURE` is never used
  --> agent/src/pont/erreurs.rs:28:7
   |
28 | const ERROR_GEN_FAILURE: u32 = 31; // Foundation/mod.rs:2435
   |       ^^^^^^^^^^^^^^^^^

warning: constant `ERROR_NOT_SUPPORTED` is never used
  --> agent/src/pont/erreurs.rs:29:7
   |
29 | const ERROR_NOT_SUPPORTED: u32 = 50; // Foundation/mod.rs:3498
   |       ^^^^^^^^^^^^^^^^^^^

warning: constant `ERROR_FILE_EXISTS` is never used
  --> agent/src/pont/erreurs.rs:30:7
   |
30 | const ERROR_FILE_EXISTS: u32 = 80; // Foundation/mod.rs:2347
   |       ^^^^^^^^^^^^^^^^^

warning: constant `ERROR_DISK_FULL` is never used
  --> agent/src/pont/erreurs.rs:31:7
   |
31 | const ERROR_DISK_FULL: u32 = 112; // Foundation/mod.rs:1781
   |       ^^^^^^^^^^^^^^^

warning: constant `ERROR_SEM_TIMEOUT` is never used
  --> agent/src/pont/erreurs.rs:32:7
   |
32 | const ERROR_SEM_TIMEOUT: u32 = 121; // Foundation/mod.rs:3943
   |       ^^^^^^^^^^^^^^^^^

warning: constant `ERROR_DIR_NOT_EMPTY` is never used
  --> agent/src/pont/erreurs.rs:33:7
   |
33 | const ERROR_DIR_NOT_EMPTY: u32 = 145; // Foundation/mod.rs:1776
   |       ^^^^^^^^^^^^^^^^^^^

warning: constant `ERROR_OPERATION_ABORTED` is never used
  --> agent/src/pont/erreurs.rs:34:7
   |
34 | const ERROR_OPERATION_ABORTED: u32 = 995; // Foundation/mod.rs:3632
   |       ^^^^^^^^^^^^^^^^^^^^^^^

warning: constant `ERROR_IO_DEVICE` is never used
  --> agent/src/pont/erreurs.rs:35:7
   |
35 | const ERROR_IO_DEVICE: u32 = 1117; // Foundation/mod.rs:3003
   |       ^^^^^^^^^^^^^^^

warning: constant `ERROR_IO_PENDING` is never used
  --> agent/src/pont/erreurs.rs:36:7
   |
36 | const ERROR_IO_PENDING: u32 = 997; // Foundation/mod.rs:3005
   |       ^^^^^^^^^^^^^^^^

warning: constant `EN_COURS` is never used
  --> agent/src/pont/erreurs.rs:52:11
   |
52 | pub const EN_COURS: i32 = (FACILITE_WIN32 | ERROR_IO_PENDING) as i32;
   |           ^^^^^^^^

warning: enum `Erreur` is never used
  --> agent/src/pont/erreurs.rs:60:10
   |
60 | pub enum Erreur {
   |          ^^^^^^

warning: constant `NOMBRE` is never used
   --> agent/src/pont/erreurs.rs:141:11
    |
141 | pub const NOMBRE: usize = 12;
    |           ^^^^^^

warning: associated constant `TOUTES` is never used
   --> agent/src/pont/erreurs.rs:145:15
    |
143 | impl Erreur {
    | ----------- associated constant in this implementation
144 |     /// Toutes les variantes. Le balayage exhaustif des tests s'appuie dessus.
145 |     pub const TOUTES: [Erreur; NOMBRE] = [
    |               ^^^^^^

warning: function `index` is never used
   --> agent/src/pont/erreurs.rs:163:10
    |
163 | const fn index(e: Erreur) -> usize {
    |          ^^^^^

warning: function `hresult` is never used
   --> agent/src/pont/erreurs.rs:185:8
    |
185 | pub fn hresult(e: Erreur) -> i32 {
    |        ^^^^^^^

warning: constant `TAILLE_JOURNAL_COMPACTAGE` is never used
  --> agent/src/pont/journal.rs:61:11
   |
61 | pub const TAILLE_JOURNAL_COMPACTAGE: u64 = 256 * 1024;
   |           ^^^^^^^^^^^^^^^^^^^^^^^^^

warning: struct `Journal` is never constructed
  --> agent/src/pont/journal.rs:71:12
   |
71 | pub struct Journal {
   |            ^^^^^^^

warning: multiple associated items are never used
   --> agent/src/pont/journal.rs:76:12
    |
 75 | impl Journal {
    | ------------ associated items in this implementation
 76 |     pub fn nouveau() -> Self {
    |            ^^^^^^^
...
 88 |     pub fn relire(contenu: &str) -> (Self, usize) {
    |            ^^^^^^
...
111 |     pub fn inscrire(&mut self, chemin: &str, octets: u64) -> String {
    |            ^^^^^^^^
...
121 |     pub fn retirer(&mut self, chemin: &str) -> String {
    |            ^^^^^^^
...
127 |     pub fn dues(&self) -> &[(String, u64)] {
    |            ^^^^
...
131 |     pub fn compte(&self) -> usize {
    |            ^^^^^^
...
135 |     pub fn est_vide(&self) -> bool {
    |            ^^^^^^^^
...
144 |     pub fn compactable(&self, taille_fichier: u64) -> bool {
    |            ^^^^^^^^^^^
...
148 |     fn poser(&mut self, chemin: &str, octets: u64) {
    |        ^^^^^
...
155 |     fn oter(&mut self, chemin: &str) {
    |        ^^^^

warning: enum `Entree` is never used
   --> agent/src/pont/journal.rs:163:6
    |
163 | enum Entree {
    |      ^^^^^^

warning: function `encoder` is never used
   --> agent/src/pont/journal.rs:168:4
    |
168 | fn encoder(chemin: &str) -> String {
    |    ^^^^^^^

warning: function `decoder` is never used
   --> agent/src/pont/journal.rs:172:4
    |
172 | fn decoder(brut: &str) -> Option<String> {
    |    ^^^^^^^

warning: function `analyser` is never used
   --> agent/src/pont/journal.rs:176:4
    |
176 | fn analyser(ligne: &str) -> Option<Entree> {
    |    ^^^^^^^^

warning: enum `Famille` is never used
  --> agent/src/pont/latence.rs:52:10
   |
52 | pub enum Famille {
   |          ^^^^^^^

warning: constant `NOMBRE` is never used
  --> agent/src/pont/latence.rs:63:11
   |
63 | pub const NOMBRE: usize = 5;
   |           ^^^^^^

warning: associated items `TOUTES` and `de` are never used
  --> agent/src/pont/latence.rs:66:15
   |
65 | impl Famille {
   | ------------ associated items in this implementation
66 |     pub const TOUTES: [Famille; NOMBRE] =
   |               ^^^^^^
...
71 |     pub fn de(attendue: &Attendue) -> Famille {
   |            ^^

warning: function `nom` is never used
  --> agent/src/pont/latence.rs:89:8
   |
89 | pub fn nom(f: Famille) -> &'static str {
   |        ^^^

warning: constant `SEAUX_MS` is never used
   --> agent/src/pont/latence.rs:106:11
    |
106 | pub const SEAUX_MS: [u64; 12] = [1, 2, 5, 10, 20, 50, 100, 200, 500, 1_000, 2_000, 5_000];
    |           ^^^^^^^^

warning: constant `SEAUX` is never used
   --> agent/src/pont/latence.rs:109:11
    |
109 | pub const SEAUX: usize = SEAUX_MS.len() + 1;
    |           ^^^^^

warning: function `seau_de` is never used
   --> agent/src/pont/latence.rs:116:4
    |
116 | fn seau_de(duree: Duration) -> usize {
    |    ^^^^^^^

warning: struct `Histogramme` is never constructed
   --> agent/src/pont/latence.rs:123:12
    |
123 | pub struct Histogramme {
    |            ^^^^^^^^^^^

warning: multiple associated items are never used
   --> agent/src/pont/latence.rs:131:12
    |
130 | impl Histogramme {
    | ---------------- associated items in this implementation
131 |     pub fn nouveau() -> Self {
    |            ^^^^^^^
...
143 |     pub fn observer(&self, famille: Famille, duree: Duration) {
    |            ^^^^^^^^
...
152 |     pub fn compte(&self, f: Famille) -> u64 {
    |            ^^^^^^
...
156 |     pub fn max_us(&self, f: Famille) -> u64 {
    |            ^^^^^^
...
162 |     pub fn moyenne_us(&self, f: Famille) -> u64 {
    |            ^^^^^^^^^^
...
170 |     pub fn seau(&self, f: Famille, rang_seau: usize) -> u64 {
    |            ^^^^
...
190 |     pub fn recensement(&self) -> String {
    |            ^^^^^^^^^^^

warning: function `rang` is never used
   --> agent/src/pont/latence.rs:218:4
    |
218 | fn rang(f: Famille) -> usize {
    |    ^^^^

warning: constant `MORCEAUX_EN_VOL` is never used
  --> agent/src/pont/lecture.rs:76:11
   |
76 | pub const MORCEAUX_EN_VOL: usize = 4;
   |           ^^^^^^^^^^^^^^^

warning: struct `HorsOrdre` is never constructed
  --> agent/src/pont/lecture.rs:80:12
   |
80 | pub struct HorsOrdre {
   |            ^^^^^^^^^

warning: struct `Fenetre` is never constructed
  --> agent/src/pont/lecture.rs:89:12
   |
89 | pub struct Fenetre {
   |            ^^^^^^^

warning: associated items `nouvelle`, `a_demander`, `recu`, `en_vol_max`, `en_vol`, and `terminee` are never used
   --> agent/src/pont/lecture.rs:101:12
    |
100 | impl Fenetre {
    | ------------ associated items in this implementation
101 |     pub fn nouvelle(restants: VecDeque<Morceau>) -> Self {
    |            ^^^^^^^^
...
111 |     pub fn a_demander(&mut self) -> Vec<Morceau> {
    |            ^^^^^^^^^^
...
133 |     pub fn recu(&mut self, position: u64) -> Result<(), HorsOrdre> {
    |            ^^^^
...
143 |     pub fn en_vol_max(&self) -> usize {
    |            ^^^^^^^^^^
...
148 |     pub fn en_vol(&self) -> usize {
    |            ^^^^^^
...
153 |     pub fn terminee(&self) -> bool {
    |            ^^^^^^^^

warning: enum `Mutation` is never used
  --> agent/src/pont/mutation.rs:45:10
   |
45 | pub enum Mutation {
   |          ^^^^^^^^

warning: methods `source` and `repertoire` are never used
  --> agent/src/pont/mutation.rs:56:12
   |
53 | impl Mutation {
   | ------------- methods in this implementation
...
56 |     pub fn source(&self) -> &str {
   |            ^^^^^^
...
70 |     pub fn repertoire(&self) -> bool {
   |            ^^^^^^^^^^

warning: enum `Ordonnancement` is never used
  --> agent/src/pont/mutation.rs:81:10
   |
81 | pub enum Ordonnancement {
   |          ^^^^^^^^^^^^^^

warning: function `ordonnancer` is never used
   --> agent/src/pont/mutation.rs:111:8
    |
111 | pub fn ordonnancer(dues: &[String], quoi: &Mutation) -> Ordonnancement {
    |        ^^^^^^^^^^^

warning: function `concerne` is never used
   --> agent/src/pont/mutation.rs:141:4
    |
141 | fn concerne(due: &str, cible: &str, repertoire: bool) -> bool {
    |    ^^^^^^^^

warning: struct `FileMutations` is never constructed
   --> agent/src/pont/mutation.rs:172:12
    |
172 | pub struct FileMutations {
    |            ^^^^^^^^^^^^^

warning: multiple associated items are never used
   --> agent/src/pont/mutation.rs:178:12
    |
177 | impl FileMutations {
    | ------------------ associated items in this implementation
178 |     pub fn nouvelle() -> Self {
    |            ^^^^^^^^
...
185 |     pub fn signaler(&mut self, quoi: Mutation) -> Option<Mutation> {
    |            ^^^^^^^^
...
195 |     pub fn terminee(&mut self) -> Option<Mutation> {
    |            ^^^^^^^^
...
206 |     pub fn differer(&mut self) {
    |            ^^^^^^^^
...
212 |     pub fn en_vol(&self) -> Option<&Mutation> {
    |            ^^^^^^
...
216 |     pub fn en_attente(&self) -> usize {
    |            ^^^^^^^^^^
...
220 |     fn demarrer(&mut self) -> Option<Mutation> {
    |        ^^^^^^^^

warning: constant `PRE_CONVERT_TO_FULL` is never used
  --> agent/src/pont/notifications.rs:69:11
   |
69 | pub const PRE_CONVERT_TO_FULL: i32 = 4096; // mod.rs:340
   |           ^^^^^^^^^^^^^^^^^^^

warning: constant `PRE_RENAME` is never used
  --> agent/src/pont/notifications.rs:70:11
   |
70 | pub const PRE_RENAME: i32 = 32; // mod.rs:378
   |           ^^^^^^^^^^

warning: constant `PRE_DELETE` is never used
  --> agent/src/pont/notifications.rs:71:11
   |
71 | pub const PRE_DELETE: i32 = 16; // mod.rs:377
   |           ^^^^^^^^^^

warning: constant `PRE_SET_HARDLINK` is never used
  --> agent/src/pont/notifications.rs:72:11
   |
72 | pub const PRE_SET_HARDLINK: i32 = 64; // mod.rs:379
   |           ^^^^^^^^^^^^^^^^

warning: constant `HARDLINK_CREATED` is never used
  --> agent/src/pont/notifications.rs:73:11
   |
73 | pub const HARDLINK_CREATED: i32 = 256; // mod.rs:342
   |           ^^^^^^^^^^^^^^^^

warning: constant `NEW_FILE_CREATED` is never used
  --> agent/src/pont/notifications.rs:74:11
   |
74 | pub const NEW_FILE_CREATED: i32 = 4; // mod.rs:349
   |           ^^^^^^^^^^^^^^^^

warning: constant `FILE_OVERWRITTEN` is never used
  --> agent/src/pont/notifications.rs:75:11
   |
75 | pub const FILE_OVERWRITTEN: i32 = 8; // mod.rs:339
   |           ^^^^^^^^^^^^^^^^

warning: constant `FILE_HANDLE_CLOSED_FILE_MODIFIED` is never used
  --> agent/src/pont/notifications.rs:76:11
   |
76 | pub const FILE_HANDLE_CLOSED_FILE_MODIFIED: i32 = 1024; // mod.rs:336
   |           ^^^^^^^^^^^^^^^^^^^^^^^^^^^^^^^^

warning: constant `FILE_RENAMED` is never used
  --> agent/src/pont/notifications.rs:83:11
   |
83 | pub const FILE_RENAMED: i32 = 128; // mod.rs:341
   |           ^^^^^^^^^^^^

warning: constant `FILE_HANDLE_CLOSED_FILE_DELETED` is never used
  --> agent/src/pont/notifications.rs:84:11
   |
84 | pub const FILE_HANDLE_CLOSED_FILE_DELETED: i32 = 2048; // mod.rs:335
   |           ^^^^^^^^^^^^^^^^^^^^^^^^^^^^^^^

warning: constant `NOTIFY_FILE_PRE_CONVERT_TO_FULL` is never used
  --> agent/src/pont/notifications.rs:87:11
   |
87 | pub const NOTIFY_FILE_PRE_CONVERT_TO_FULL: u32 = 4096; // mod.rs:385
   |           ^^^^^^^^^^^^^^^^^^^^^^^^^^^^^^^

warning: constant `NOTIFY_PRE_RENAME` is never used
  --> agent/src/pont/notifications.rs:88:11
   |
88 | pub const NOTIFY_PRE_RENAME: u32 = 32; // mod.rs:391
   |           ^^^^^^^^^^^^^^^^^

warning: constant `NOTIFY_PRE_DELETE` is never used
  --> agent/src/pont/notifications.rs:89:11
   |
89 | pub const NOTIFY_PRE_DELETE: u32 = 16; // mod.rs:390
   |           ^^^^^^^^^^^^^^^^^

warning: constant `NOTIFY_PRE_SET_HARDLINK` is never used
  --> agent/src/pont/notifications.rs:90:11
   |
90 | pub const NOTIFY_PRE_SET_HARDLINK: u32 = 64; // mod.rs:392
   |           ^^^^^^^^^^^^^^^^^^^^^^^

warning: constant `NOTIFY_NEW_FILE_CREATED` is never used
  --> agent/src/pont/notifications.rs:91:11
   |
91 | pub const NOTIFY_NEW_FILE_CREATED: u32 = 4; // mod.rs:388
   |           ^^^^^^^^^^^^^^^^^^^^^^^

warning: constant `NOTIFY_FILE_OVERWRITTEN` is never used
  --> agent/src/pont/notifications.rs:92:11
   |
92 | pub const NOTIFY_FILE_OVERWRITTEN: u32 = 8; // mod.rs:384
   |           ^^^^^^^^^^^^^^^^^^^^^^^

warning: constant `NOTIFY_FILE_HANDLE_CLOSED_FILE_MODIFIED` is never used
  --> agent/src/pont/notifications.rs:93:11
   |
93 | pub const NOTIFY_FILE_HANDLE_CLOSED_FILE_MODIFIED: u32 = 1024; // mod.rs:381
   |           ^^^^^^^^^^^^^^^^^^^^^^^^^^^^^^^^^^^^^^^

warning: constant `NOTIFY_FILE_RENAMED` is never used
  --> agent/src/pont/notifications.rs:94:11
   |
94 | pub const NOTIFY_FILE_RENAMED: u32 = 128; // mod.rs:386
   |           ^^^^^^^^^^^^^^^^^^^

warning: constant `NOTIFY_FILE_HANDLE_CLOSED_FILE_DELETED` is never used
  --> agent/src/pont/notifications.rs:95:11
   |
95 | pub const NOTIFY_FILE_HANDLE_CLOSED_FILE_DELETED: u32 = 2048; // mod.rs:380
   |           ^^^^^^^^^^^^^^^^^^^^^^^^^^^^^^^^^^^^^^

warning: constant `MASQUE` is never used
   --> agent/src/pont/notifications.rs:136:11
    |
136 | pub const MASQUE: u32 = NOTIFY_FILE_PRE_CONVERT_TO_FULL
    |           ^^^^^^

warning: enum `Poussee` is never used
   --> agent/src/pont/notifications.rs:148:10
    |
148 | pub enum Poussee {
    |          ^^^^^^^

warning: struct `Etat` is never constructed
   --> agent/src/pont/notifications.rs:180:12
    |
180 | pub struct Etat {
    |            ^^^^

warning: enum `Cible` is never used
   --> agent/src/pont/notifications.rs:214:10
    |
214 | pub enum Cible {
    |          ^^^^^

warning: enum `Reponse` is never used
   --> agent/src/pont/notifications.rs:226:10
    |
226 | pub enum Reponse {
    |          ^^^^^^^

warning: function `decider` is never used
   --> agent/src/pont/notifications.rs:263:8
    |
263 | pub fn decider(code: i32, etat: Etat, cible: Cible) -> Reponse {
    |        ^^^^^^^

warning: constant `NOMBRE` is never used
  --> agent/src/pont/resolution.rs:27:11
   |
27 | pub const NOMBRE: usize = 13;
   |           ^^^^^^

warning: constant `NOMS` is never used
  --> agent/src/pont/resolution.rs:37:11
   |
37 | pub const NOMS: [&str; NOMBRE] = [
   |           ^^^^

warning: struct `Adresses` is never constructed
  --> agent/src/pont/resolution.rs:68:12
   |
68 | pub struct Adresses {
   |            ^^^^^^^^

warning: struct `EntreeManquante` is never constructed
  --> agent/src/pont/resolution.rs:91:12
   |
91 | pub struct EntreeManquante {
   |            ^^^^^^^^^^^^^^^

warning: function `resoudre` is never used
   --> agent/src/pont/resolution.rs:115:8
    |
115 | pub fn resoudre(
    |        ^^^^^^^^

warning: constant `DELAI_ATTRIBUTS` is never used
  --> agent/src/pont/table.rs:50:11
   |
50 | pub const DELAI_ATTRIBUTS: Duration = Duration::from_secs(2);
   |           ^^^^^^^^^^^^^^^

warning: constant `DELAI_LIRE` is never used
  --> agent/src/pont/table.rs:51:11
   |
51 | pub const DELAI_LIRE: Duration = Duration::from_secs(5);
   |           ^^^^^^^^^^

warning: constant `DELAI_LISTER` is never used
  --> agent/src/pont/table.rs:52:11
   |
52 | pub const DELAI_LISTER: Duration = Duration::from_secs(20);
   |           ^^^^^^^^^^^^

warning: constant `DELAI_ECRIRE` is never used
  --> agent/src/pont/table.rs:68:11
   |
68 | pub const DELAI_ECRIRE: Duration = Duration::from_secs(30);
   |           ^^^^^^^^^^^^

warning: constant `DELAI_MUTATION` is never used
  --> agent/src/pont/table.rs:92:11
   |
92 | pub const DELAI_MUTATION: Duration = Duration::from_secs(15);
   |           ^^^^^^^^^^^^^^

warning: enum `Attendue` is never used
  --> agent/src/pont/table.rs:97:10
   |
97 | pub enum Attendue {
   |          ^^^^^^^^

warning: struct `EnVol` is never constructed
   --> agent/src/pont/table.rs:163:8
    |
163 | struct EnVol {
    |        ^^^^^

warning: struct `Table` is never constructed
   --> agent/src/pont/table.rs:188:12
    |
188 | pub struct Table {
    |            ^^^^^

warning: multiple associated items are never used
   --> agent/src/pont/table.rs:196:12
    |
195 | impl Table {
    | ---------- associated items in this implementation
196 |     pub fn nouvelle() -> Self {
    |            ^^^^^^^^
...
212 |     pub fn inscrire(&mut self, command_id: i32, quoi: Attendue, echeance: Instant) -> u32 {
    |            ^^^^^^^^
...
226 |     pub fn inscrire_sans_commande(&mut self, quoi: Attendue, echeance: Instant) -> u32 {
    |            ^^^^^^^^^^^^^^^^^^^^^^
...
230 |     fn inscrire_interne(
    |        ^^^^^^^^^^^^^^^^
...
255 |     fn corrélation_libre(&mut self) -> u32 {
    |        ^^^^^^^^^^^^^^^^^
...
283 |     pub fn resoudre(
    |            ^^^^^^^^
...
312 |     pub fn annuler(&mut self, command_id: i32) -> Vec<u32> {
    |            ^^^^^^^
...
331 |     pub fn expirees(&mut self, maintenant: Instant) -> Vec<(Option<i32>, u32)> {
    |            ^^^^^^^^
...
347 |     pub fn vider(&mut self) -> Vec<(Option<i32>, u32)> {
    |            ^^^^^
...
357 |     pub fn en_vol(&self) -> usize {
    |            ^^^^^^
...
374 |     pub fn plus_ancienne(&self, maintenant: Instant) -> Option<Duration> {
    |            ^^^^^^^^^^^^^
...
387 |     pub fn sans_commande(&self) -> usize {
    |            ^^^^^^^^^^^^^

warning: constant `LABEL_FICHIERS` is never used
  --> agent/src/pont/transport.rs:27:11
   |
27 | pub const LABEL_FICHIERS: &str = "fichiers";
   |           ^^^^^^^^^^^^^^

warning: constant `TAMPON_UDP` is never used
  --> agent/src/pont/transport.rs:32:7
   |
32 | const TAMPON_UDP: usize = 2048;
   |       ^^^^^^^^^^

warning: constant `ATTENTE_MAX` is never used
  --> agent/src/pont/transport.rs:38:7
   |
38 | const ATTENTE_MAX: Duration = Duration::from_millis(20);
   |       ^^^^^^^^^^^

warning: enum `VersNavigateur` is never used
  --> agent/src/pont/transport.rs:42:10
   |
42 | pub enum VersNavigateur {
   |          ^^^^^^^^^^^^^^

warning: enum `DuNavigateur` is never used
  --> agent/src/pont/transport.rs:48:10
   |
48 | pub enum DuNavigateur {
   |          ^^^^^^^^^^^^

warning: function `construire_rtc_donnees` is never used
  --> agent/src/pont/transport.rs:71:8
   |
71 | pub fn construire_rtc_donnees(local_ip: IpAddr) -> Result<(UdpSocket, Rtc)> {
   |        ^^^^^^^^^^^^^^^^^^^^^^

warning: function `tourner` is never used
  --> agent/src/pont/transport.rs:97:8
   |
97 | pub fn tourner(
   |        ^^^^^^^

warning: function `traiter` is never used
   --> agent/src/pont/transport.rs:175:4
    |
175 | fn traiter(
    |    ^^^^^^^

warning: function `emettre` is never used
   --> agent/src/pont/transport.rs:268:4
    |
268 | fn emettre(rtc: &mut Rtc, canal: Option<ChannelId>, correlation: u32, trame: &[u8]) {
    |    ^^^^^^^

warning: enum `RebuildOutcome` is never used
  --> agent/src/rebuild.rs:25:10
   |
25 | pub enum RebuildOutcome<T, C> {
   |          ^^^^^^^^^^^^^^

warning: function `rebuild_or_recover` is never used
  --> agent/src/rebuild.rs:49:8
   |
49 | pub fn rebuild_or_recover<T, C>(
   |        ^^^^^^^^^^^^^^^^^^

warning: struct `SortieDxgi` is never constructed
  --> agent/src/sortie_dxgi.rs:16:12
   |
16 | pub struct SortieDxgi {
   |            ^^^^^^^^^^

warning: function `magnitude` is never used
  --> agent/src/spectre.rs:28:8
   |
28 | pub fn magnitude(echantillons: &[f32], frequence_hz: f32, taux_hz: f32) -> f32 {
   |        ^^^^^^^^^

warning: function `mono` is never used
  --> agent/src/spectre.rs:48:8
   |
48 | pub fn mono(entrelace: &[i16], canaux: usize) -> Vec<f32> {
   |        ^^^^

warning: struct `Dominante` is never constructed
  --> agent/src/spectre.rs:63:12
   |
63 | pub struct Dominante {
   |            ^^^^^^^^^

warning: function `dominante` is never used
  --> agent/src/spectre.rs:79:8
   |
79 | pub fn dominante(
   |        ^^^^^^^^^

warning: function `verdict_persistance` is never used
  --> agent/src/survie_verdict.rs:40:15
   |
40 | pub(crate) fn verdict_persistance(
   |               ^^^^^^^^^^^^^^^^^^^

warning: struct `Consigne` is never constructed
  --> agent/src/superviseur/enfants.rs:16:12
   |
16 | pub struct Consigne {
   |            ^^^^^^^^

warning: trait `Lanceur` is never used
  --> agent/src/superviseur/enfants.rs:33:11
   |
33 | pub trait Lanceur {
   |           ^^^^^^^

warning: struct `Enfants` is never constructed
  --> agent/src/superviseur/enfants.rs:56:12
   |
56 | pub struct Enfants<'l> {
   |            ^^^^^^^

warning: associated items `nouveaux`, `lancer`, `tuer`, and `morts` are never used
   --> agent/src/superviseur/enfants.rs:62:12
    |
 61 | impl<'l> Enfants<'l> {
    | -------------------- associated items in this implementation
 62 |     pub fn nouveaux(lanceur: &'l dyn Lanceur) -> Self {
    |            ^^^^^^^^
...
 66 |     pub fn lancer(&mut self, consigne: Consigne) -> Result<()> {
    |            ^^^^^^
...
 91 |     pub fn tuer(&mut self, session: &IdSession) {
    |            ^^^^
...
104 |     pub fn morts(&mut self) -> Vec<IdSession> {
    |            ^^^^^

warning: struct `DescriptionFenetre` is never constructed
  --> agent/src/superviseur/fenetres.rs:11:12
   |
11 | pub struct DescriptionFenetre {
   |            ^^^^^^^^^^^^^^^^^^

warning: function `merite_une_fenetre` is never used
  --> agent/src/superviseur/fenetres.rs:32:8
   |
32 | pub fn merite_une_fenetre(d: &DescriptionFenetre) -> bool {
   |        ^^^^^^^^^^^^^^^^^^

warning: constant `TOLERANCE_PX` is never used
  --> agent/src/superviseur/placement.rs:36:7
   |
36 | const TOLERANCE_PX: i64 = 4;
   |       ^^^^^^^^^^^^

warning: function `sortie_assez_grande` is never used
  --> agent/src/superviseur/placement.rs:56:8
   |
56 | pub fn sortie_assez_grande(sortie: (u32, u32), demandee: (u32, u32)) -> bool {
   |        ^^^^^^^^^^^^^^^^^^^

warning: function `taille_retenue` is never used
  --> agent/src/superviseur/placement.rs:70:8
   |
70 | pub fn taille_retenue(demandee: (u32, u32), sortie: (u32, u32)) -> (u32, u32) {
   |        ^^^^^^^^^^^^^^

warning: function `sortie_pour_viewport` is never used
  --> agent/src/superviseur/placement.rs:90:8
   |
90 | pub fn sortie_pour_viewport(
   |        ^^^^^^^^^^^^^^^^^^^^

warning: function `doit_etre_replacee` is never used
   --> agent/src/superviseur/placement.rs:112:8
    |
112 | pub fn doit_etre_replacee(actuel: &Rect, cible: &Rect) -> bool {
    |        ^^^^^^^^^^^^^^^^^^

warning: constant `NOM_SESSION_DE_CONTROLE` is never used
  --> agent/src/superviseur/protocole.rs:32:11
   |
32 | pub const NOM_SESSION_DE_CONTROLE: &str = "bureau";
   |           ^^^^^^^^^^^^^^^^^^^^^^^

warning: constant `SEPARATEUR_PREFIXE` is never used
  --> agent/src/superviseur/protocole.rs:40:11
   |
40 | pub const SEPARATEUR_PREFIXE: char = ':';
   |           ^^^^^^^^^^^^^^^^^^

warning: function `composer` is never used
  --> agent/src/superviseur/protocole.rs:48:8
   |
48 | pub fn composer(prefixe: &str, nom: &str) -> String {
   |        ^^^^^^^^

warning: function `session_de_controle` is never used
  --> agent/src/superviseur/protocole.rs:56:8
   |
56 | pub fn session_de_controle(prefixe: &str) -> String {
   |        ^^^^^^^^^^^^^^^^^^^

warning: constant `NOM_SESSION_DU_PONT` is never used
  --> agent/src/superviseur/protocole.rs:79:11
   |
79 | pub const NOM_SESSION_DU_PONT: &str = "fichiers";
   |           ^^^^^^^^^^^^^^^^^^^

warning: function `session_du_pont` is never used
  --> agent/src/superviseur/protocole.rs:82:8
   |
82 | pub fn session_du_pont(prefixe: &str) -> String {
   |        ^^^^^^^^^^^^^^^

warning: enum `VersLaShell` is never used
  --> agent/src/superviseur/protocole.rs:88:10
   |
88 | pub enum VersLaShell {
   |          ^^^^^^^^^^^

warning: enum `DepuisLaShell` is never used
  --> agent/src/superviseur/protocole.rs:99:10
   |
99 | pub enum DepuisLaShell {
   |          ^^^^^^^^^^^^^

warning: struct `IdFenetre` is never constructed
  --> agent/src/superviseur/table.rs:15:12
   |
15 | pub struct IdFenetre(pub u64);
   |            ^^^^^^^^^

warning: struct `IdSession` is never constructed
  --> agent/src/superviseur/table.rs:21:12
   |
21 | pub struct IdSession(pub String);
   |            ^^^^^^^^^

warning: enum `Etat` is never used
  --> agent/src/superviseur/table.rs:24:10
   |
24 | pub enum Etat {
   |          ^^^^

warning: constant `RELANCES_MAX` is never used
  --> agent/src/superviseur/table.rs:70:11
   |
70 | pub const RELANCES_MAX: u32 = 3;
   |           ^^^^^^^^^^^^

warning: constant `DELAI_ATTENTE_VIEWPORT_MAX` is never used
  --> agent/src/superviseur/table.rs:97:11
   |
97 | pub const DELAI_ATTENTE_VIEWPORT_MAX: std::time::Duration = std::time::Duration::from_secs(30);
   |           ^^^^^^^^^^^^^^^^^^^^^^^^^^

warning: struct `Entree` is never constructed
   --> agent/src/superviseur/table.rs:106:8
    |
106 | struct Entree {
    |        ^^^^^^

warning: struct `Table` is never constructed
   --> agent/src/superviseur/table.rs:157:12
    |
157 | pub struct Table {
    |            ^^^^^

warning: function `rendre_la_sortie_de` is never used
   --> agent/src/superviseur/table.rs:188:4
    |
188 | fn rendre_la_sortie_de(entree: &Entree) -> Option<Effet> {
    |    ^^^^^^^^^^^^^^^^^^^

warning: multiple associated items are never used
   --> agent/src/superviseur/table.rs:208:12
    |
199 | impl Table {
    | ---------- associated items in this implementation
...
208 |     pub fn nouvelle(capacite: usize) -> Self {
    |            ^^^^^^^^
...
213 |     pub fn avec_prefixe(capacite: usize, prefixe: String) -> Self {
    |            ^^^^^^^^^^^^
...
228 |     fn prochaine_session(&mut self) -> IdSession {
    |        ^^^^^^^^^^^^^^^^^
...
236 |     pub fn etat(&self, session: &IdSession) -> Option<&Etat> {
    |            ^^^^
...
245 |     pub fn fenetre_de(&self, session: &IdSession) -> Option<IdFenetre> {
    |            ^^^^^^^^^^
...
249 |     pub fn fenetre_apparue(&mut self, fenetre: IdFenetre, titre: String) -> Vec<Effet> {
    |            ^^^^^^^^^^^^^^^
...
296 |     pub fn nom_sortie_de(&self, session: &IdSession) -> Option<&str> {
    |            ^^^^^^^^^^^^^
...
301 |     pub fn taille_sortie_de(&self, session: &IdSession) -> Option<(u32, u32)> {
    |            ^^^^^^^^^^^^^^^^
...
324 |     pub fn rafraichir_taille_sortie(&mut self, session: &IdSession, taille: (u32, u32)) {
    |            ^^^^^^^^^^^^^^^^^^^^^^^^
...
337 |     pub fn sessions_vivantes(&self) -> Vec<IdSession> {
    |            ^^^^^^^^^^^^^^^^^
...
345 |     pub fn fenetre_disparue(&mut self, fenetre: IdFenetre) -> Vec<Effet> {
    |            ^^^^^^^^^^^^^^^^
...
367 |     pub fn enfant_mort(&mut self, session: &IdSession) -> Vec<Effet> {
    |            ^^^^^^^^^^^

warning: enum `Effet` is never used
  --> agent/src/superviseur/table/effets.rs:16:10
   |
16 | pub enum Effet {
   |          ^^^^^

warning: methods `viewport_recu` and `sortie_creee` are never used
  --> agent/src/superviseur/table/attribution.rs:15:12
   |
11 | impl Table {
   | ---------- methods in this implementation
...
15 |     pub fn viewport_recu(&mut self, session: &IdSession, largeur: u32, hauteur: u32) -> Vec<Effet> {
   |            ^^^^^^^^^^^^^
...
95 |     pub fn sortie_creee(
   |            ^^^^^^^^^^^^

warning: method `relancer_les_orphelines` is never used
  --> agent/src/superviseur/table/orphelines.rs:36:12
   |
16 | impl Table {
   | ---------- method in this implementation
...
36 |     pub fn relancer_les_orphelines(&mut self, maintenant: std::time::Instant) -> Vec<Effet> {
   |            ^^^^^^^^^^^^^^^^^^^^^^^

warning: methods `set_audio_source`, `set_audio_porteuse`, and `set_audio_reconstructeur` are never used
   --> agent/src/transport/piste_audio.rs:35:12
    |
 32 | impl Session {
    | ------------ methods in this implementation
...
 35 |     pub fn set_audio_source(&mut self, source: Box<dyn AudioSource + Send>) {
    |            ^^^^^^^^^^^^^^^^
...
248 |     pub fn set_audio_porteuse(&mut self, porteuse: bool) {
    |            ^^^^^^^^^^^^^^^^^^
...
253 |     pub fn set_audio_reconstructeur(&mut self, r: crate::audio::Reconstructeur) {
    |            ^^^^^^^^^^^^^^^^^^^^^^^^

warning: enum `ModeCapture` is never used
  --> agent/src/windows_source/sortie.rs:41:10
   |
41 | pub enum ModeCapture {
   |          ^^^^^^^^^^^

warning: method `redimensionne_la_fenetre` is never used
  --> agent/src/windows_source/sortie.rs:82:12
   |
60 | impl ModeCapture {
   | ---------------- method in this implementation
...
82 |     pub fn redimensionne_la_fenetre(self) -> bool {
   |            ^^^^^^^^^^^^^^^^^^^^^^^^

warning: constant `TAILLE_MAX_SORTIE` is never used
  --> agent/src/windows_source/sortie.rs:95:11
   |
95 | pub const TAILLE_MAX_SORTIE: (u32, u32) = (1920, 1080);
   |           ^^^^^^^^^^^^^^^^^

warning: function `borner_a_la_taille_max` is never used
   --> agent/src/windows_source/sortie.rs:129:8
    |
129 | pub fn borner_a_la_taille_max((l, h): (u32, u32)) -> (u32, u32) {
    |        ^^^^^^^^^^^^^^^^^^^^^^

warning: function `region_de_sortie` is never used
   --> agent/src/windows_source/sortie.rs:157:8
    |
157 | pub fn region_de_sortie(largeur: u32, hauteur: u32) -> Option<Rect> {
    |        ^^^^^^^^^^^^^^^^

warning: constant `ACCES_PERDU` is never used
  --> agent/src/capture/reprise.rs:18:11
   |
18 | pub const ACCES_PERDU: i32 = 0x887A0026u32 as i32;
   |           ^^^^^^^^^^^

warning: constant `NON_DISPONIBLE` is never used
  --> agent/src/capture/reprise.rs:26:11
   |
26 | pub const NON_DISPONIBLE: i32 = 0x887A0022u32 as i32;
   |           ^^^^^^^^^^^^^^

warning: constant `DEVICE_REMOVED` is never used
  --> agent/src/capture/reprise.rs:30:11
   |
30 | pub const DEVICE_REMOVED: i32 = 0x887A0005u32 as i32;
   |           ^^^^^^^^^^^^^^

warning: constant `ATTENTE_EXPIREE` is never used
  --> agent/src/capture/reprise.rs:35:11
   |
35 | pub const ATTENTE_EXPIREE: i32 = 0x887A0027u32 as i32;
   |           ^^^^^^^^^^^^^^^

warning: constant `DUREE_FENETRE_REPRISE` is never used
  --> agent/src/capture/reprise.rs:50:11
   |
50 | pub const DUREE_FENETRE_REPRISE: std::time::Duration = std::time::Duration::from_secs(8);
   |           ^^^^^^^^^^^^^^^^^^^^^

warning: constant `PAS_REPRISE` is never used
  --> agent/src/capture/reprise.rs:61:11
   |
61 | pub const PAS_REPRISE: std::time::Duration = std::time::Duration::from_millis(150);
   |           ^^^^^^^^^^^

warning: constant `DUREE_FENETRE_OUVERTURE` is never used
  --> agent/src/capture/reprise.rs:72:11
   |
72 | pub const DUREE_FENETRE_OUVERTURE: std::time::Duration = std::time::Duration::from_secs(3);
   |           ^^^^^^^^^^^^^^^^^^^^^^^

warning: function `est_acces_perdu` is never used
  --> agent/src/capture/reprise.rs:74:8
   |
74 | pub fn est_acces_perdu(code: i32) -> bool {
   |        ^^^^^^^^^^^^^^^

warning: function `est_ouverture_retentable` is never used
  --> agent/src/capture/reprise.rs:79:8
   |
79 | pub fn est_ouverture_retentable(code: i32) -> bool {
   |        ^^^^^^^^^^^^^^^^^^^^^^^^

warning: enum `Tentative` is never used
  --> agent/src/capture/reprise.rs:85:10
   |
85 | pub enum Tentative {
   |          ^^^^^^^^^

warning: struct `FenetreDeReprise` is never constructed
   --> agent/src/capture/reprise.rs:108:12
    |
108 | pub struct FenetreDeReprise {
    |            ^^^^^^^^^^^^^^^^

warning: associated items `nouvelle`, `tenter`, `succes`, and `tentatives` are never used
   --> agent/src/capture/reprise.rs:115:12
    |
114 | impl FenetreDeReprise {
    | --------------------- associated items in this implementation
115 |     pub fn nouvelle() -> Self {
    |            ^^^^^^^^
...
119 |     pub fn tenter(&mut self, maintenant: std::time::Instant) -> Tentative {
    |            ^^^^^^
...
136 |     pub fn succes(&mut self) {
    |            ^^^^^^
...
142 |     pub fn tentatives(&self) -> u32 {
    |            ^^^^^^^^^^

warning: struct `Telemetrie` is never constructed
  --> agent/src/windows_source/telemetrie.rs:17:12
   |
17 | pub struct Telemetrie {
   |            ^^^^^^^^^^

warning: methods `tick`, `capturee`, `produite`, and `lire` are never used
  --> agent/src/windows_source/telemetrie.rs:25:12
   |
23 | impl Telemetrie {
   | --------------- methods in this implementation
24 |     /// Un tour de boucle de capture.
25 |     pub fn tick(&self) {
   |            ^^^^
...
30 |     pub fn capturee(&self) {
   |            ^^^^^^^^
...
35 |     pub fn produite(&self) {
   |            ^^^^^^^^
...
40 |     pub fn lire(&self) -> (u64, u64, u64) {
   |            ^^^^

warning: struct `Peripherique` is never constructed
  --> agent/src/wasapi/peripherique.rs:64:12
   |
64 | pub struct Peripherique {
   |            ^^^^^^^^^^^^

warning: enum `Critere` is never used
  --> agent/src/wasapi/peripherique.rs:75:10
   |
75 | pub enum Critere {
   |          ^^^^^^^

warning: method `libelle` is never used
  --> agent/src/wasapi/peripherique.rs:86:12
   |
84 | impl Critere {
   | ------------ method in this implementation
85 |     /// Libellé court pour le journal.
86 |     pub fn libelle(self) -> &'static str {
   |            ^^^^^^^

warning: enum `Choix` is never used
  --> agent/src/wasapi/peripherique.rs:99:10
   |
99 | pub enum Choix<'a> {
   |          ^^^^^

warning: method `est_repli` is never used
   --> agent/src/wasapi/peripherique.rs:125:12
    |
122 | impl Choix<'_> {
    | -------------- method in this implementation
...
125 |     pub fn est_repli(&self) -> bool {
    |            ^^^^^^^^^

warning: constant `DESIGNATION_CABLE` is never used
   --> agent/src/wasapi/peripherique.rs:145:11
    |
145 | pub const DESIGNATION_CABLE: &str = "VB-Audio";
    |           ^^^^^^^^^^^^^^^^^

warning: function `demande_cable` is never used
   --> agent/src/wasapi/peripherique.rs:158:8
    |
158 | pub fn demande_cable(variable: Option<&str>) -> &str {
    |        ^^^^^^^^^^^^^

warning: function `normaliser` is never used
   --> agent/src/wasapi/peripherique.rs:168:4
    |
168 | fn normaliser(texte: &str) -> String {
    |    ^^^^^^^^^^

warning: function `choisir` is never used
   --> agent/src/wasapi/peripherique.rs:180:8
    |
180 | pub fn choisir<'a>(disponibles: &'a [Peripherique], demande: Option<&str>) -> Choix<'a> {
    |        ^^^^^^^

warning: function `correspond` is never used
   --> agent/src/wasapi/peripherique.rs:215:4
    |
215 | fn correspond(peripherique: &Peripherique, cible: &str, critere: Critere) -> bool {
    |    ^^^^^^^^^^

warning: function `inventaire` is never used
   --> agent/src/wasapi/peripherique.rs:226:8
    |
226 | pub fn inventaire(disponibles: &[Peripherique]) -> String {
    |        ^^^^^^^^^^

warning: constant `CANAUX` is never used
  --> agent/src/wasapi/format.rs:34:11
   |
34 | pub const CANAUX: usize = crate::opus::CHANNELS;
   |           ^^^^^^

warning: constant `BITS` is never used
  --> agent/src/wasapi/format.rs:37:11
   |
37 | pub const BITS: u16 = 32;
   |           ^^^^

warning: function `decrire` is never used
  --> agent/src/wasapi/format.rs:41:8
   |
41 | pub fn decrire(frequence: u32, canaux: usize, bits: u16, flottant: bool) -> String {
   |        ^^^^^^^

warning: function `verifier` is never used
  --> agent/src/wasapi/format.rs:58:8
   |
58 | pub fn verifier(frequence: u32, canaux: usize, bits: u16, flottant: bool) -> Result<()> {
   |        ^^^^^^^^

warning: function `trames_de_silence` is never used
   --> agent/src/wasapi/format.rs:105:8
    |
105 | pub fn trames_de_silence(pcm: &[f32], canaux: usize) -> usize {
    |        ^^^^^^^^^^^^^^^^^

warning: very complex type used. Consider factoring parts into `type` definitions
   --> agent/src/accent.rs:129:20
    |
129 |     let mut seaux: std::collections::BTreeMap<(u16, u16, u16), (u64, u64, u64, u64)> =
    |                    ^^^^^^^^^^^^^^^^^^^^^^^^^^^^^^^^^^^^^^^^^^^^^^^^^^^^^^^^^^^^^^^^^
    |
    = help: for further information visit https://rust-lang.github.io/rust-clippy/rust-1.97.0/index.html#type_complexity
    = note: `#[warn(clippy::type_complexity)]` on by default

warning: manual `!RangeInclusive::contains` implementation
   --> agent/src/accent.rs:143:12
    |
143 |         if l < LUMA_MIN || l > LUMA_MAX {
    |            ^^^^^^^^^^^^^^^^^^^^^^^^^^^^ help: use: `!(LUMA_MIN..=LUMA_MAX).contains(&l)`
    |
    = help: for further information visit https://rust-lang.github.io/rust-clippy/rust-1.97.0/index.html#manual_range_contains
    = note: `#[warn(clippy::manual_range_contains)]` on by default

warning: this `map_or` can be simplified
   --> agent/src/capteur/vivier.rs:225:24
    |
225 |                       && e.dernier_echec.map_or(true, |t| {
    |  ________________________^
226 | |                         maintenant.saturating_duration_since(t) >= REPIT_APRES_ECHEC
227 | |                     })
    | |______________________^
    |
    = help: for further information visit https://rust-lang.github.io/rust-clippy/rust-1.97.0/index.html#unnecessary_map_or
    = note: `#[warn(clippy::unnecessary_map_or)]` on by default
help: use `is_none_or` instead
    |
225 -                     && e.dernier_echec.map_or(true, |t| {
225 +                     && e.dernier_echec.is_none_or(|t| {
    |

warning: manual implementation of `.is_multiple_of()`
  --> agent/src/mire.rs:48:19
   |
48 |     let vert = if trame % 2 == 0 { VERT_PAIR } else { VERT_IMPAIR };
   |                   ^^^^^^^^^^^^^^ help: replace with: `trame.is_multiple_of(2)`
   |
   = help: for further information visit https://rust-lang.github.io/rust-clippy/rust-1.97.0/index.html#manual_is_multiple_of
   = note: `#[warn(clippy::manual_is_multiple_of)]` on by default

warning: this `match` expression can be replaced with `?`
  --> agent/src/pont/cache.rs:90:22
   |
90 |           let perime = match self.par_chemin.get(chemin) {
   |  ______________________^
91 | |             Some(m) => maintenant.duration_since(m.pose_a) >= TTL_ENUMERATION,
92 | |             None => return None,
93 | |         };
   | |_________^
   |
   = help: for further information visit https://rust-lang.github.io/rust-clippy/rust-1.97.0/index.html#question_mark
   = note: `#[warn(clippy::question_mark)]` on by default
help: try instead
   |
90 ~         let perime = {
91 +             let m = self.par_chemin.get(chemin)?;
92 +             maintenant.duration_since(m.pose_a) >= TTL_ENUMERATION
93 ~         };
   |

warning: redundant closure
   --> agent/src/transport/piste_audio.rs:330:48
    |
330 |         let tentative = injection::intercepter(|| reconstructeur());
    |                                                ^^^^^^^^^^^^^^^^^^^ help: replace the closure with the function itself: `reconstructeur`
    |
    = help: for further information visit https://rust-lang.github.io/rust-clippy/rust-1.97.0/index.html#redundant_closure
    = note: `#[warn(clippy::redundant_closure)]` on by default

warning: `agent` (bin "agent") generated 507 warnings (run `cargo clippy --fix --bin "agent" -p agent -- ` to apply 7 suggestions)
    Finished `dev` profile [unoptimized + debuginfo] target(s) in 8.84s

==> client : npm test

> @guacamole/client@0.1.0 test
> vitest run


 RUN  v2.1.9 /home/mallanic/Projects/Guacamole/client

 ✓ src/micro.test.ts (17 tests) 60ms
 ✓ src/presse-papier-dom.test.ts (19 tests) 72ms
 ✓ src/shell.test.ts (29 tests) 101ms
 ✓ src/webrtc.session.test.ts (8 tests) 38ms
 ✓ src/fichiers/protocole.test.ts (22 tests) 45ms
 ✓ src/fichiers/mutation.test.ts (18 tests) 44ms
 ✓ src/hub/televersement.test.ts (22 tests) 191ms
 ✓ src/fichiers/ecriture.test.ts (16 tests) 29ms
 ✓ src/fichiers/adaptateur.test.ts (15 tests) 37ms
stderr | src/fullscreen.test.ts > verrouillage du clavier > avale un rejet de lock sans le propager
Keyboard Lock refusé Error: refusé
    at /home/mallanic/Projects/Guacamole/client/src/fullscreen.test.ts:32:48
    at file:///home/mallanic/Projects/Guacamole/client/node_modules/@vitest/runner/dist/index.js:146:14
    at file:///home/mallanic/Projects/Guacamole/client/node_modules/@vitest/runner/dist/index.js:533:11
    at runWithTimeout (file:///home/mallanic/Projects/Guacamole/client/node_modules/@vitest/runner/dist/index.js:39:7)
    at runTest (file:///home/mallanic/Projects/Guacamole/client/node_modules/@vitest/runner/dist/index.js:1056:17)
    at processTicksAndRejections (node:internal/process/task_queues:105:5)
    at runSuite (file:///home/mallanic/Projects/Guacamole/client/node_modules/@vitest/runner/dist/index.js:1205:15)
    at runSuite (file:///home/mallanic/Projects/Guacamole/client/node_modules/@vitest/runner/dist/index.js:1205:15)
    at runFiles (file:///home/mallanic/Projects/Guacamole/client/node_modules/@vitest/runner/dist/index.js:1262:5)
    at startTests (file:///home/mallanic/Projects/Guacamole/client/node_modules/@vitest/runner/dist/index.js:1271:3)

 ✓ src/fullscreen.test.ts (16 tests) 85ms
 ✓ src/design/primitives.test.ts (9 tests) 51ms
 ✓ src/hub/catalogue.test.ts (17 tests) 107ms
 ✓ src/hub/manifeste.test.ts (30 tests) 112ms
stdout | src/style.test.ts
garde WCO  feuilles de client/src/ : 14
           env(titlebar-area-*) lus : 2
           client/src/session/etat-terminal.css  env(titlebar-area-height, 0px)
           client/src/style.css  env(titlebar-area-height, 0px)

 ✓ src/style.test.ts (6 tests) 24ms
 ✓ src/gamepad.test.ts (16 tests) 137ms
 ✓ src/fichiers/noms.test.ts (20 tests) 108ms
stdout | src/design/longueurs.test.ts
§7.10  feuilles de surface : 6
       déclarations lues : 190, dont 103 par un token
       hors token : 0 occurrence(s), 0 valeur(s) distincte(s)

 ✓ src/design/longueurs.test.ts (2 tests) 25ms
 ✓ src/pointer.test.ts (12 tests) 30ms
 ✓ src/design/theme.test.ts (10 tests) 47ms
 ✓ src/design/tokens.test.ts (17 tests) 104ms
 ✓ src/presse-papier.test.ts (17 tests) 71ms
 ✓ src/design/selecteur-theme.test.ts (8 tests) 31ms
 ✓ src/audio.test.ts (11 tests) 20ms
 ✓ src/design/classes.test.ts (15 tests) 28ms
 ✓ src/design/contraste.test.ts (8 tests) 100ms
 ✓ src/accent.test.ts (8 tests) 21ms
 ✓ src/input.test.ts (10 tests) 89ms
 ✓ src/status.test.ts (11 tests) 31ms
 ✓ src/jeton.test.ts (10 tests) 113ms
 ✓ src/fichiers/flux.test.ts (8 tests) 55ms
stderr | src/webrtc.test.ts > waitForAnswer face à des messages malformés > un message brut `null` n'explose pas le gestionnaire et la réponse valide suivante est toujours acceptée
message de signaling illisible ou de forme inattendue, ignoré

stderr | src/webrtc.test.ts > waitForAnswer face à des messages malformés > les charges utiles non-objet successives (nombre, chaîne, tableau) sont toutes ignorées
message de signaling illisible ou de forme inattendue, ignoré
message de signaling illisible ou de forme inattendue, ignoré
message de signaling illisible ou de forme inattendue, ignoré

 ✓ src/webrtc.test.ts (8 tests) 16ms
 ✓ src/prefixe.test.ts (12 tests) 52ms
 ✓ src/accent-dom.test.ts (5 tests) 68ms
 ✓ src/adresse-plateforme.test.ts (9 tests) 59ms
 ✓ src/design/reprise.test.ts (6 tests) 21ms
 ✓ src/design/css.test.ts (7 tests) 24ms
 ✓ src/hub/depot.test.ts (5 tests) 43ms
 ✓ src/ecran-terminal.test.ts (6 tests) 25ms
 ✓ src/visibilite.test.ts (6 tests) 18ms
 ✓ src/raccourcis.test.ts (15 tests) 69ms
 ✓ src/stats.test.ts (5 tests) 30ms
 ❯ src/fichiers/protocole.annonces.test.ts (3 tests | 1 failed) 76ms
   × l’ANNONCE des écritures dues > 🔴 ne répond RIEN, et appelle le rappel injecté 68ms
     → expected [] to deeply equal [ [ { chemin: 'note.txt', …(1) } ] ]
 ✓ src/scancodes.test.ts (4 tests) 22ms
 ✓ src/resize.test.ts (5 tests) 10ms
 ✓ src/lien.test.ts (4 tests) 22ms
 ✓ src/viewport.test.ts (4 tests) 21ms

⎯⎯⎯⎯⎯⎯⎯ Failed Tests 1 ⎯⎯⎯⎯⎯⎯⎯

 FAIL  src/fichiers/protocole.annonces.test.ts > l’ANNONCE des écritures dues > 🔴 ne répond RIEN, et appelle le rappel injecté
AssertionError: expected [] to deeply equal [ [ { chemin: 'note.txt', …(1) } ] ]

- Expected
+ Received

- Array [
-   Array [
-     Object {
-       "chemin": "note.txt",
-       "octets": 12,
-     },
-   ],
- ]
+ Array []

 ❯ src/fichiers/protocole.annonces.test.ts:56:22
     54|         );
     55|         expect(reponse).toBeNull();
     56|         expect(vues).toEqual([[{ chemin: 'note.txt', octets: 12 }]]);
       |                      ^
     57|     });
     58| 

⎯⎯⎯⎯⎯⎯⎯⎯⎯⎯⎯⎯⎯⎯⎯⎯⎯⎯⎯⎯⎯⎯⎯⎯[1/1]⎯

 Test Files  1 failed | 45 passed (46)
      Tests  1 failed | 530 passed (531)
   Start at  13:56:02
   Duration  8.23s (transform 4.48s, setup 0ms, collect 9.13s, tests 2.58s, environment 30ms, prepare 14.34s)

ÉCHEC : client : npm test

==> client : npm run typecheck

> @guacamole/client@0.1.0 typecheck
> tsc --noEmit


==> client : npm run design:verifier

> @guacamole/client@0.1.0 design:verifier
> node outils/verifier-design.mjs

==> npm run build (sans quoi §7.3 et §7.7 jugeraient le build d’avant)

> @guacamole/client@0.1.0 build
> vite build

vite v6.4.3 building for production...
transforming...
✓ 70 modules transformed.
rendering chunks...
computing gzip size...
dist/hub.webmanifest                         0.59 kB
dist/index.html                              5.39 kB │ gzip: 2.59 kB
dist/connexion.html                          5.42 kB │ gzip: 2.24 kB
dist/hub.html                                5.44 kB │ gzip: 2.51 kB
dist/shell.html                              7.52 kB │ gzip: 3.38 kB
dist/design.html                            12.67 kB │ gzip: 4.35 kB
dist/primitives.html                        13.58 kB │ gzip: 4.86 kB
dist/assets/connexion-CyWgt4IO.css           0.56 kB │ gzip: 0.28 kB
dist/assets/shell-DOxLHPYF.css               1.10 kB │ gzip: 0.45 kB
dist/assets/hub-BcEEZuVw.css                 1.65 kB │ gzip: 0.58 kB
dist/assets/main-DOC38JmJ.css                1.85 kB │ gzip: 0.64 kB
dist/assets/socle-DxxXR2Fj.css               2.28 kB │ gzip: 0.96 kB
dist/assets/primitives-Cdify15A.css          2.83 kB │ gzip: 0.66 kB
dist/assets/primitives-YI7rsRjD.js           0.25 kB │ gzip: 0.21 kB
dist/assets/adresse-plateforme-KtwXjxo3.js   0.43 kB │ gzip: 0.24 kB
dist/assets/prefixe-iK9obSCN.js              0.62 kB │ gzip: 0.40 kB
dist/assets/socle-BZq00WiM.js                0.71 kB │ gzip: 0.40 kB
dist/assets/selecteur-theme-sHUmq49u.js      1.05 kB │ gzip: 0.55 kB
dist/assets/connexion-oKud08Dr.js            2.02 kB │ gzip: 0.99 kB
dist/assets/webrtc-Dn1naG2J.js               3.85 kB │ gzip: 1.70 kB
dist/assets/hub-Dkd1QIHj.js                 16.70 kB │ gzip: 6.68 kB
dist/assets/design-BH0pMqg8.js              20.87 kB │ gzip: 8.49 kB
dist/assets/shell-BPTUbuSy.js               22.70 kB │ gzip: 7.97 kB
dist/assets/main-HpDIMbpI.js                24.16 kB │ gzip: 8.63 kB
✓ built in 2.33s

==> §7.4  les trois blocs de thème ne divergent pas
fichier : client/src/design/tokens.css
  bloc racine : 52 token(s)
  bloc media-clair : 14 token(s)
  bloc attribut-clair : 14 token(s)
portée : ① clair ≡ clair, ② clair ⊆ racine, ③ couleurs de racine ⊆ clair sauf 7 hors-thème nommés
écarts : 0

==> §7.1  les contrastes tiennent les seuils WCAG
paires vérifiées : 53
échecs : 0
minimum global : 3.16

==> §7.2  aucune couleur littérale hors de tokens.css
fichiers balayés : 106
couleurs littérales : 0

==> §7.6  aucun token orphelin, aucun var() non déclaré
source        : client/src/design/tokens.css — 52 token(s) déclaré(s)
périmètre     : 17 fichier(s) — 52 token(s) employé(s)
  balayés : client/src/connexion.css, client/src/design/base.css, client/src/design/primitives/bouton.css, client/src/design/primitives/champ.css, client/src/design/primitives/message.css, client/src/design/primitives/surface.css, client/src/design/primitives.css, client/src/design/socle.css, client/src/hub/hub.css, client/src/session/boutons-de-coin.css, client/src/session/etat-terminal.css, client/src/shell.css, client/src/style.css, client/index.html, client/shell.html, client/connexion.html, client/hub.html
  exclu : client/design.html — la galerie rend tous les tokens par construction ; l’inclure rendrait l’inclusion « déclaré ⊆ employé » vraie pour toujours
  exclu : client/primitives.html — une page de démonstration emploie des tokens par construction, dans sa propre mise en page ; l’inclure ferait sortir de la liste d’attente des tokens que le PRODUIT n’appelle pas

inclusion ① — tout var(--…) est déclaré : 0 écart(s)
inclusion ② — tout token déclaré a un appelant : 0 orphelin(s), dont 0 en attente déclarée

inclusion ③ — aucune entrée ne nomme un sous-bloc clos (S1, S2, S3, S4) : 0 écart(s)

total : 0 écart(s)
les trois assertions tiennent ; 0 token(s) restent en attente d'appelant, nommés dans tokens-orphelins/attente.mjs

==> §7.9  toute classe employée est déclarée, et une primitive atteint le produit
déclarées : 74 classe(s)
employées : 70 classe(s)
familles de primitives : bouton, champ, message, surface

① toute classe employée est déclarée : 0 écart(s)

② A — les primitives atteignent le PRODUIT, CHACUNE des trois surfaces :
  client/index.html : message, surface
  client/shell.html : bouton, message, surface
  client/connexion.html : bouton, champ, message, surface

③ B — chaque famille est rendue par client/primitives.html :
  bouton : 4 classe(s) employée(s) sur 4 déclarée(s)
  champ : 6 classe(s) employée(s) sur 6 déclarée(s)
  message : 5 classe(s) employée(s) sur 5 déclarée(s)
  surface : 4 classe(s) employée(s) sur 4 déclarée(s)

total : 0 écart(s)

==> §7.3  toute surface bâtie porte les tokens
pages bâties : 6 (connexion.html, design.html, hub.html, index.html, primitives.html, shell.html)

assertion A — un <link rel="stylesheet"> par page : 0 échec(s)
assertion B — une feuille liée déclarant --fond-0 : 0 échec(s) (évaluée sur 6 page(s))

les DEUX assertions sont vertes

==> §7.7  le poids CSS ne dérive pas
    563  connexion-CyWgt4IO.css
   1651  hub-BcEEZuVw.css
   1849  main-DOC38JmJ.css
   2830  primitives-Cdify15A.css
   1098  shell-DOxLHPYF.css
   2276  socle-DxxXR2Fj.css
feuilles émises : 6
somme : 10267 octets
plafond : 12288 octets (arbitraire, voir l'en-tête)
marge : 2021 octets

═══ 7/7 contrôle(s) vert(s) ═══
  §7.5 (la bascule de thème) est un test unitaire : il tourne dans `npm test`.

==> proto : npm test

> @guacamole/proto@0.1.0 test
> vitest run


 RUN  v2.1.9 /home/mallanic/Projects/Guacamole/proto

 ✓ ts/tranches.test.ts (51 tests) 46ms
 ✓ ts/fichiers.test.ts (9 tests) 38ms
 ✓ ts/fichiers-entetes.test.ts (77 tests) 51ms
 ✓ ts/control.test.ts (26 tests) 140ms
 ✓ ts/plateforme-apps.test.ts (16 tests) 52ms
 ✓ ts/plateforme.test.ts (65 tests) 99ms
 ✓ ts/sha256.test.ts (27 tests) 558ms
 ✓ ts/plateforme-installation.test.ts (13 tests) 46ms
 ✓ ts/input.test.ts (20 tests) 40ms

 Test Files  9 passed (9)
      Tests  304 passed (304)
   Start at  13:56:23
   Duration  2.43s (transform 2.01s, setup 0ms, collect 3.63s, tests 1.07s, environment 4ms, prepare 2.60s)


==> proto : npm run typecheck

> @guacamole/proto@0.1.0 typecheck
> tsc --noEmit


==> plateforme : npm run test:sqlite

> @guacamole/plateforme@0.1.0 test:sqlite
> PLATEFORME_BASE=sqlite vitest run


 RUN  v2.1.9 /home/mallanic/Projects/Guacamole/plateforme

(node:2598924) ExperimentalWarning: SQLite is an experimental feature and might change at any time
(Use `node --trace-warnings ...` to show where the warning was created)
(node:2598889) ExperimentalWarning: SQLite is an experimental feature and might change at any time
(Use `node --trace-warnings ...` to show where the warning was created)
(node:2598926) ExperimentalWarning: SQLite is an experimental feature and might change at any time
(Use `node --trace-warnings ...` to show where the warning was created)
(node:2598931) ExperimentalWarning: SQLite is an experimental feature and might change at any time
(Use `node --trace-warnings ...` to show where the warning was created)
(node:2598902) ExperimentalWarning: SQLite is an experimental feature and might change at any time
(Use `node --trace-warnings ...` to show where the warning was created)
(node:2598899) ExperimentalWarning: SQLite is an experimental feature and might change at any time
(Use `node --trace-warnings ...` to show where the warning was created)
(node:2598907) ExperimentalWarning: SQLite is an experimental feature and might change at any time
(Use `node --trace-warnings ...` to show where the warning was created)
 ✓ src/base/pilotes.test.ts (12 tests) 105ms
stderr | src/orchestration/inventaire-statique.test.ts > inventaireStatique, moteur=sqlite > 🔴 `instantane` REFUSE par un type — motif, opération, backend
opération refusée : instantane n'est pas supportée par le backend inventaire-statique, qui ne pilote aucun hyperviseur — il inventorie ce qu'un administrateur a enrôlé, et n'écrit que vm.utilisateur_id.

stderr | src/orchestration/inventaire-statique.test.ts > inventaireStatique, moteur=sqlite > `demarrer` refuse de même
opération refusée : demarrer n'est pas supportée par le backend inventaire-statique, qui ne pilote aucun hyperviseur — il inventorie ce qu'un administrateur a enrôlé, et n'écrit que vm.utilisateur_id.

stderr | src/orchestration/inventaire-statique.test.ts > inventaireStatique, moteur=sqlite > `arreter` refuse de même
opération refusée : arreter n'est pas supportée par le backend inventaire-statique, qui ne pilote aucun hyperviseur — il inventorie ce qu'un administrateur a enrôlé, et n'écrit que vm.utilisateur_id.

 ✓ src/orchestration/inventaire-statique.test.ts (17 tests) 262ms
stderr | src/http/routes-applications.test.ts > routes /applications, moteur=sqlite > 🔴 une VM ÉTRANGÈRE répond EXACTEMENT comme une VM INCONNUE
refus d'accès à la VM v-1 pour l'utilisateur e8e5b7f1-9519-4c11-a29c-9a9da554f5ff : cas=etrangere — la réponse HTTP, elle, est le même 404 « vm-inconnue » dans les deux cas (décision du propriétaire du dépôt : pas d'oracle d'énumération).

stderr | src/http/routes-applications.test.ts > routes /applications, moteur=sqlite > 🔴 une VM ÉTRANGÈRE répond EXACTEMENT comme une VM INCONNUE
refus d'accès à la VM jamais-vue pour l'utilisateur e8e5b7f1-9519-4c11-a29c-9a9da554f5ff : cas=inconnue — la réponse HTTP, elle, est le même 404 « vm-inconnue » dans les deux cas (décision du propriétaire du dépôt : pas d'oracle d'énumération).

stderr | src/http/routes-applications.test.ts > routes /applications, moteur=sqlite > 🔴 le corps du refus NE PORTE AUCUNE TRACE du cas réel
refus d'accès à la VM v-1 pour l'utilisateur 513676ed-9da2-4b6b-a1a6-67bda1dcd567 : cas=etrangere — la réponse HTTP, elle, est le même 404 « vm-inconnue » dans les deux cas (décision du propriétaire du dépôt : pas d'oracle d'énumération).

(node:2599317) ExperimentalWarning: SQLite is an experimental feature and might change at any time
(Use `node --trace-warnings ...` to show where the warning was created)
stderr | src/http/routes-installation.test.ts > routes /installation, moteur=sqlite > 🔴 une VM ÉTRANGÈRE répond EXACTEMENT comme une VM INCONNUE
refus d'acces a la VM v-1 pour l'utilisateur 117da665-79c9-4538-a73e-8d0e1da652f9 : cas=etrangere — la reponse HTTP, elle, est INDISTINGUABLE d'une ressource inconnue.

stderr | src/http/routes-installation.test.ts > routes /installation, moteur=sqlite > 🔴 une VM ÉTRANGÈRE répond EXACTEMENT comme une VM INCONNUE
refus d'acces a la VM jamais-vue pour l'utilisateur 117da665-79c9-4538-a73e-8d0e1da652f9 : cas=inconnue — la reponse HTTP, elle, est INDISTINGUABLE d'une ressource inconnue.

stdout | src/http/serveur.test.ts > demarrerServeur > n'écoute QUE sur l'adresse nommée
magasin d icones : /tmp/user/0/g2-icones-poiNSo/icones
magasin de tranches : /tmp/user/0/g3-tranches-c2T92M/televersements

stdout | src/http/serveur.test.ts > demarrerServeur > refuse la montée WebSocket sur un chemin inconnu
magasin d icones : /tmp/user/0/g2-icones-poiNSo/icones
magasin de tranches : /tmp/user/0/g3-tranches-c2T92M/televersements

stdout | src/http/serveur.test.ts > demarrerServeur > 🔴 accepte la montée WebSocket sur /agent — la seconde branche
magasin d icones : /tmp/user/0/g2-icones-poiNSo/icones
magasin de tranches : /tmp/user/0/g3-tranches-c2T92M/televersements

stdout | src/http/serveur.test.ts > demarrerServeur > 🔴 sert TOUJOURS le chemin racine — la branche est ÉTENDUE, pas remplacée
magasin d icones : /tmp/user/0/g2-icones-poiNSo/icones
magasin de tranches : /tmp/user/0/g3-tranches-c2T92M/televersements

stdout | src/http/serveur.test.ts > demarrerServeur > 🔴 refuse TOUJOURS un chemin inconnu — /agent n’ouvre pas le service
magasin d icones : /tmp/user/0/g2-icones-poiNSo/icones
magasin de tranches : /tmp/user/0/g3-tranches-c2T92M/televersements

stdout | src/http/serveur.test.ts > demarrerServeur > sert le relais de signaling sur le chemin racine, poignée de main comprise
magasin d icones : /tmp/user/0/g2-icones-poiNSo/icones
magasin de tranches : /tmp/user/0/g3-tranches-c2T92M/televersements

stderr | src/http/serveur.test.ts > demarrerServeur > sert le relais de signaling sur le chemin racine, poignée de main comprise
aucun serveur TURN configuré (TURN_URL/TURN_SECRET) : session sans relais

stdout | src/http/routes-installation.test.ts > routes /installation, moteur=sqlite > refuse une extension que l'agent n'exécutera pas, plutôt qu'un aller-retour de 800 Mo
installation 6e407fee-e08e-499e-97ff-236273cbb226 : aucun socket ouvert pour la VM v-1, l'ordre attend le prochain enrôlement

stderr | src/http/serveur.test.ts > demarrerServeur > sert le relais de signaling sur le chemin racine, poignée de main comprise
aucun serveur TURN configuré (TURN_URL/TURN_SECRET) : session sans relais
session RhH1x2QmTz9kLpVbNc7dAw:racine-1 : préfixe RhH1x2QmTz9kLpVbNc7dAw inconnu de agent_enrole, vm_id non inscrit

stdout | src/http/routes-installation.test.ts > routes /installation, moteur=sqlite > 🔴 une VM INJOIGNABLE rend 503, jamais 201 sur une ligne que personne ne recevra
installation c8001813-5faf-4c1a-a761-aaf8c106f649 : aucun socket ouvert pour la VM v-1, l'ordre attend le prochain enrôlement

(node:2599429) ExperimentalWarning: SQLite is an experimental feature and might change at any time
(Use `node --trace-warnings ...` to show where the warning was created)
stdout | src/http/serveur.test.ts > le chaînage des quatre routeurs > 🔴 les QUATRE chemins répondent, et `/inconnu` rend le 404 MOT POUR MOT
magasin d icones : /tmp/user/0/g2-icones-poiNSo/icones
magasin de tranches : /tmp/user/0/g3-tranches-c2T92M/televersements

stdout | src/http/routes-installation.test.ts > routes /installation, moteur=sqlite > un ordre accepté rend 201 et son identifiant, et la ligne naît `en_attente`
installation d7bc1756-f9e8-4fd2-b1a3-87210888299f : aucun socket ouvert pour la VM v-1, l'ordre attend le prochain enrôlement

stdout | src/http/routes-auth.test.ts > routes d’authentification > connexion valide : l’accès est un jeton que le service accepte, et le rafraîchissement vaut
magasin d icones : /tmp/user/0/g2-icones-edCZqc/icones
magasin de tranches : /tmp/user/0/g3-tranches-UQIP4P/televersements

stderr | src/http/routes-installation.test.ts > routes /installation, moteur=sqlite > 🔴 une installation ÉTRANGÈRE répond EXACTEMENT comme une INCONNUE
refus d'acces a la VM v-1 pour l'utilisateur 6d6bc806-bfb1-4a87-9979-d11ffba497c2 : cas=etrangere — la reponse HTTP, elle, est INDISTINGUABLE d'une ressource inconnue.

stdout | src/http/serveur.test.ts > le chaînage des quatre routeurs > 🔴 une route qui REJETTE rend 500 { refus: interne }, et le processus SURVIT
magasin d icones : /tmp/user/0/g2-icones-poiNSo/icones
magasin de tranches : /tmp/user/0/g3-tranches-c2T92M/televersements

stderr | src/http/routes-televersement.test.ts > routes de téléversement, moteur=sqlite > 🔴 le téléversement d’AUTRUI rend le MÊME corps que l’inconnu
refus d'accès au téléversement b2867d4b-e1ec-4a9c-87d0-bb372ecb5c23 pour l'utilisateur cf109ade-8edc-4f76-a977-fd941dacfdf8 : cas=etranger — la réponse HTTP, elle, est le même 404 « televersement-inconnu » dans les deux cas (décision du propriétaire du dépôt : pas d'oracle d'énumération).

stderr | src/http/routes-televersement.test.ts > routes de téléversement, moteur=sqlite > 🔴 le téléversement d’AUTRUI rend le MÊME corps que l’inconnu
refus d'accès au téléversement 00000000-0000-4000-8000-000000000000 pour l'utilisateur cf109ade-8edc-4f76-a977-fd941dacfdf8 : cas=inconnu — la réponse HTTP, elle, est le même 404 « televersement-inconnu » dans les deux cas (décision du propriétaire du dépôt : pas d'oracle d'énumération).

stderr | src/http/serveur.test.ts > le chaînage des quatre routeurs > 🔴 une route qui REJETTE rend 500 { refus: interne }, et le processus SURVIT
route HTTP en échec : Error: base injoignable

stderr | src/http/routes-installation.test.ts > routes /installation, moteur=sqlite > 🔴 UN AGENT DE LA VM `B` N’OBTIENT PAS L’INSTALLEUR DESTINÉ À `A` — MUTATION n°1
refus d'acces a le contenu du televersement aa896216-8659-48f8-ae34-54ff4a897ca5 pour l'agent PREFIXE-B : cas=etrangere — la reponse HTTP, elle, est INDISTINGUABLE d'une ressource inconnue.

stdout | src/http/serveur.test.ts > le chaînage des quatre routeurs > 🔴 les DEUX montées WebSocket sont INCHANGÉES
magasin d icones : /tmp/user/0/g2-icones-poiNSo/icones
magasin de tranches : /tmp/user/0/g3-tranches-c2T92M/televersements

stderr | src/http/routes-installation.test.ts > routes /installation, moteur=sqlite > 🔴 UN AGENT DE LA VM `B` N’OBTIENT PAS L’INSTALLEUR DESTINÉ À `A` — MUTATION n°1
refus d'acces a le contenu du televersement jamais-vu pour l'agent PREFIXE-B : cas=inconnue — la reponse HTTP, elle, est INDISTINGUABLE d'une ressource inconnue.

stdout | src/http/serveur.test.ts > la trame maximale acceptée avant toute authentification > (a) 🔴 une trame TROP GRANDE ferme le socket en 1009, sur `/`
magasin d icones : /tmp/user/0/g2-icones-poiNSo/icones
magasin de tranches : /tmp/user/0/g3-tranches-c2T92M/televersements

stdout | src/http/serveur.test.ts > la trame maximale acceptée avant toute authentification > (a bis) 🔴 et sur `/agent` AUSSI, qui est l’autre porte anonyme
magasin d icones : /tmp/user/0/g2-icones-poiNSo/icones
magasin de tranches : /tmp/user/0/g3-tranches-c2T92M/televersements

stdout | src/http/serveur.test.ts > la trame maximale acceptée avant toute authentification > (b) 🔴 une trame JUSTE SOUS la borne est acceptée et servie
magasin d icones : /tmp/user/0/g2-icones-poiNSo/icones
magasin de tranches : /tmp/user/0/g3-tranches-c2T92M/televersements

stderr | src/http/routes-televersement.test.ts > routes de téléversement, moteur=sqlite > 🔴 RECALCULE l’empreinte : des tranches de la bonne taille au mauvais contenu sont refusées
scellement refusé pour le téléversement 83acf356-82f7-4f35-a77c-d34b454a8cc1 : empreinte annoncée 84d89877f0d4041efb6bf91a16f0248f2fd573e6af05c19f96bedb9f882f7882, empreinte relue fa5154cd42c265c5b0566afd6a185368d6cb42e0078f06c451ac2c8a5081cc4b — les octets stockés ne sont pas ceux que le déposant a annoncés.

stderr | src/http/routes-televersement.test.ts > routes de téléversement, moteur=sqlite > un scellement d’AUTRUI rend le même 404 que l’inconnu
refus d'accès au téléversement 0e161857-691e-4ab4-abdd-45e816653020 pour l'utilisateur 8c88c686-ba37-483e-9fcb-204d14c54591 : cas=etranger — la réponse HTTP, elle, est le même 404 « televersement-inconnu » dans les deux cas (décision du propriétaire du dépôt : pas d'oracle d'énumération).

stderr | src/http/routes-televersement.test.ts > routes de téléversement, moteur=sqlite > un dépôt sur le téléversement d’autrui n’écrit RIEN
refus d'accès au téléversement f06210c1-9aa0-432f-9791-1c0cf6d1285e pour l'utilisateur fd757f74-d004-488f-bc3f-9cd10889ad8b : cas=etranger — la réponse HTTP, elle, est le même 404 « televersement-inconnu » dans les deux cas (décision du propriétaire du dépôt : pas d'oracle d'énumération).

 ✓ src/http/routes-televersement.test.ts (17 tests) 865ms
stdout | src/http/routes-auth.test.ts > routes d’authentification > mot de passe faux et courriel inconnu rendent le MÊME message
magasin d icones : /tmp/user/0/g2-icones-eYlW3w/icones
magasin de tranches : /tmp/user/0/g3-tranches-cRhjAD/televersements

stdout | src/http/routes-auth.test.ts > routes d’authentification > REJEU : rafraîchir deux fois le même jeton rend 401, et la famille tombe
magasin d icones : /tmp/user/0/g2-icones-oj2E1O/icones
magasin de tranches : /tmp/user/0/g3-tranches-LZ4eik/televersements

stdout | src/http/routes-auth.test.ts > routes d’authentification > borne le corps à 4 KiB : 5 KiB rend 413
magasin d icones : /tmp/user/0/g2-icones-9xFMf6/icones
magasin de tranches : /tmp/user/0/g3-tranches-vOejsg/televersements

stdout | src/http/routes-auth.test.ts > routes d’authentification > refuse une méthode autre que POST par 405, et un corps non-JSON par 400
magasin d icones : /tmp/user/0/g2-icones-7t1qRK/icones
magasin de tranches : /tmp/user/0/g3-tranches-aWf6if/televersements

stdout | src/agents/canal.test.ts > le canal, CÂBLÉ dans le service entier > 🔴 le chemin `/agent` du service sert réellement le canal
magasin d icones : /tmp/user/0/g2-icones-0Y3JiS/icones
magasin de tranches : /tmp/user/0/g3-tranches-GTzQUD/televersements

stdout | src/http/routes-auth.test.ts > routes d’authentification > OPTIONS rend 204, avec les en-têtes CORS SEULEMENT si une origine est autorisée
magasin d icones : /tmp/user/0/g2-icones-UR18ca/icones
magasin de tranches : /tmp/user/0/g3-tranches-repeSL/televersements

stdout | src/http/routes-auth.test.ts > routes d’authentification > OPTIONS rend 204, avec les en-têtes CORS SEULEMENT si une origine est autorisée
magasin d icones : /tmp/user/0/g2-icones-ImpYzy/icones
magasin de tranches : /tmp/user/0/g3-tranches-VI6awA/televersements

stdout | src/http/routes-auth.test.ts > routes d’authentification > laisse le 404 de P1 intact sur un chemin qui n’est pas d’authentification
magasin d icones : /tmp/user/0/g2-icones-Yo4bVE/icones
magasin de tranches : /tmp/user/0/g3-tranches-RAHYef/televersements

stderr | src/agents/canal.test.ts > le frein du canal /agent > (a) la n+1ᵉ tentative sur la MÊME VM est refusée par le frein
enrôlement refusé pour la VM v-1

stdout | src/http/routes-auth.test.ts > routes d’authentification > CRITÈRE ④ : aucune trace ni aucune réponse ne porte le CHAMP du mot de passe
magasin d icones : /tmp/user/0/g2-icones-kUvsF6/icones
magasin de tranches : /tmp/user/0/g3-tranches-CFTBdo/televersements

stdout | src/http/serveur.test.ts > la trame maximale acceptée avant toute authentification > (d) 🔴 LE PROCESSUS SURVIT à la trame refusée, et sert la requête suivante
magasin d icones : /tmp/user/0/g2-icones-poiNSo/icones
magasin de tranches : /tmp/user/0/g3-tranches-c2T92M/televersements

stderr | src/agents/canal.test.ts > le frein du canal /agent > (a) la n+1ᵉ tentative sur la MÊME VM est refusée par le frein
enrôlement refusé pour la VM v-1

 ✓ src/http/serveur.test.ts (14 tests) 2168ms
   ✓ la trame maximale acceptée avant toute authentification > (b) 🔴 une trame JUSTE SOUS la borne est acceptée et servie 1512ms
stderr | src/agents/canal.test.ts > le frein du canal /agent > (a) la n+1ᵉ tentative sur la MÊME VM est refusée par le frein
enrôlement refusé pour la VM v-1

stderr | src/agents/canal.test.ts > le frein du canal /agent > (a) la n+1ᵉ tentative sur la MÊME VM est refusée par le frein
enrôlement refusé pour la VM v-1

stderr | src/agents/canal.test.ts > le frein du canal /agent > (a) la n+1ᵉ tentative sur la MÊME VM est refusée par le frein
enrôlement refusé pour la VM v-1
frein route=/agent adresse=127.0.0.1 cles="agent:v-1 adr:127.0.0.1" retry_apres_s=900 entrees=2 evictions=0

stderr | src/agents/canal.test.ts > le frein du canal /agent > (a) la n+1ᵉ tentative sur la MÊME VM est refusée par le frein
frein route=/agent adresse=127.0.0.1 cles="agent:v-1 adr:127.0.0.1" retry_apres_s=900 entrees=2 evictions=0

stderr | src/agents/canal.test.ts > le frein du canal /agent > (b) la n+1ᵉ depuis la MÊME adresse, VMs toutes DISTINCTES, est freinée
enrôlement refusé pour la VM inconnue-0

stderr | src/agents/canal.test.ts > le frein du canal /agent > (b) la n+1ᵉ depuis la MÊME adresse, VMs toutes DISTINCTES, est freinée
enrôlement refusé pour la VM inconnue-1

stderr | src/agents/canal.test.ts > le frein du canal /agent > (b) la n+1ᵉ depuis la MÊME adresse, VMs toutes DISTINCTES, est freinée
enrôlement refusé pour la VM inconnue-2

stderr | src/agents/canal.test.ts > le frein du canal /agent > (b) la n+1ᵉ depuis la MÊME adresse, VMs toutes DISTINCTES, est freinée
enrôlement refusé pour la VM inconnue-3

stderr | src/agents/canal.test.ts > le frein du canal /agent > (b) la n+1ᵉ depuis la MÊME adresse, VMs toutes DISTINCTES, est freinée
enrôlement refusé pour la VM inconnue-4

stderr | src/agents/canal.test.ts > le frein du canal /agent > (b) la n+1ᵉ depuis la MÊME adresse, VMs toutes DISTINCTES, est freinée
enrôlement refusé pour la VM inconnue-5

stderr | src/agents/canal.test.ts > le frein du canal /agent > (b) la n+1ᵉ depuis la MÊME adresse, VMs toutes DISTINCTES, est freinée
enrôlement refusé pour la VM inconnue-6

stderr | src/agents/canal.test.ts > le frein du canal /agent > (b) la n+1ᵉ depuis la MÊME adresse, VMs toutes DISTINCTES, est freinée
enrôlement refusé pour la VM inconnue-7

stderr | src/agents/canal.test.ts > le frein du canal /agent > (b) la n+1ᵉ depuis la MÊME adresse, VMs toutes DISTINCTES, est freinée
enrôlement refusé pour la VM inconnue-8

stderr | src/agents/canal.test.ts > le frein du canal /agent > (b) la n+1ᵉ depuis la MÊME adresse, VMs toutes DISTINCTES, est freinée
enrôlement refusé pour la VM inconnue-9

stderr | src/agents/canal.test.ts > le frein du canal /agent > (b) la n+1ᵉ depuis la MÊME adresse, VMs toutes DISTINCTES, est freinée
enrôlement refusé pour la VM inconnue-10

stderr | src/agents/canal.test.ts > le frein du canal /agent > (b) la n+1ᵉ depuis la MÊME adresse, VMs toutes DISTINCTES, est freinée
enrôlement refusé pour la VM inconnue-11

stderr | src/agents/canal.test.ts > le frein du canal /agent > (b) la n+1ᵉ depuis la MÊME adresse, VMs toutes DISTINCTES, est freinée
enrôlement refusé pour la VM inconnue-12

stderr | src/agents/canal.test.ts > le frein du canal /agent > (b) la n+1ᵉ depuis la MÊME adresse, VMs toutes DISTINCTES, est freinée
enrôlement refusé pour la VM inconnue-13

stderr | src/agents/canal.test.ts > le frein du canal /agent > (b) la n+1ᵉ depuis la MÊME adresse, VMs toutes DISTINCTES, est freinée
enrôlement refusé pour la VM inconnue-14

stdout | src/http/routes-auth.test.ts > le frein des routes d’authentification > (a) la n+1ᵉ tentative sur le MÊME compte est refusée par le frein
magasin d icones : /tmp/user/0/g2-icones-xNaNJH/icones
magasin de tranches : /tmp/user/0/g3-tranches-Qm8kdN/televersements

stderr | src/agents/canal.test.ts > le frein du canal /agent > (b) la n+1ᵉ depuis la MÊME adresse, VMs toutes DISTINCTES, est freinée
enrôlement refusé pour la VM inconnue-15

stderr | src/agents/canal.test.ts > le frein du canal /agent > (b) la n+1ᵉ depuis la MÊME adresse, VMs toutes DISTINCTES, est freinée
enrôlement refusé pour la VM inconnue-16

stderr | src/agents/canal.test.ts > le frein du canal /agent > (b) la n+1ᵉ depuis la MÊME adresse, VMs toutes DISTINCTES, est freinée
enrôlement refusé pour la VM inconnue-17

stderr | src/agents/canal.test.ts > le frein du canal /agent > (b) la n+1ᵉ depuis la MÊME adresse, VMs toutes DISTINCTES, est freinée
enrôlement refusé pour la VM inconnue-18

stderr | src/agents/canal.test.ts > le frein du canal /agent > (b) la n+1ᵉ depuis la MÊME adresse, VMs toutes DISTINCTES, est freinée
enrôlement refusé pour la VM inconnue-19

stderr | src/agents/canal.test.ts > le frein du canal /agent > (b) la n+1ᵉ depuis la MÊME adresse, VMs toutes DISTINCTES, est freinée
enrôlement refusé pour la VM inconnue-20

stderr | src/agents/canal.test.ts > le frein du canal /agent > (b) la n+1ᵉ depuis la MÊME adresse, VMs toutes DISTINCTES, est freinée
enrôlement refusé pour la VM inconnue-21

stderr | src/agents/canal.test.ts > le frein du canal /agent > (b) la n+1ᵉ depuis la MÊME adresse, VMs toutes DISTINCTES, est freinée
enrôlement refusé pour la VM inconnue-22

stderr | src/agents/canal.test.ts > le frein du canal /agent > (b) la n+1ᵉ depuis la MÊME adresse, VMs toutes DISTINCTES, est freinée
enrôlement refusé pour la VM inconnue-23

stderr | src/agents/canal.test.ts > le frein du canal /agent > (b) la n+1ᵉ depuis la MÊME adresse, VMs toutes DISTINCTES, est freinée
enrôlement refusé pour la VM inconnue-24

stderr | src/agents/canal.test.ts > le frein du canal /agent > (b) la n+1ᵉ depuis la MÊME adresse, VMs toutes DISTINCTES, est freinée
enrôlement refusé pour la VM inconnue-25

stderr | src/agents/canal.test.ts > le frein du canal /agent > (b) la n+1ᵉ depuis la MÊME adresse, VMs toutes DISTINCTES, est freinée
enrôlement refusé pour la VM inconnue-26

stderr | src/agents/canal.test.ts > le frein du canal /agent > (b) la n+1ᵉ depuis la MÊME adresse, VMs toutes DISTINCTES, est freinée
enrôlement refusé pour la VM inconnue-27

stderr | src/agents/canal.test.ts > le frein du canal /agent > (b) la n+1ᵉ depuis la MÊME adresse, VMs toutes DISTINCTES, est freinée
enrôlement refusé pour la VM inconnue-28

stderr | src/agents/canal.test.ts > le frein du canal /agent > (b) la n+1ᵉ depuis la MÊME adresse, VMs toutes DISTINCTES, est freinée
enrôlement refusé pour la VM inconnue-29

stderr | src/agents/canal.test.ts > le frein du canal /agent > (b) la n+1ᵉ depuis la MÊME adresse, VMs toutes DISTINCTES, est freinée
enrôlement refusé pour la VM inconnue-30

stderr | src/agents/canal.test.ts > le frein du canal /agent > (b) la n+1ᵉ depuis la MÊME adresse, VMs toutes DISTINCTES, est freinée
enrôlement refusé pour la VM inconnue-31

stderr | src/agents/canal.test.ts > le frein du canal /agent > (b) la n+1ᵉ depuis la MÊME adresse, VMs toutes DISTINCTES, est freinée
enrôlement refusé pour la VM inconnue-32

stderr | src/agents/canal.test.ts > le frein du canal /agent > (b) la n+1ᵉ depuis la MÊME adresse, VMs toutes DISTINCTES, est freinée
enrôlement refusé pour la VM inconnue-33

stderr | src/agents/canal.test.ts > le frein du canal /agent > (b) la n+1ᵉ depuis la MÊME adresse, VMs toutes DISTINCTES, est freinée
enrôlement refusé pour la VM inconnue-34

stderr | src/agents/canal.test.ts > le frein du canal /agent > (b) la n+1ᵉ depuis la MÊME adresse, VMs toutes DISTINCTES, est freinée
enrôlement refusé pour la VM inconnue-35

stderr | src/agents/canal.test.ts > le frein du canal /agent > (b) la n+1ᵉ depuis la MÊME adresse, VMs toutes DISTINCTES, est freinée
enrôlement refusé pour la VM inconnue-36

stderr | src/agents/canal.test.ts > le frein du canal /agent > (b) la n+1ᵉ depuis la MÊME adresse, VMs toutes DISTINCTES, est freinée
enrôlement refusé pour la VM inconnue-37

stderr | src/agents/canal.test.ts > le frein du canal /agent > (b) la n+1ᵉ depuis la MÊME adresse, VMs toutes DISTINCTES, est freinée
enrôlement refusé pour la VM inconnue-38

stderr | src/agents/canal.test.ts > le frein du canal /agent > (b) la n+1ᵉ depuis la MÊME adresse, VMs toutes DISTINCTES, est freinée
enrôlement refusé pour la VM inconnue-39

stderr | src/agents/canal.test.ts > le frein du canal /agent > (b) la n+1ᵉ depuis la MÊME adresse, VMs toutes DISTINCTES, est freinée
enrôlement refusé pour la VM inconnue-40

stderr | src/agents/canal.test.ts > le frein du canal /agent > (b) la n+1ᵉ depuis la MÊME adresse, VMs toutes DISTINCTES, est freinée
enrôlement refusé pour la VM inconnue-41

stderr | src/agents/canal.test.ts > le frein du canal /agent > (b) la n+1ᵉ depuis la MÊME adresse, VMs toutes DISTINCTES, est freinée
enrôlement refusé pour la VM inconnue-42

stderr | src/agents/canal.test.ts > le frein du canal /agent > (b) la n+1ᵉ depuis la MÊME adresse, VMs toutes DISTINCTES, est freinée
enrôlement refusé pour la VM inconnue-43

stderr | src/agents/canal.test.ts > le frein du canal /agent > (b) la n+1ᵉ depuis la MÊME adresse, VMs toutes DISTINCTES, est freinée
enrôlement refusé pour la VM inconnue-44

stderr | src/agents/canal.test.ts > le frein du canal /agent > (b) la n+1ᵉ depuis la MÊME adresse, VMs toutes DISTINCTES, est freinée
enrôlement refusé pour la VM inconnue-45

stderr | src/agents/canal.test.ts > le frein du canal /agent > (b) la n+1ᵉ depuis la MÊME adresse, VMs toutes DISTINCTES, est freinée
enrôlement refusé pour la VM inconnue-46

stderr | src/agents/canal.test.ts > le frein du canal /agent > (b) la n+1ᵉ depuis la MÊME adresse, VMs toutes DISTINCTES, est freinée
enrôlement refusé pour la VM inconnue-47

stderr | src/agents/canal.test.ts > le frein du canal /agent > (b) la n+1ᵉ depuis la MÊME adresse, VMs toutes DISTINCTES, est freinée
enrôlement refusé pour la VM inconnue-48

stderr | src/agents/canal.test.ts > le frein du canal /agent > (b) la n+1ᵉ depuis la MÊME adresse, VMs toutes DISTINCTES, est freinée
enrôlement refusé pour la VM inconnue-49
frein route=/agent adresse=127.0.0.1 cles="agent:inconnue-49 adr:127.0.0.1" retry_apres_s=900 entrees=51 evictions=0

stderr | src/agents/canal.test.ts > le frein du canal /agent > (b) la n+1ᵉ depuis la MÊME adresse, VMs toutes DISTINCTES, est freinée
frein route=/agent adresse=127.0.0.1 cles="agent:encore-une-autre adr:127.0.0.1" retry_apres_s=900 entrees=51 evictions=0

stderr | src/agents/canal.test.ts > le frein du canal /agent > (c) 🔴 le refus freiné est le MÊME MESSAGE que le refus d’enrôlement
enrôlement refusé pour la VM v-1

stderr | src/agents/canal.test.ts > le frein du canal /agent > (c) 🔴 le refus freiné est le MÊME MESSAGE que le refus d’enrôlement
enrôlement refusé pour la VM v-1

stderr | src/agents/canal.test.ts > le frein du canal /agent > (c) 🔴 le refus freiné est le MÊME MESSAGE que le refus d’enrôlement
enrôlement refusé pour la VM v-1

stderr | src/http/routes-auth.test.ts > le frein des routes d’authentification > (a) la n+1ᵉ tentative sur le MÊME compte est refusée par le frein
frein route=/auth/connexion adresse=127.0.0.1 cles="compte:ada@exemple.test adr:127.0.0.1" retry_apres_s=900 entrees=2 evictions=0

stderr | src/agents/canal.test.ts > le frein du canal /agent > (c) 🔴 le refus freiné est le MÊME MESSAGE que le refus d’enrôlement
enrôlement refusé pour la VM v-1

 ✓ src/apps/magasin-tranches.test.ts (22 tests) 175ms
stdout | src/http/routes-auth.test.ts > le frein des routes d’authentification > (a bis) le frein du compte mord même avec le BON mot de passe
magasin d icones : /tmp/user/0/g2-icones-Yz7TE3/icones
magasin de tranches : /tmp/user/0/g3-tranches-5vEzgA/televersements

stderr | src/agents/canal.test.ts > le frein du canal /agent > (c) 🔴 le refus freiné est le MÊME MESSAGE que le refus d’enrôlement
enrôlement refusé pour la VM v-1
frein route=/agent adresse=127.0.0.1 cles="agent:v-1 adr:127.0.0.1" retry_apres_s=900 entrees=2 evictions=0

stderr | src/agents/canal.test.ts > le frein du canal /agent > (c) 🔴 le refus freiné est le MÊME MESSAGE que le refus d’enrôlement
frein route=/agent adresse=127.0.0.1 cles="agent:v-1 adr:127.0.0.1" retry_apres_s=900 entrees=2 evictions=0

stderr | src/agents/canal.test.ts > le frein du canal /agent > (c) 🔴 le refus freiné est le MÊME MESSAGE que le refus d’enrôlement
frein route=/agent adresse=127.0.0.1 cles="agent:v-1 adr:127.0.0.1" retry_apres_s=900 entrees=2 evictions=0

 ✓ src/securite/secrets.test.ts (4 tests) 2204ms
   ✓ aucun secret dans un fichier versionné > 🔴 ne trouve aucune affectation littérale hors des exceptions déclarées 1494ms
   ✓ aucun secret dans un fichier versionné > 🔴 chaque exception correspond à une trouvaille RÉELLE 694ms
stderr | src/http/routes-auth.test.ts > le frein des routes d’authentification > (a bis) le frein du compte mord même avec le BON mot de passe
frein route=/auth/connexion adresse=127.0.0.1 cles="compte:ada@exemple.test adr:127.0.0.1" retry_apres_s=900 entrees=2 evictions=0

stdout | src/http/routes-auth.test.ts > le frein des routes d’authentification > (a ter) la casse du courriel ne donne PAS un budget neuf
magasin d icones : /tmp/user/0/g2-icones-EcvO1s/icones
magasin de tranches : /tmp/user/0/g3-tranches-LlBD5Z/televersements

(node:2599910) ExperimentalWarning: SQLite is an experimental feature and might change at any time
(Use `node --trace-warnings ...` to show where the warning was created)
stderr | src/agents/canal.test.ts > le frein du canal /agent > (e) 🔴 le refus freiné ne lit RIEN en base — donc ne dérive aucun `scrypt`
enrôlement refusé pour la VM v-1

stderr | src/agents/canal.test.ts > le frein du canal /agent > (e) 🔴 le refus freiné ne lit RIEN en base — donc ne dérive aucun `scrypt`
enrôlement refusé pour la VM v-1

(node:2600012) ExperimentalWarning: SQLite is an experimental feature and might change at any time
(Use `node --trace-warnings ...` to show where the warning was created)
stderr | src/http/routes-auth.test.ts > le frein des routes d’authentification > (a ter) la casse du courriel ne donne PAS un budget neuf
frein route=/auth/connexion adresse=127.0.0.1 cles="compte:ada@exemple.test adr:127.0.0.1" retry_apres_s=900 entrees=2 evictions=0

stderr | src/agents/canal.test.ts > le frein du canal /agent > (e) 🔴 le refus freiné ne lit RIEN en base — donc ne dérive aucun `scrypt`
enrôlement refusé pour la VM v-1

 ✓ src/depot/application.test.ts (12 tests) 103ms
stdout | src/http/routes-auth.test.ts > le frein des routes d’authentification > (b) la n+1ᵉ depuis la MÊME adresse, comptes tous DISTINCTS, est refusée
magasin d icones : /tmp/user/0/g2-icones-ygVX46/icones
magasin de tranches : /tmp/user/0/g3-tranches-HF0Faz/televersements

stderr | src/http/routes-vm.test.ts > routes /vm, moteur=sqlite > 🔴 `POST /vm/<id>/instantane` → 501 et un corps TYPÉ — le critère ①
opération refusée : instantane n'est pas supportée par le backend inventaire-statique, qui ne pilote aucun hyperviseur — il inventorie ce qu'un administrateur a enrôlé, et n'écrit que vm.utilisateur_id.

stderr | src/http/routes-vm.test.ts > routes /vm, moteur=sqlite > `POST /vm/<id>/demarrer` → 501
opération refusée : demarrer n'est pas supportée par le backend inventaire-statique, qui ne pilote aucun hyperviseur — il inventorie ce qu'un administrateur a enrôlé, et n'écrit que vm.utilisateur_id.

stderr | src/http/routes-vm.test.ts > routes /vm, moteur=sqlite > `POST /vm/<id>/arreter` → 501
opération refusée : arreter n'est pas supportée par le backend inventaire-statique, qui ne pilote aucun hyperviseur — il inventorie ce qu'un administrateur a enrôlé, et n'écrit que vm.utilisateur_id.

stderr | src/agents/canal.test.ts > le frein du canal /agent > (e) 🔴 le refus freiné ne lit RIEN en base — donc ne dérive aucun `scrypt`
enrôlement refusé pour la VM v-1

 ✓ src/http/routes-vm.test.ts (15 tests) 538ms
stderr | src/agents/canal.test.ts > le frein du canal /agent > (e) 🔴 le refus freiné ne lit RIEN en base — donc ne dérive aucun `scrypt`
enrôlement refusé pour la VM v-1
frein route=/agent adresse=127.0.0.1 cles="agent:v-1 adr:127.0.0.1" retry_apres_s=900 entrees=2 evictions=0

stderr | src/agents/canal.test.ts > le frein du canal /agent > (e) 🔴 le refus freiné ne lit RIEN en base — donc ne dérive aucun `scrypt`
frein route=/agent adresse=127.0.0.1 cles="agent:v-1 adr:127.0.0.1" retry_apres_s=900 entrees=2 evictions=0

stderr | src/agents/canal.test.ts > le frein du canal /agent > (f) un enrôlement RÉUSSI remet le compteur de la VM à zéro
enrôlement refusé pour la VM v-1

stderr | src/http/routes-applications.test.ts > routes /applications, moteur=sqlite > 🔴 lancer une application d'une VM ÉTRANGÈRE répond comme une VM INCONNUE
refus d'accès à la VM v-1 pour l'utilisateur 839adcb4-86c6-49d6-85bc-10989aee0672 : cas=etrangere — la réponse HTTP, elle, est le même 404 « vm-inconnue » dans les deux cas (décision du propriétaire du dépôt : pas d'oracle d'énumération).

stderr | src/http/routes-applications.test.ts > routes /applications, moteur=sqlite > 🔴 lancer une application d'une VM ÉTRANGÈRE répond comme une VM INCONNUE
refus d'accès à la VM jamais-vue pour l'utilisateur 839adcb4-86c6-49d6-85bc-10989aee0672 : cas=inconnue — la réponse HTTP, elle, est le même 404 « vm-inconnue » dans les deux cas (décision du propriétaire du dépôt : pas d'oracle d'énumération).

 ✓ src/http/routes-applications.test.ts (19 tests) 5935ms
   ✓ routes /applications, moteur=sqlite > 🔴 rend 504 quand l'agent NE RÉPOND PAS, jamais 202 sans attendre 5027ms
stderr | src/agents/canal.test.ts > le frein du canal /agent > (f) un enrôlement RÉUSSI remet le compteur de la VM à zéro
enrôlement refusé pour la VM v-1

stderr | src/agents/canal.test.ts > le frein du canal /agent > (f) un enrôlement RÉUSSI remet le compteur de la VM à zéro
enrôlement refusé pour la VM v-1

stderr | src/agents/canal.test.ts > le frein du canal /agent > (f) un enrôlement RÉUSSI remet le compteur de la VM à zéro
enrôlement refusé pour la VM v-1

(node:2600154) ExperimentalWarning: SQLite is an experimental feature and might change at any time
(Use `node --trace-warnings ...` to show where the warning was created)
stderr | src/agents/canal.test.ts > le frein du canal /agent > (f) un enrôlement RÉUSSI remet le compteur de la VM à zéro
enrôlement refusé pour la VM v-1

 ✓ src/http/routes-session.test.ts (10 tests) 425ms
stderr | src/agents/canal.test.ts > le frein du canal /agent > (f) un enrôlement RÉUSSI remet le compteur de la VM à zéro
enrôlement refusé pour la VM v-1

stderr | src/signaling/server.test.ts > serveur de signaling > relaie une offre du client vers l'agent
aucun serveur TURN configuré (TURN_URL/TURN_SECRET) : session sans relais

stderr | src/signaling/server.test.ts > serveur de signaling > relaie une offre du client vers l'agent
aucun serveur TURN configuré (TURN_URL/TURN_SECRET) : session sans relais

stderr | src/signaling/server.test.ts > serveur de signaling > relaie une réponse de l'agent vers le client
aucun serveur TURN configuré (TURN_URL/TURN_SECRET) : session sans relais

stderr | src/signaling/server.test.ts > serveur de signaling > relaie une réponse de l'agent vers le client
aucun serveur TURN configuré (TURN_URL/TURN_SECRET) : session sans relais

stderr | src/signaling/server.test.ts > serveur de signaling > isole les sessions entre elles
aucun serveur TURN configuré (TURN_URL/TURN_SECRET) : session sans relais

stderr | src/signaling/server.test.ts > serveur de signaling > isole les sessions entre elles
aucun serveur TURN configuré (TURN_URL/TURN_SECRET) : session sans relais

stderr | src/agents/canal.test.ts > le frein du canal /agent > (f) un enrôlement RÉUSSI remet le compteur de la VM à zéro
enrôlement refusé pour la VM v-1

stderr | src/agents/canal.test.ts > le frein du canal /agent > (f) un enrôlement RÉUSSI remet le compteur de la VM à zéro
enrôlement refusé pour la VM v-1

stderr | src/http/routes-installation.test.ts > routes /installation, moteur=sqlite > 🔴 un contenu NON SCELLÉ est refusé 409 — et l'agent ÉTRANGER, lui, lit 404
refus d'acces a le contenu du televersement 90de0ff4-2531-44ad-982b-53b7fff6ccf0 pour l'agent PREFIXE-B : cas=etrangere — la reponse HTTP, elle, est INDISTINGUABLE d'une ressource inconnue.

 ✓ src/agents/canal.test.ts (14 tests) 6533ms
   ✓ la boucle du canal /agent > `enroler` avec le BON secret rend `enrole`, avec préfixe et jeton 528ms
   ✓ le frein du canal /agent > (a) la n+1ᵉ tentative sur la MÊME VM est refusée par le frein 603ms
   ✓ le frein du canal /agent > (c) 🔴 le refus freiné est le MÊME MESSAGE que le refus d’enrôlement 563ms
   ✓ le frein du canal /agent > (d) le JOURNAL, lui, distingue les deux 528ms
   ✓ le frein du canal /agent > (e) 🔴 le refus freiné ne lit RIEN en base — donc ne dérive aucun `scrypt` 812ms
   ✓ le frein du canal /agent > (f) un enrôlement RÉUSSI remet le compteur de la VM à zéro 1985ms
stderr | src/http/routes-installation.test.ts > routes /installation, moteur=sqlite > 🔴 `en_cours` reste servi — c'est la REPRISE —, `terminee` ne l'est plus
refus d'acces a le contenu du televersement 3ad595ad-1879-48f0-b770-063460af8630 pour l'agent PREFIXE-A : cas=etrangere — la reponse HTTP, elle, est INDISTINGUABLE d'une ressource inconnue.

 ✓ src/http/routes-installation.test.ts (21 tests) 7342ms
   ✓ routes /installation, moteur=sqlite > 🔴 UN AGENT DE LA VM `B` N’OBTIENT PAS L’INSTALLEUR DESTINÉ À `A` — MUTATION n°1 3122ms
   ✓ routes /installation, moteur=sqlite > sert les octets EN FLUX, à l'identique, avec sa longueur et sans nom de fichier 3052ms
(node:2600396) ExperimentalWarning: SQLite is an experimental feature and might change at any time
(Use `node --trace-warnings ...` to show where the warning was created)
 ✓ src/signaling/resilience.test.ts (3 tests) 1462ms
(node:2600593) ExperimentalWarning: SQLite is an experimental feature and might change at any time
(Use `node --trace-warnings ...` to show where the warning was created)
(node:2600601) ExperimentalWarning: SQLite is an experimental feature and might change at any time
(Use `node --trace-warnings ...` to show where the warning was created)
 ✓ src/agents/canal-apps.test.ts (11 tests) 7243ms
   ✓ le canal /agent, côté applications > un `catalogue` valide est FUSIONNÉ et ÉCRIT 327ms
   ✓ l'inventaire des icônes manquantes > 🔴 NE POUSSE RIEN quand le magasin a déjà tout — critère ⑤ 2273ms
   ✓ l'inventaire des icônes manquantes > ne réclame QUE ce qui manque, et ignore les applications SANS icône 486ms
   ✓ l'inventaire des icônes manquantes > 🔴 REDEMANDE une icône dont le FICHIER a disparu — critère ⑦ 347ms
   ✓ l'inventaire des icônes manquantes > sans magasin, aucun inventaire — et le catalogue s’écrit quand même 2456ms
 ✓ src/depot/installation.test.ts (11 tests) 164ms
stderr | src/http/routes-icone.test.ts > routes d'icône, moteur=sqlite > PUT /icone/:sha256 — l’agent dépose > refuse un corps au-delà du plafond, en 413 TYPÉ
icone refusee, corps au-dela de 1048576 octets : d34ca1319dd00d103ae8cff499899d5942b22e9c22137baf801c8a63ac21218b

stdout | src/signaling/trace.test.ts > le service entier > écrit une ligne à l’appariement, et la clôt à la déconnexion des deux pairs
magasin d icones : /tmp/user/0/g2-icones-eGAUWv/icones
magasin de tranches : /tmp/user/0/g3-tranches-HPXGnQ/televersements

stderr | src/signaling/trace.test.ts > le service entier > écrit une ligne à l’appariement, et la clôt à la déconnexion des deux pairs
aucun serveur TURN configuré (TURN_URL/TURN_SECRET) : session sans relais

stderr | src/signaling/trace.test.ts > le service entier > écrit une ligne à l’appariement, et la clôt à la déconnexion des deux pairs
aucun serveur TURN configuré (TURN_URL/TURN_SECRET) : session sans relais
session RhH1x2QmTz9kLpVbNc7dAw:trace-1 : préfixe RhH1x2QmTz9kLpVbNc7dAw inconnu de agent_enrole, vm_id non inscrit

 ✓ src/http/routes-icone.test.ts (16 tests) 669ms
(node:2600638) ExperimentalWarning: SQLite is an experimental feature and might change at any time
(Use `node --trace-warnings ...` to show where the warning was created)
stdout | src/signaling/trace.test.ts > le service entier > n’écrit rien quand un seul pair s’est déclaré
magasin d icones : /tmp/user/0/g2-icones-eGAUWv/icones
magasin de tranches : /tmp/user/0/g3-tranches-HPXGnQ/televersements

stderr | src/signaling/trace.test.ts > le service entier > n’écrit rien quand un seul pair s’est déclaré
aucun serveur TURN configuré (TURN_URL/TURN_SECRET) : session sans relais

stderr | src/signaling/server.test.ts > serveur de signaling > signale la disparition du pair
aucun serveur TURN configuré (TURN_URL/TURN_SECRET) : session sans relais

stderr | src/signaling/server.test.ts > serveur de signaling > signale la disparition du pair
aucun serveur TURN configuré (TURN_URL/TURN_SECRET) : session sans relais

stderr | src/signaling/server.test.ts > serveur de signaling > rejette un second agent sur la même session
aucun serveur TURN configuré (TURN_URL/TURN_SECRET) : session sans relais

stderr | src/signaling/server.test.ts > serveur de signaling > rejette un message racine `null` en premier message sans planter, et permet de retenter
aucun serveur TURN configuré (TURN_URL/TURN_SECRET) : session sans relais

stderr | src/signaling/server.test.ts > serveur de signaling > rejette un message racine `null` en premier message sans planter, et permet de retenter
aucun serveur TURN configuré (TURN_URL/TURN_SECRET) : session sans relais

stderr | src/signaling/server.test.ts > serveur de signaling > rejette un message racine `null` en premier message sans planter, et permet de retenter
aucun serveur TURN configuré (TURN_URL/TURN_SECRET) : session sans relais

stderr | src/signaling/server.test.ts > serveur de signaling > rejette un message racine `null` en premier message sans planter, et permet de retenter
aucun serveur TURN configuré (TURN_URL/TURN_SECRET) : session sans relais

stderr | src/signaling/server.test.ts > serveur de signaling > rejette un message racine `null` en message suivant sans planter, et la session continue de fonctionner
aucun serveur TURN configuré (TURN_URL/TURN_SECRET) : session sans relais

stderr | src/signaling/server.test.ts > serveur de signaling > rejette un message racine `null` en message suivant sans planter, et la session continue de fonctionner
aucun serveur TURN configuré (TURN_URL/TURN_SECRET) : session sans relais

stderr | src/signaling/server.test.ts > serveur de signaling > rejette un message racine `null` en message suivant sans planter, et la session continue de fonctionner
aucun serveur TURN configuré (TURN_URL/TURN_SECRET) : session sans relais

stderr | src/signaling/server.test.ts > serveur de signaling > rejette un message racine `null` en message suivant sans planter, et la session continue de fonctionner
aucun serveur TURN configuré (TURN_URL/TURN_SECRET) : session sans relais

stderr | src/signaling/server.test.ts > serveur de signaling > relaie les messages de la session de contrôle entre superviseur et shell
aucun serveur TURN configuré (TURN_URL/TURN_SECRET) : session sans relais

stderr | src/signaling/server.test.ts > serveur de signaling > relaie les messages de la session de contrôle entre superviseur et shell
aucun serveur TURN configuré (TURN_URL/TURN_SECRET) : session sans relais

stderr | src/signaling/server.test.ts > serveur de signaling > délivre à l'agent l'offre arrivée avant lui
aucun serveur TURN configuré (TURN_URL/TURN_SECRET) : session sans relais

stderr | src/signaling/server.test.ts > serveur de signaling > délivre à l'agent l'offre arrivée avant lui
aucun serveur TURN configuré (TURN_URL/TURN_SECRET) : session sans relais

stderr | src/signaling/server.test.ts > serveur de signaling > ne délivre que la dernière offre, pas toutes celles reçues
aucun serveur TURN configuré (TURN_URL/TURN_SECRET) : session sans relais

stderr | src/signaling/server.test.ts > serveur de signaling > ne délivre que la dernière offre, pas toutes celles reçues
aucun serveur TURN configuré (TURN_URL/TURN_SECRET) : session sans relais

stderr | src/signaling/server.test.ts > serveur de signaling > oublie l'offre mémorisée quand la session se vide
aucun serveur TURN configuré (TURN_URL/TURN_SECRET) : session sans relais

stderr | src/signaling/server.test.ts > serveur de signaling > oublie l'offre mémorisée quand la session se vide
aucun serveur TURN configuré (TURN_URL/TURN_SECRET) : session sans relais

 ✓ src/identite/garde.test.ts (14 tests) 60ms
stderr | src/signaling/garde-fil.test.ts > la garde, au niveau du socket > CRITÈRE ① : un client sans jeton est refusé, et ne voit AUCUN ice-config
poignée de main refusée : poignée de main sans jeton sur la session s-1

stdout | src/signaling/trace.test.ts > le service entier > inscrit en base l’utilisateur du client authentifié qui apparie
magasin d icones : /tmp/user/0/g2-icones-eGAUWv/icones
magasin de tranches : /tmp/user/0/g3-tranches-HPXGnQ/televersements

stderr | src/signaling/trace.test.ts > le service entier > inscrit en base l’utilisateur du client authentifié qui apparie
aucun serveur TURN configuré (TURN_URL/TURN_SECRET) : session sans relais

stderr | src/signaling/trace.test.ts > le service entier > inscrit en base l’utilisateur du client authentifié qui apparie
aucun serveur TURN configuré (TURN_URL/TURN_SECRET) : session sans relais
session RhH1x2QmTz9kLpVbNc7dAw:bureau : préfixe RhH1x2QmTz9kLpVbNc7dAw inconnu de agent_enrole, vm_id non inscrit

 ✓ src/signaling/trace.test.ts (10 tests) 1927ms
   ✓ le service entier > n’écrit rien quand un seul pair s’est déclaré 670ms
(node:2601030) ExperimentalWarning: SQLite is an experimental feature and might change at any time
(Use `node --trace-warnings ...` to show where the warning was created)
stderr | src/signaling/garde-fil.test.ts > la garde, au niveau du socket > le socket est FERMÉ après le refus, et le message est arrivé AVANT
poignée de main refusée : poignée de main sans jeton sur la session s-1

 ✓ src/depot/session.test.ts (14 tests) 170ms
(node:2601106) ExperimentalWarning: SQLite is an experimental feature and might change at any time
(Use `node --trace-warnings ...` to show where the warning was created)
 ✓ src/depot/vm.test.ts (9 tests) 97ms
(node:2601204) ExperimentalWarning: SQLite is an experimental feature and might change at any time
(Use `node --trace-warnings ...` to show where the warning was created)
stderr | src/signaling/garde-fil.test.ts > la garde, au niveau du socket > CRITÈRE ② : un jeton dont la durée est écoulée est refusé jeton-expire
poignée de main refusée : jeton refusé (expire) sur la session s-3

(node:2601246) ExperimentalWarning: SQLite is an experimental feature and might change at any time
(Use `node --trace-warnings ...` to show where the warning was created)
 ✓ src/admin/attribuer-vm.test.ts (9 tests) 76ms
(node:2601314) ExperimentalWarning: SQLite is an experimental feature and might change at any time
(Use `node --trace-warnings ...` to show where the warning was created)
 ✓ src/signaling/server.test.ts (13 tests) 4473ms
   ✓ serveur de signaling > isole les sessions entre elles 2016ms
   ✓ serveur de signaling > oublie l'offre mémorisée quand la session se vide 2060ms
 ✓ src/http/porteur-agent.test.ts (7 tests) 63ms
stdout | src/http/entetes-routeurs.test.ts > les en-têtes de sécurité, un routeur à la fois > (1) `routes-auth` les pose — y compris sur une réponse d’ERREUR
magasin d icones : /tmp/user/0/g2-icones-Lq89Vl/icones
magasin de tranches : /tmp/user/0/g3-tranches-ykFrUN/televersements

stderr | src/signaling/garde-fil.test.ts > la garde, au niveau du socket > 🔴 un pair `agent` SANS jeton est REFUSÉ — la fenêtre de E2 est FERMÉE
poignée de main refusée : poignée de main sans jeton sur la session bureau

stdout | src/http/entetes-routeurs.test.ts > les en-têtes de sécurité, un routeur à la fois > (2) `routes-vm` les pose
magasin d icones : /tmp/user/0/g2-icones-Lq89Vl/icones
magasin de tranches : /tmp/user/0/g3-tranches-ykFrUN/televersements

 ✓ src/agents/registre.test.ts (9 tests) 51ms
stdout | src/http/entetes-routeurs.test.ts > les en-têtes de sécurité, un routeur à la fois > (3) `routes-session` les pose
magasin d icones : /tmp/user/0/g2-icones-Lq89Vl/icones
magasin de tranches : /tmp/user/0/g3-tranches-ykFrUN/televersements

stderr | src/signaling/garde-fil.test.ts > la garde, au niveau du socket > 🔴 …et il ne reçoit AUCUN `ice-config` — LA FUITE d’E12 est fermée
poignée de main refusée : poignée de main sans jeton sur la session bureau

stderr | src/http/routes-auth.test.ts > le frein des routes d’authentification > (b) la n+1ᵉ depuis la MÊME adresse, comptes tous DISTINCTS, est refusée
frein route=/auth/connexion adresse=127.0.0.1 cles="compte:n49@exemple.test adr:127.0.0.1" retry_apres_s=894 entrees=51 evictions=0

stdout | src/http/entetes-routeurs.test.ts > les en-têtes de sécurité, un routeur à la fois > (4) `routes-applications` les pose — le CINQUIÈME routeur, ajouté par G1
magasin d icones : /tmp/user/0/g2-icones-Lq89Vl/icones
magasin de tranches : /tmp/user/0/g3-tranches-ykFrUN/televersements

stdout | src/http/routes-auth.test.ts > le frein des routes d’authentification > (c) 🔴 le refus freiné NE TOUCHE PAS la base — donc aucun scrypt
magasin d icones : /tmp/user/0/g2-icones-321Goc/icones
magasin de tranches : /tmp/user/0/g3-tranches-Ytww1i/televersements

 ✓ src/config.test.ts (15 tests) 20ms
stdout | src/http/entetes-routeurs.test.ts > les en-têtes de sécurité, un routeur à la fois > (5) `routes-sante` les pose
magasin d icones : /tmp/user/0/g2-icones-Lq89Vl/icones
magasin de tranches : /tmp/user/0/g3-tranches-ykFrUN/televersements

 ✓ src/admin/enroler-agent.test.ts (13 tests) 1961ms
   ✓ enrolerLaVm, moteur=sqlite > 🔴 écrit l’EMPREINTE en base, JAMAIS le secret en clair 320ms
   ✓ roterLeSecret, moteur=sqlite > 🔴 (a) l'ANCIEN secret est refusé et le NEUF accepté, de bout en bout 656ms
   ✓ roterLeSecret, moteur=sqlite > 🔴 (b bis) le secret neuf est TIRÉ AU SORT : deux rotations diffèrent 485ms
stdout | src/http/entetes-routeurs.test.ts > les en-têtes de sécurité, un routeur à la fois > (6) 🔴 la réponse 200 de `/auth/connexion` porte `Cache-Control: no-store`
magasin d icones : /tmp/user/0/g2-icones-Lq89Vl/icones
magasin de tranches : /tmp/user/0/g3-tranches-ykFrUN/televersements

 ✓ src/signaling/garde-fil.test.ts (7 tests) 3288ms
   ✓ la garde, au niveau du socket > CRITÈRE ① : un client sans jeton est refusé, et ne voit AUCUN ice-config 574ms
   ✓ la garde, au niveau du socket > CRITÈRE ② : un jeton dont la durée est écoulée est refusé jeton-expire 522ms
   ✓ la garde, au niveau du socket > CRITÈRE ③ : u2 se voit refuser la session de u1, et le JOURNAL la nomme 523ms
   ✓ la garde, au niveau du socket > après le départ des deux pairs, u2 PEUT prendre la session 623ms
   ✓ la garde, au niveau du socket > 🔴 …et il ne reçoit AUCUN `ice-config` — LA FUITE d’E12 est fermée 513ms
 ✓ src/identite/jeton.test.ts (11 tests) 45ms
(node:2601652) ExperimentalWarning: SQLite is an experimental feature and might change at any time
(Use `node --trace-warnings ...` to show where the warning was created)
 ✓ src/agents/canal-installation.test.ts (6 tests) 3954ms
   ✓ la réémission des installations à l’enrôlement > 🔴 POUSSE l’ordre en attente, sans que le pair ait rien demandé 516ms
   ✓ la réémission des installations à l’enrôlement > 🔴 NE RÉÉMET PLUS une installation déjà commencée 2505ms
   ✓ les deux montantes de l’installation > 🔴 l'écriture de l'issue n'est PAS ATTENDUE, et son échec n'abat pas la connexion 305ms
stdout | src/http/entetes-routeurs.test.ts > les en-têtes de sécurité, un routeur à la fois > (6bis) `routes-icone` les pose — LE SIXIÈME ROUTEUR
magasin d icones : /tmp/user/0/g2-icones-Lq89Vl/icones
magasin de tranches : /tmp/user/0/g3-tranches-ykFrUN/televersements

stdout | src/http/entetes-routeurs.test.ts > les en-têtes de sécurité, un routeur à la fois > (6ter) `routes-televersement` les pose — LE SEPTIÈME ROUTEUR
magasin d icones : /tmp/user/0/g2-icones-Lq89Vl/icones
magasin de tranches : /tmp/user/0/g3-tranches-ykFrUN/televersements

stdout | src/http/entetes-routeurs.test.ts > les en-têtes de sécurité, un routeur à la fois > (6quater) `routes-installation` les pose — LE HUITIÈME ROUTEUR
magasin d icones : /tmp/user/0/g2-icones-Lq89Vl/icones
magasin de tranches : /tmp/user/0/g3-tranches-ykFrUN/televersements

stdout | src/http/entetes-routeurs.test.ts > les en-têtes de sécurité, un routeur à la fois > (7) le 404 générique et le 500 les portent aussi
magasin d icones : /tmp/user/0/g2-icones-Lq89Vl/icones
magasin de tranches : /tmp/user/0/g3-tranches-ykFrUN/televersements

stderr | src/http/routes-auth.test.ts > le frein des routes d’authentification > (c) 🔴 le refus freiné NE TOUCHE PAS la base — donc aucun scrypt
frein route=/auth/connexion adresse=127.0.0.1 cles="compte:ada@exemple.test adr:127.0.0.1" retry_apres_s=899 entrees=2 evictions=0

stdout | src/http/entetes-routeurs.test.ts > les en-têtes de sécurité, un routeur à la fois > (8) la réponse préalable OPTIONS les porte aussi
magasin d icones : /tmp/user/0/g2-icones-Lq89Vl/icones
magasin de tranches : /tmp/user/0/g3-tranches-ykFrUN/televersements

 ✓ src/http/entetes-routeurs.test.ts (11 tests) 2191ms
   ✓ les en-têtes de sécurité, un routeur à la fois > (1) `routes-auth` les pose — y compris sur une réponse d’ERREUR 404ms
   ✓ les en-têtes de sécurité, un routeur à la fois > (6) 🔴 la réponse 200 de `/auth/connexion` porte `Cache-Control: no-store` 532ms
(node:2601681) ExperimentalWarning: SQLite is an experimental feature and might change at any time
(Use `node --trace-warnings ...` to show where the warning was created)
stdout | src/http/routes-auth.test.ts > le frein des routes d’authentification > (d) un SUCCÈS remet le compteur du COMPTE à zéro
magasin d icones : /tmp/user/0/g2-icones-y2a5Ks/icones
magasin de tranches : /tmp/user/0/g3-tranches-zQ0e7A/televersements

(node:2601673) ExperimentalWarning: SQLite is an experimental feature and might change at any time
(Use `node --trace-warnings ...` to show where the warning was created)
 ✓ src/http/cors.test.ts (8 tests) 40ms
 ✓ src/depot/jeton.test.ts (7 tests) 91ms
stdout | src/http/routes-sante.test.ts > GET /sante > (a) base saine ⇒ 200 et `{"etat":"ok"}`
magasin d icones : /tmp/user/0/g2-icones-TQ7mvk/icones
magasin de tranches : /tmp/user/0/g3-tranches-j0fSvN/televersements

stdout | src/http/routes-sante.test.ts > GET /sante > (b) base en échec ⇒ 503 et `{"etat":"degrade"}`
magasin d icones : /tmp/user/0/g2-icones-TQ7mvk/icones
magasin de tranches : /tmp/user/0/g3-tranches-j0fSvN/televersements

stdout | src/http/routes-sante.test.ts > GET /sante > (c) 🔴 la réponse ne porte RIEN D'AUTRE
magasin d icones : /tmp/user/0/g2-icones-TQ7mvk/icones
magasin de tranches : /tmp/user/0/g3-tranches-j0fSvN/televersements

stdout | src/http/routes-sante.test.ts > GET /sante > (f) une méthode autre que GET rend 405
magasin d icones : /tmp/user/0/g2-icones-TQ7mvk/icones
magasin de tranches : /tmp/user/0/g3-tranches-j0fSvN/televersements

 ✓ src/apps/catalogue.test.ts (8 tests) 29ms
stdout | src/http/routes-sante.test.ts > GET /sante > (g) `/sante` n'est PAS authentifiée — aucun jeton n'est exigé
magasin d icones : /tmp/user/0/g2-icones-TQ7mvk/icones
magasin de tranches : /tmp/user/0/g3-tranches-j0fSvN/televersements

stdout | src/http/routes-sante.test.ts > GET /sante > (h) un chemin voisin n'est PAS servi par la santé
magasin d icones : /tmp/user/0/g2-icones-TQ7mvk/icones
magasin de tranches : /tmp/user/0/g3-tranches-j0fSvN/televersements

 ✓ src/http/routes-sante.test.ts (10 tests) 380ms
 ✓ src/securite/frein.test.ts (11 tests) 50ms
 ✓ src/base/sous-ensemble.test.ts (17 tests) 15ms
 ✓ src/depot/agent.test.ts (8 tests) 1891ms
   ✓ dépôt agent_enrole, moteur=sqlite > REFUSE un second enrôlement sur le MÊME préfixe 385ms
   ✓ remplacerEmpreinte, moteur=sqlite > remplace l'empreinte de la VM nommée, et rend le nombre de lignes touchées 374ms
   ✓ remplacerEmpreinte, moteur=sqlite > 🔴 ne touche AUCUNE autre VM, et ne lève pas sur une VM inconnue 390ms
 ✓ src/apps/icones.test.ts (10 tests) 36ms
(node:2601859) ExperimentalWarning: SQLite is an experimental feature and might change at any time
(Use `node --trace-warnings ...` to show where the warning was created)
 ✓ src/http/porteur.test.ts (6 tests) 56ms
stdout | src/http/routes-auth.test.ts > le frein des routes d’authentification > (e) 🔴 un succès ne remet PAS le compteur de l'ADRESSE à zéro
magasin d icones : /tmp/user/0/g2-icones-uslvlG/icones
magasin de tranches : /tmp/user/0/g3-tranches-8rpcyh/televersements

(node:2601919) ExperimentalWarning: SQLite is an experimental feature and might change at any time
(Use `node --trace-warnings ...` to show where the warning was created)
(node:2601920) ExperimentalWarning: SQLite is an experimental feature and might change at any time
(Use `node --trace-warnings ...` to show where the warning was created)
 ✓ src/http/adresse-source.test.ts (11 tests) 65ms
 ✓ src/http/routes-televersement-tranches.test.ts (3 tests) 559ms
   ✓ routes de téléversement — déposer, moteur=sqlite > dépose, relit l’état, et REDÉPOSER écrase (idempotence) 317ms
stdout | src/index.test.ts > démarrage du service > ouvre le port et sert le relais quand la base est prête
magasin d icones : /tmp/user/0/g2-icones-ABx3VG/icones
magasin de tranches : /tmp/user/0/g3-tranches-vYHMQo/televersements

 ✓ src/index.test.ts (3 tests) 99ms
(node:2601934) ExperimentalWarning: SQLite is an experimental feature and might change at any time
(Use `node --trace-warnings ...` to show where the warning was created)
 ✓ src/orchestration/selection.test.ts (5 tests) 14ms
 ✓ src/orchestration/interface.test.ts (4 tests) 13ms
 ✓ src/agents/enrolement.test.ts (5 tests) 1397ms
   ✓ enrôlement d'un agent, moteur=sqlite > accepte le bon couple, et rend le préfixe de la VM 353ms
   ✓ enrôlement d'un agent, moteur=sqlite > 🔴 refuse une VM INCONNUE et un SECRET FAUX du MÊME refus, mot pour mot 354ms
   ✓ enrôlement d'un agent, moteur=sqlite > 🔴 rend un refus, JAMAIS une exception, sur une empreinte TRONQUÉE 443ms
 ✓ src/agents/prefixe.test.ts (7 tests) 91ms
 ✓ src/depot/utilisateur.test.ts (5 tests) 849ms
 ✓ src/orchestration/refus.test.ts (4 tests) 19ms
 ✓ src/agents/fraicheur.test.ts (4 tests) 6ms
 ✓ src/signaling/appariement.test.ts (5 tests) 15ms
 ✓ src/signaling/ice.test.ts (6 tests) 17ms
 ✓ src/obs/journal.test.ts (8 tests) 28ms
 ✓ src/base/pilote.test.ts (6 tests) 29ms
(node:2602253) ExperimentalWarning: SQLite is an experimental feature and might change at any time
(Use `node --trace-warnings ...` to show where the warning was created)
 ✓ src/admin/creer-utilisateur.test.ts (5 tests) 27ms
 ✓ src/http/entetes.test.ts (3 tests) 18ms
 ✓ src/signaling/propriete.test.ts (5 tests) 37ms
 ✓ src/identite/mot-de-passe.test.ts (7 tests) 2242ms
   ✓ hacher > tire un sel neuf : deux hachages du même mot de passe diffèrent 489ms
   ✓ verifier > refuse un mot de passe faux 500ms
   ✓ verifier > LÈVE sur un algorithme inconnu, plutôt que de rendre false 342ms
stderr | src/http/routes-auth.test.ts > le frein des routes d’authentification > (e) 🔴 un succès ne remet PAS le compteur de l'ADRESSE à zéro
frein route=/auth/connexion adresse=127.0.0.1 cles="compte:avant-dernier@exemple.test adr:127.0.0.1" retry_apres_s=895 entrees=51 evictions=0

stdout | src/http/routes-auth.test.ts > le frein des routes d’authentification > (f) le 429 porte `Retry-After` ET les en-têtes CORS
magasin d icones : /tmp/user/0/g2-icones-IAfj4P/icones
magasin de tranches : /tmp/user/0/g3-tranches-imZDWM/televersements

stderr | src/http/routes-auth.test.ts > le frein des routes d’authentification > (f) le 429 porte `Retry-After` ET les en-têtes CORS
frein route=/auth/connexion adresse=127.0.0.1 cles="compte:ada@exemple.test adr:127.0.0.1" retry_apres_s=900 entrees=2 evictions=0

stdout | src/http/routes-auth.test.ts > le frein des routes d’authentification > (g) la trace NOMME l'adresse retenue
magasin d icones : /tmp/user/0/g2-icones-b4dCmD/icones
magasin de tranches : /tmp/user/0/g3-tranches-zpzlZu/televersements

stdout | src/http/routes-auth.test.ts > le frein des routes d’authentification > (h) `/auth/rafraichir` est freiné par l'ADRESSE seule
magasin d icones : /tmp/user/0/g2-icones-sgmygq/icones
magasin de tranches : /tmp/user/0/g3-tranches-vQv36R/televersements

stderr | src/http/routes-auth.test.ts > le frein des routes d’authentification > (h) `/auth/rafraichir` est freiné par l'ADRESSE seule
frein route=/auth/rafraichir adresse=127.0.0.1 cles=adr:127.0.0.1 retry_apres_s=900 entrees=1 evictions=0

stdout | src/http/routes-auth.test.ts > le frein des routes d’authentification > (h bis) 🔴 un échec sur `/auth/rafraichir` ne consomme AUCUN budget de compte
magasin d icones : /tmp/user/0/g2-icones-B65U45/icones
magasin de tranches : /tmp/user/0/g3-tranches-NGF91p/televersements

 ✓ src/http/routes-auth.test.ts (19 tests) 21584ms
   ✓ routes d’authentification > connexion valide : l’accès est un jeton que le service accepte, et le rafraîchissement vaut 670ms
   ✓ routes d’authentification > mot de passe faux et courriel inconnu rendent le MÊME message 400ms
   ✓ routes d’authentification > REJEU : rafraîchir deux fois le même jeton rend 401, et la famille tombe 307ms
   ✓ routes d’authentification > CRITÈRE ④ : aucune trace ni aucune réponse ne porte le CHAMP du mot de passe 416ms
   ✓ le frein des routes d’authentification > (a) la n+1ᵉ tentative sur le MÊME compte est refusée par le frein 710ms
   ✓ le frein des routes d’authentification > (a bis) le frein du compte mord même avec le BON mot de passe 552ms
   ✓ le frein des routes d’authentification > (a ter) la casse du courriel ne donne PAS un budget neuf 502ms
   ✓ le frein des routes d’authentification > (b) la n+1ᵉ depuis la MÊME adresse, comptes tous DISTINCTS, est refusée 7090ms
   ✓ le frein des routes d’authentification > (c) 🔴 le refus freiné NE TOUCHE PAS la base — donc aucun scrypt 1317ms
   ✓ le frein des routes d’authentification > (d) un SUCCÈS remet le compteur du COMPTE à zéro 1918ms
   ✓ le frein des routes d’authentification > (e) 🔴 un succès ne remet PAS le compteur de l'ADRESSE à zéro 5820ms
   ✓ le frein des routes d’authentification > (f) le 429 porte `Retry-After` ET les en-têtes CORS 448ms
   ✓ le frein des routes d’authentification > (g) la trace NOMME l'adresse retenue 461ms

 Test Files  58 passed (58)
      Tests  566 passed (566)
   Start at  13:56:30
   Duration  24.84s (transform 5.27s, setup 0ms, collect 20.18s, tests 84.27s, environment 23ms, prepare 14.07s)


==> plateforme : npm run test:postgres

> @guacamole/plateforme@0.1.0 test:postgres
> PLATEFORME_BASE=postgres vitest run


 RUN  v2.1.9 /home/mallanic/Projects/Guacamole/plateforme

(node:2602755) ExperimentalWarning: SQLite is an experimental feature and might change at any time
(Use `node --trace-warnings ...` to show where the warning was created)
(node:2602749) ExperimentalWarning: SQLite is an experimental feature and might change at any time
(Use `node --trace-warnings ...` to show where the warning was created)
(node:2602739) ExperimentalWarning: SQLite is an experimental feature and might change at any time
(Use `node --trace-warnings ...` to show where the warning was created)
(node:2602761) ExperimentalWarning: SQLite is an experimental feature and might change at any time
(Use `node --trace-warnings ...` to show where the warning was created)
(node:2602746) ExperimentalWarning: SQLite is an experimental feature and might change at any time
(Use `node --trace-warnings ...` to show where the warning was created)
(node:2602747) ExperimentalWarning: SQLite is an experimental feature and might change at any time
(Use `node --trace-warnings ...` to show where the warning was created)
(node:2602740) ExperimentalWarning: SQLite is an experimental feature and might change at any time
(Use `node --trace-warnings ...` to show where the warning was created)
stderr | src/orchestration/inventaire-statique.test.ts > inventaireStatique, moteur=postgres > 🔴 `instantane` REFUSE par un type — motif, opération, backend
opération refusée : instantane n'est pas supportée par le backend inventaire-statique, qui ne pilote aucun hyperviseur — il inventorie ce qu'un administrateur a enrôlé, et n'écrit que vm.utilisateur_id.

stdout | src/http/serveur.test.ts > demarrerServeur > n'écoute QUE sur l'adresse nommée
magasin d icones : /tmp/user/0/g2-icones-XUef1a/icones
magasin de tranches : /tmp/user/0/g3-tranches-0g5tBM/televersements

stdout | src/http/routes-auth.test.ts > routes d’authentification > connexion valide : l’accès est un jeton que le service accepte, et le rafraîchissement vaut
magasin d icones : /tmp/user/0/g2-icones-JBSzGr/icones
magasin de tranches : /tmp/user/0/g3-tranches-xI9KWT/televersements

stdout | src/http/serveur.test.ts > demarrerServeur > refuse la montée WebSocket sur un chemin inconnu
magasin d icones : /tmp/user/0/g2-icones-XUef1a/icones
magasin de tranches : /tmp/user/0/g3-tranches-0g5tBM/televersements

stdout | src/http/routes-auth.test.ts > routes d’authentification > mot de passe faux et courriel inconnu rendent le MÊME message
magasin d icones : /tmp/user/0/g2-icones-TE7MWS/icones
magasin de tranches : /tmp/user/0/g3-tranches-3lOx0w/televersements

stderr | src/orchestration/inventaire-statique.test.ts > inventaireStatique, moteur=postgres > `demarrer` refuse de même
opération refusée : demarrer n'est pas supportée par le backend inventaire-statique, qui ne pilote aucun hyperviseur — il inventorie ce qu'un administrateur a enrôlé, et n'écrit que vm.utilisateur_id.

stdout | src/http/serveur.test.ts > demarrerServeur > 🔴 accepte la montée WebSocket sur /agent — la seconde branche
magasin d icones : /tmp/user/0/g2-icones-XUef1a/icones
magasin de tranches : /tmp/user/0/g3-tranches-0g5tBM/televersements

stderr | src/orchestration/inventaire-statique.test.ts > inventaireStatique, moteur=postgres > `arreter` refuse de même
opération refusée : arreter n'est pas supportée par le backend inventaire-statique, qui ne pilote aucun hyperviseur — il inventorie ce qu'un administrateur a enrôlé, et n'écrit que vm.utilisateur_id.

stdout | src/http/routes-auth.test.ts > routes d’authentification > REJEU : rafraîchir deux fois le même jeton rend 401, et la famille tombe
magasin d icones : /tmp/user/0/g2-icones-C80SBu/icones
magasin de tranches : /tmp/user/0/g3-tranches-sr6N2B/televersements

stdout | src/http/serveur.test.ts > demarrerServeur > 🔴 sert TOUJOURS le chemin racine — la branche est ÉTENDUE, pas remplacée
magasin d icones : /tmp/user/0/g2-icones-XUef1a/icones
magasin de tranches : /tmp/user/0/g3-tranches-0g5tBM/televersements

stdout | src/http/serveur.test.ts > demarrerServeur > 🔴 refuse TOUJOURS un chemin inconnu — /agent n’ouvre pas le service
magasin d icones : /tmp/user/0/g2-icones-XUef1a/icones
magasin de tranches : /tmp/user/0/g3-tranches-0g5tBM/televersements

stdout | src/http/routes-auth.test.ts > routes d’authentification > borne le corps à 4 KiB : 5 KiB rend 413
magasin d icones : /tmp/user/0/g2-icones-Jq2DTE/icones
magasin de tranches : /tmp/user/0/g3-tranches-zCoZ0X/televersements

stdout | src/http/serveur.test.ts > demarrerServeur > sert le relais de signaling sur le chemin racine, poignée de main comprise
magasin d icones : /tmp/user/0/g2-icones-XUef1a/icones
magasin de tranches : /tmp/user/0/g3-tranches-0g5tBM/televersements

stderr | src/http/serveur.test.ts > demarrerServeur > sert le relais de signaling sur le chemin racine, poignée de main comprise
aucun serveur TURN configuré (TURN_URL/TURN_SECRET) : session sans relais

stderr | src/http/serveur.test.ts > demarrerServeur > sert le relais de signaling sur le chemin racine, poignée de main comprise
aucun serveur TURN configuré (TURN_URL/TURN_SECRET) : session sans relais

stderr | src/http/serveur.test.ts > demarrerServeur > sert le relais de signaling sur le chemin racine, poignée de main comprise
session RhH1x2QmTz9kLpVbNc7dAw:racine-1 : préfixe RhH1x2QmTz9kLpVbNc7dAw inconnu de agent_enrole, vm_id non inscrit

stdout | src/http/routes-auth.test.ts > routes d’authentification > refuse une méthode autre que POST par 405, et un corps non-JSON par 400
magasin d icones : /tmp/user/0/g2-icones-F0CiWZ/icones
magasin de tranches : /tmp/user/0/g3-tranches-Q308lO/televersements

stdout | src/http/serveur.test.ts > le chaînage des quatre routeurs > 🔴 les QUATRE chemins répondent, et `/inconnu` rend le 404 MOT POUR MOT
magasin d icones : /tmp/user/0/g2-icones-XUef1a/icones
magasin de tranches : /tmp/user/0/g3-tranches-0g5tBM/televersements

stderr | src/http/routes-applications.test.ts > routes /applications, moteur=postgres > 🔴 une VM ÉTRANGÈRE répond EXACTEMENT comme une VM INCONNUE
refus d'accès à la VM v-1 pour l'utilisateur 5c9c36b0-971c-40d6-a78c-06fd14765b42 : cas=etrangere — la réponse HTTP, elle, est le même 404 « vm-inconnue » dans les deux cas (décision du propriétaire du dépôt : pas d'oracle d'énumération).

stderr | src/http/routes-applications.test.ts > routes /applications, moteur=postgres > 🔴 une VM ÉTRANGÈRE répond EXACTEMENT comme une VM INCONNUE
refus d'accès à la VM jamais-vue pour l'utilisateur 5c9c36b0-971c-40d6-a78c-06fd14765b42 : cas=inconnue — la réponse HTTP, elle, est le même 404 « vm-inconnue » dans les deux cas (décision du propriétaire du dépôt : pas d'oracle d'énumération).

stdout | src/http/serveur.test.ts > le chaînage des quatre routeurs > 🔴 une route qui REJETTE rend 500 { refus: interne }, et le processus SURVIT
magasin d icones : /tmp/user/0/g2-icones-XUef1a/icones
magasin de tranches : /tmp/user/0/g3-tranches-0g5tBM/televersements

stderr | src/http/serveur.test.ts > le chaînage des quatre routeurs > 🔴 une route qui REJETTE rend 500 { refus: interne }, et le processus SURVIT
route HTTP en échec : Error: base injoignable

stdout | src/http/routes-auth.test.ts > routes d’authentification > OPTIONS rend 204, avec les en-têtes CORS SEULEMENT si une origine est autorisée
magasin d icones : /tmp/user/0/g2-icones-VtT3pB/icones
magasin de tranches : /tmp/user/0/g3-tranches-o1duYu/televersements

stdout | src/http/serveur.test.ts > le chaînage des quatre routeurs > 🔴 les DEUX montées WebSocket sont INCHANGÉES
magasin d icones : /tmp/user/0/g2-icones-XUef1a/icones
magasin de tranches : /tmp/user/0/g3-tranches-0g5tBM/televersements

stderr | src/http/routes-applications.test.ts > routes /applications, moteur=postgres > 🔴 le corps du refus NE PORTE AUCUNE TRACE du cas réel
refus d'accès à la VM v-1 pour l'utilisateur 5536d34e-e143-4a8e-9756-3f9e5fbe53db : cas=etrangere — la réponse HTTP, elle, est le même 404 « vm-inconnue » dans les deux cas (décision du propriétaire du dépôt : pas d'oracle d'énumération).

stdout | src/http/routes-auth.test.ts > routes d’authentification > OPTIONS rend 204, avec les en-têtes CORS SEULEMENT si une origine est autorisée
magasin d icones : /tmp/user/0/g2-icones-Molc77/icones
magasin de tranches : /tmp/user/0/g3-tranches-E3uRdi/televersements

stderr | src/http/routes-installation.test.ts > routes /installation, moteur=postgres > 🔴 une VM ÉTRANGÈRE répond EXACTEMENT comme une VM INCONNUE
refus d'acces a la VM v-1 pour l'utilisateur b2546bc8-3426-408b-9178-177510a019ec : cas=etrangere — la reponse HTTP, elle, est INDISTINGUABLE d'une ressource inconnue.

stderr | src/http/routes-installation.test.ts > routes /installation, moteur=postgres > 🔴 une VM ÉTRANGÈRE répond EXACTEMENT comme une VM INCONNUE
refus d'acces a la VM jamais-vue pour l'utilisateur b2546bc8-3426-408b-9178-177510a019ec : cas=inconnue — la reponse HTTP, elle, est INDISTINGUABLE d'une ressource inconnue.

stdout | src/http/serveur.test.ts > la trame maximale acceptée avant toute authentification > (a) 🔴 une trame TROP GRANDE ferme le socket en 1009, sur `/`
magasin d icones : /tmp/user/0/g2-icones-XUef1a/icones
magasin de tranches : /tmp/user/0/g3-tranches-0g5tBM/televersements

stdout | src/agents/canal.test.ts > le canal, CÂBLÉ dans le service entier > 🔴 le chemin `/agent` du service sert réellement le canal
magasin d icones : /tmp/user/0/g2-icones-2RK9i9/icones
magasin de tranches : /tmp/user/0/g3-tranches-PBUzGb/televersements

stdout | src/http/routes-auth.test.ts > routes d’authentification > laisse le 404 de P1 intact sur un chemin qui n’est pas d’authentification
magasin d icones : /tmp/user/0/g2-icones-tu1ymN/icones
magasin de tranches : /tmp/user/0/g3-tranches-cXouiG/televersements

stdout | src/http/serveur.test.ts > la trame maximale acceptée avant toute authentification > (a bis) 🔴 et sur `/agent` AUSSI, qui est l’autre porte anonyme
magasin d icones : /tmp/user/0/g2-icones-XUef1a/icones
magasin de tranches : /tmp/user/0/g3-tranches-0g5tBM/televersements

 ✓ src/base/pilotes.test.ts (12 tests) 13232ms
   ✓ sous-ensemble portable, moteur=postgres > applique les migrations, et le rejeu n’écrit rien de plus 606ms
   ✓ sous-ensemble portable, moteur=postgres > 🔴 les deux colonnes de 0005 sont NULLABLES, et la table est PEUPLÉE quand on les ajoute 834ms
   ✓ sous-ensemble portable, moteur=postgres > tolère plusieurs VM non attribuées, et refuse une seconde attribution 1124ms
   ✓ sous-ensemble portable, moteur=postgres > applique la clé étrangère de vm.utilisateur_id 1231ms
   ✓ sous-ensemble portable, moteur=postgres > rend la ligne insérée par INSERT … RETURNING 1423ms
   ✓ sous-ensemble portable, moteur=postgres > met à jour sur conflit par ON CONFLICT … DO UPDATE 1307ms
   ✓ sous-ensemble portable, moteur=postgres > annule toute la transaction quand son corps lève 1550ms
   ✓ sous-ensemble portable, moteur=postgres > porte un horodatage d'époque en millisecondes, sur les DEUX moteurs 1578ms
   ✓ sous-ensemble portable, moteur=postgres > rend un BIGINT relu en `number` sur les DEUX moteurs, sans conversion de l’appelant 1503ms
   ✓ sous-ensemble portable, moteur=postgres > écrit et relit une ligne `application` COMPLÈTE, aux valeurs d'époque 863ms
   ✓ sous-ensemble portable, moteur=postgres > applique application_cle sur le COUPLE (vm_id, cle), et non sur la clé seule 675ms
   ✓ sous-ensemble portable, moteur=postgres > REFUSE de convertir un BIGINT qui ne tient pas dans un entier sûr 531ms
stdout | src/http/routes-auth.test.ts > routes d’authentification > CRITÈRE ④ : aucune trace ni aucune réponse ne porte le CHAMP du mot de passe
magasin d icones : /tmp/user/0/g2-icones-6wtFNL/icones
magasin de tranches : /tmp/user/0/g3-tranches-pQ2tVU/televersements

stdout | src/http/serveur.test.ts > la trame maximale acceptée avant toute authentification > (b) 🔴 une trame JUSTE SOUS la borne est acceptée et servie
magasin d icones : /tmp/user/0/g2-icones-XUef1a/icones
magasin de tranches : /tmp/user/0/g3-tranches-0g5tBM/televersements

stderr | src/agents/canal.test.ts > le frein du canal /agent > (a) la n+1ᵉ tentative sur la MÊME VM est refusée par le frein
enrôlement refusé pour la VM v-1

stderr | src/agents/canal.test.ts > le frein du canal /agent > (a) la n+1ᵉ tentative sur la MÊME VM est refusée par le frein
enrôlement refusé pour la VM v-1

stderr | src/agents/canal.test.ts > le frein du canal /agent > (a) la n+1ᵉ tentative sur la MÊME VM est refusée par le frein
enrôlement refusé pour la VM v-1

stderr | src/agents/canal.test.ts > le frein du canal /agent > (a) la n+1ᵉ tentative sur la MÊME VM est refusée par le frein
enrôlement refusé pour la VM v-1

stderr | src/agents/canal.test.ts > le frein du canal /agent > (a) la n+1ᵉ tentative sur la MÊME VM est refusée par le frein
enrôlement refusé pour la VM v-1
frein route=/agent adresse=127.0.0.1 cles="agent:v-1 adr:127.0.0.1" retry_apres_s=900 entrees=2 evictions=0

stderr | src/agents/canal.test.ts > le frein du canal /agent > (a) la n+1ᵉ tentative sur la MÊME VM est refusée par le frein
frein route=/agent adresse=127.0.0.1 cles="agent:v-1 adr:127.0.0.1" retry_apres_s=900 entrees=2 evictions=0

(node:2604008) ExperimentalWarning: SQLite is an experimental feature and might change at any time
(Use `node --trace-warnings ...` to show where the warning was created)
stderr | src/http/routes-installation.test.ts > routes /installation, moteur=postgres > refuse une extension que l'agent n'exécutera pas, plutôt qu'un aller-retour de 800 Mo
installation df07111c-1454-4912-9bb3-2e4e86c20f1b : poussée impossible — Error: Cannot use a pool after calling end on the pool

stdout | src/http/routes-auth.test.ts > le frein des routes d’authentification > (a) la n+1ᵉ tentative sur le MÊME compte est refusée par le frein
magasin d icones : /tmp/user/0/g2-icones-slubXT/icones
magasin de tranches : /tmp/user/0/g3-tranches-xFtqyR/televersements

stderr | src/agents/canal.test.ts > le frein du canal /agent > (b) la n+1ᵉ depuis la MÊME adresse, VMs toutes DISTINCTES, est freinée
enrôlement refusé pour la VM inconnue-0

stderr | src/agents/canal.test.ts > le frein du canal /agent > (b) la n+1ᵉ depuis la MÊME adresse, VMs toutes DISTINCTES, est freinée
enrôlement refusé pour la VM inconnue-1

stderr | src/agents/canal.test.ts > le frein du canal /agent > (b) la n+1ᵉ depuis la MÊME adresse, VMs toutes DISTINCTES, est freinée
enrôlement refusé pour la VM inconnue-2

stderr | src/agents/canal.test.ts > le frein du canal /agent > (b) la n+1ᵉ depuis la MÊME adresse, VMs toutes DISTINCTES, est freinée
enrôlement refusé pour la VM inconnue-3

stderr | src/agents/canal.test.ts > le frein du canal /agent > (b) la n+1ᵉ depuis la MÊME adresse, VMs toutes DISTINCTES, est freinée
enrôlement refusé pour la VM inconnue-4

stderr | src/agents/canal.test.ts > le frein du canal /agent > (b) la n+1ᵉ depuis la MÊME adresse, VMs toutes DISTINCTES, est freinée
enrôlement refusé pour la VM inconnue-5

stderr | src/agents/canal.test.ts > le frein du canal /agent > (b) la n+1ᵉ depuis la MÊME adresse, VMs toutes DISTINCTES, est freinée
enrôlement refusé pour la VM inconnue-6

stderr | src/agents/canal.test.ts > le frein du canal /agent > (b) la n+1ᵉ depuis la MÊME adresse, VMs toutes DISTINCTES, est freinée
enrôlement refusé pour la VM inconnue-7

stderr | src/agents/canal.test.ts > le frein du canal /agent > (b) la n+1ᵉ depuis la MÊME adresse, VMs toutes DISTINCTES, est freinée
enrôlement refusé pour la VM inconnue-8

stderr | src/agents/canal.test.ts > le frein du canal /agent > (b) la n+1ᵉ depuis la MÊME adresse, VMs toutes DISTINCTES, est freinée
enrôlement refusé pour la VM inconnue-9

stderr | src/agents/canal.test.ts > le frein du canal /agent > (b) la n+1ᵉ depuis la MÊME adresse, VMs toutes DISTINCTES, est freinée
enrôlement refusé pour la VM inconnue-10

stderr | src/agents/canal.test.ts > le frein du canal /agent > (b) la n+1ᵉ depuis la MÊME adresse, VMs toutes DISTINCTES, est freinée
enrôlement refusé pour la VM inconnue-11

stderr | src/agents/canal.test.ts > le frein du canal /agent > (b) la n+1ᵉ depuis la MÊME adresse, VMs toutes DISTINCTES, est freinée
enrôlement refusé pour la VM inconnue-12

stderr | src/agents/canal.test.ts > le frein du canal /agent > (b) la n+1ᵉ depuis la MÊME adresse, VMs toutes DISTINCTES, est freinée
enrôlement refusé pour la VM inconnue-13

stderr | src/agents/canal.test.ts > le frein du canal /agent > (b) la n+1ᵉ depuis la MÊME adresse, VMs toutes DISTINCTES, est freinée
enrôlement refusé pour la VM inconnue-14

stderr | src/agents/canal.test.ts > le frein du canal /agent > (b) la n+1ᵉ depuis la MÊME adresse, VMs toutes DISTINCTES, est freinée
enrôlement refusé pour la VM inconnue-15

stderr | src/agents/canal.test.ts > le frein du canal /agent > (b) la n+1ᵉ depuis la MÊME adresse, VMs toutes DISTINCTES, est freinée
enrôlement refusé pour la VM inconnue-16

stderr | src/agents/canal.test.ts > le frein du canal /agent > (b) la n+1ᵉ depuis la MÊME adresse, VMs toutes DISTINCTES, est freinée
enrôlement refusé pour la VM inconnue-17

stderr | src/agents/canal.test.ts > le frein du canal /agent > (b) la n+1ᵉ depuis la MÊME adresse, VMs toutes DISTINCTES, est freinée
enrôlement refusé pour la VM inconnue-18

stderr | src/agents/canal.test.ts > le frein du canal /agent > (b) la n+1ᵉ depuis la MÊME adresse, VMs toutes DISTINCTES, est freinée
enrôlement refusé pour la VM inconnue-19

stderr | src/agents/canal.test.ts > le frein du canal /agent > (b) la n+1ᵉ depuis la MÊME adresse, VMs toutes DISTINCTES, est freinée
enrôlement refusé pour la VM inconnue-20

stderr | src/agents/canal.test.ts > le frein du canal /agent > (b) la n+1ᵉ depuis la MÊME adresse, VMs toutes DISTINCTES, est freinée
enrôlement refusé pour la VM inconnue-21

stderr | src/agents/canal.test.ts > le frein du canal /agent > (b) la n+1ᵉ depuis la MÊME adresse, VMs toutes DISTINCTES, est freinée
enrôlement refusé pour la VM inconnue-22

stderr | src/agents/canal.test.ts > le frein du canal /agent > (b) la n+1ᵉ depuis la MÊME adresse, VMs toutes DISTINCTES, est freinée
enrôlement refusé pour la VM inconnue-23

stderr | src/agents/canal.test.ts > le frein du canal /agent > (b) la n+1ᵉ depuis la MÊME adresse, VMs toutes DISTINCTES, est freinée
enrôlement refusé pour la VM inconnue-24

stderr | src/agents/canal.test.ts > le frein du canal /agent > (b) la n+1ᵉ depuis la MÊME adresse, VMs toutes DISTINCTES, est freinée
enrôlement refusé pour la VM inconnue-25

stderr | src/agents/canal.test.ts > le frein du canal /agent > (b) la n+1ᵉ depuis la MÊME adresse, VMs toutes DISTINCTES, est freinée
enrôlement refusé pour la VM inconnue-26

stderr | src/http/routes-auth.test.ts > le frein des routes d’authentification > (a) la n+1ᵉ tentative sur le MÊME compte est refusée par le frein
frein route=/auth/connexion adresse=127.0.0.1 cles="compte:ada@exemple.test adr:127.0.0.1" retry_apres_s=900 entrees=2 evictions=0

stderr | src/agents/canal.test.ts > le frein du canal /agent > (b) la n+1ᵉ depuis la MÊME adresse, VMs toutes DISTINCTES, est freinée
enrôlement refusé pour la VM inconnue-27

stderr | src/agents/canal.test.ts > le frein du canal /agent > (b) la n+1ᵉ depuis la MÊME adresse, VMs toutes DISTINCTES, est freinée
enrôlement refusé pour la VM inconnue-28

stderr | src/agents/canal.test.ts > le frein du canal /agent > (b) la n+1ᵉ depuis la MÊME adresse, VMs toutes DISTINCTES, est freinée
enrôlement refusé pour la VM inconnue-29

stderr | src/agents/canal.test.ts > le frein du canal /agent > (b) la n+1ᵉ depuis la MÊME adresse, VMs toutes DISTINCTES, est freinée
enrôlement refusé pour la VM inconnue-30

stderr | src/agents/canal.test.ts > le frein du canal /agent > (b) la n+1ᵉ depuis la MÊME adresse, VMs toutes DISTINCTES, est freinée
enrôlement refusé pour la VM inconnue-31

stderr | src/agents/canal.test.ts > le frein du canal /agent > (b) la n+1ᵉ depuis la MÊME adresse, VMs toutes DISTINCTES, est freinée
enrôlement refusé pour la VM inconnue-32

stderr | src/http/routes-installation.test.ts > routes /installation, moteur=postgres > 🔴 une VM INJOIGNABLE rend 503, jamais 201 sur une ligne que personne ne recevra
installation 33e562e4-f6a3-4d2e-9f80-7a6611ff969a : poussée impossible — Error: Cannot use a pool after calling end on the pool

stderr | src/agents/canal.test.ts > le frein du canal /agent > (b) la n+1ᵉ depuis la MÊME adresse, VMs toutes DISTINCTES, est freinée
enrôlement refusé pour la VM inconnue-33

stderr | src/agents/canal.test.ts > le frein du canal /agent > (b) la n+1ᵉ depuis la MÊME adresse, VMs toutes DISTINCTES, est freinée
enrôlement refusé pour la VM inconnue-34

stderr | src/agents/canal.test.ts > le frein du canal /agent > (b) la n+1ᵉ depuis la MÊME adresse, VMs toutes DISTINCTES, est freinée
enrôlement refusé pour la VM inconnue-35

stderr | src/agents/canal.test.ts > le frein du canal /agent > (b) la n+1ᵉ depuis la MÊME adresse, VMs toutes DISTINCTES, est freinée
enrôlement refusé pour la VM inconnue-36

stderr | src/agents/canal.test.ts > le frein du canal /agent > (b) la n+1ᵉ depuis la MÊME adresse, VMs toutes DISTINCTES, est freinée
enrôlement refusé pour la VM inconnue-37

stderr | src/agents/canal.test.ts > le frein du canal /agent > (b) la n+1ᵉ depuis la MÊME adresse, VMs toutes DISTINCTES, est freinée
enrôlement refusé pour la VM inconnue-38

stderr | src/agents/canal.test.ts > le frein du canal /agent > (b) la n+1ᵉ depuis la MÊME adresse, VMs toutes DISTINCTES, est freinée
enrôlement refusé pour la VM inconnue-39

stderr | src/agents/canal.test.ts > le frein du canal /agent > (b) la n+1ᵉ depuis la MÊME adresse, VMs toutes DISTINCTES, est freinée
enrôlement refusé pour la VM inconnue-40

stderr | src/agents/canal.test.ts > le frein du canal /agent > (b) la n+1ᵉ depuis la MÊME adresse, VMs toutes DISTINCTES, est freinée
enrôlement refusé pour la VM inconnue-41

stderr | src/agents/canal.test.ts > le frein du canal /agent > (b) la n+1ᵉ depuis la MÊME adresse, VMs toutes DISTINCTES, est freinée
enrôlement refusé pour la VM inconnue-42

stderr | src/agents/canal.test.ts > le frein du canal /agent > (b) la n+1ᵉ depuis la MÊME adresse, VMs toutes DISTINCTES, est freinée
enrôlement refusé pour la VM inconnue-43

stderr | src/agents/canal.test.ts > le frein du canal /agent > (b) la n+1ᵉ depuis la MÊME adresse, VMs toutes DISTINCTES, est freinée
enrôlement refusé pour la VM inconnue-44

stderr | src/agents/canal.test.ts > le frein du canal /agent > (b) la n+1ᵉ depuis la MÊME adresse, VMs toutes DISTINCTES, est freinée
enrôlement refusé pour la VM inconnue-45

stderr | src/agents/canal.test.ts > le frein du canal /agent > (b) la n+1ᵉ depuis la MÊME adresse, VMs toutes DISTINCTES, est freinée
enrôlement refusé pour la VM inconnue-46

stderr | src/agents/canal.test.ts > le frein du canal /agent > (b) la n+1ᵉ depuis la MÊME adresse, VMs toutes DISTINCTES, est freinée
enrôlement refusé pour la VM inconnue-47

stderr | src/agents/canal.test.ts > le frein du canal /agent > (b) la n+1ᵉ depuis la MÊME adresse, VMs toutes DISTINCTES, est freinée
enrôlement refusé pour la VM inconnue-48

stderr | src/agents/canal.test.ts > le frein du canal /agent > (b) la n+1ᵉ depuis la MÊME adresse, VMs toutes DISTINCTES, est freinée
enrôlement refusé pour la VM inconnue-49
frein route=/agent adresse=127.0.0.1 cles="agent:inconnue-49 adr:127.0.0.1" retry_apres_s=900 entrees=51 evictions=0

stderr | src/agents/canal.test.ts > le frein du canal /agent > (b) la n+1ᵉ depuis la MÊME adresse, VMs toutes DISTINCTES, est freinée
frein route=/agent adresse=127.0.0.1 cles="agent:encore-une-autre adr:127.0.0.1" retry_apres_s=900 entrees=51 evictions=0

 ✓ src/orchestration/inventaire-statique.test.ts (17 tests) 14918ms
   ✓ inventaireStatique, moteur=postgres > 🔴 `instantane` REFUSE par un type — motif, opération, backend 1060ms
   ✓ inventaireStatique, moteur=postgres > 🔴 `instantane` JOURNALISE son refus 1030ms
   ✓ inventaireStatique, moteur=postgres > `demarrer` refuse de même 1345ms
   ✓ inventaireStatique, moteur=postgres > `arreter` refuse de même 1270ms
   ✓ inventaireStatique, moteur=postgres > 🔴 `lister` convertit la ligne en `Vm`, sans perdre un champ 1279ms
   ✓ inventaireStatique, moteur=postgres > 🔴 `etat` : `prete` à vu_a + SEUIL EXACTEMENT, `injoignable` une ms plus tard 1493ms
   ✓ inventaireStatique, moteur=postgres > 🔴 `etat` d’une VM JAMAIS VUE rend `injoignable` 1383ms
   ✓ inventaireStatique, moteur=postgres > `etat` d’une VM INCONNUE rend `injoignable`, jamais une exception 1392ms
   ✓ inventaireStatique, moteur=postgres > 🔴 `attribuer` sur une VM libre rend `{ok:true}` 1070ms
   ✓ inventaireStatique, moteur=postgres > 🔴 …et la LIGNE porte le propriétaire 675ms
   ✓ inventaireStatique, moteur=postgres > 🔴 `attribuer` sur une VM DÉJÀ PRISE rend `vm-deja-attribuee` 515ms
   ✓ inventaireStatique, moteur=postgres > 🔴 …et le propriétaire N’A PAS changé 559ms
   ✓ inventaireStatique, moteur=postgres > 🔴 `attribuer` à qui a DÉJÀ une VM rend `utilisateur-servi` et NE LÈVE PAS 723ms
   ✓ inventaireStatique, moteur=postgres > `attribuer` sur une VM INCONNUE rend `vm-inconnue` 539ms
   ✓ inventaireStatique, moteur=postgres > le PERDANT d’une course séquentielle reçoit `vm-deja-attribuee` 559ms
stdout | src/http/routes-installation.test.ts > routes /installation, moteur=postgres > un ordre accepté rend 201 et son identifiant, et la ligne naît `en_attente`
installation eec66622-beb6-488b-bc03-d7432d45e90e : aucun socket ouvert pour la VM v-1, l'ordre attend le prochain enrôlement

stdout | src/http/serveur.test.ts > la trame maximale acceptée avant toute authentification > (d) 🔴 LE PROCESSUS SURVIT à la trame refusée, et sert la requête suivante
magasin d icones : /tmp/user/0/g2-icones-XUef1a/icones
magasin de tranches : /tmp/user/0/g3-tranches-0g5tBM/televersements

 ✓ src/http/serveur.test.ts (14 tests) 14408ms
   ✓ demarrerServeur > n'écoute QUE sur l'adresse nommée 933ms
   ✓ demarrerServeur > refuse la montée WebSocket sur un chemin inconnu 1129ms
   ✓ demarrerServeur > 🔴 accepte la montée WebSocket sur /agent — la seconde branche 1497ms
   ✓ demarrerServeur > 🔴 sert TOUJOURS le chemin racine — la branche est ÉTENDUE, pas remplacée 1495ms
   ✓ demarrerServeur > 🔴 refuse TOUJOURS un chemin inconnu — /agent n’ouvre pas le service 1533ms
   ✓ demarrerServeur > sert le relais de signaling sur le chemin racine, poignée de main comprise 1311ms
   ✓ le chaînage des quatre routeurs > 🔴 les QUATRE chemins répondent, et `/inconnu` rend le 404 MOT POUR MOT 1771ms
   ✓ le chaînage des quatre routeurs > 🔴 les DEUX montées WebSocket sont INCHANGÉES 986ms
   ✓ la trame maximale acceptée avant toute authentification > (a) 🔴 une trame TROP GRANDE ferme le socket en 1009, sur `/` 539ms
   ✓ la trame maximale acceptée avant toute authentification > (a bis) 🔴 et sur `/agent` AUSSI, qui est l’autre porte anonyme 548ms
   ✓ la trame maximale acceptée avant toute authentification > (b) 🔴 une trame JUSTE SOUS la borne est acceptée et servie 2011ms
   ✓ la trame maximale acceptée avant toute authentification > (d) 🔴 LE PROCESSUS SURVIT à la trame refusée, et sert la requête suivante 576ms
stdout | src/http/routes-auth.test.ts > le frein des routes d’authentification > (a bis) le frein du compte mord même avec le BON mot de passe
magasin d icones : /tmp/user/0/g2-icones-tF3IDS/icones
magasin de tranches : /tmp/user/0/g3-tranches-MlOuv3/televersements

stderr | src/agents/canal.test.ts > le frein du canal /agent > (c) 🔴 le refus freiné est le MÊME MESSAGE que le refus d’enrôlement
enrôlement refusé pour la VM v-1

stderr | src/agents/canal.test.ts > le frein du canal /agent > (c) 🔴 le refus freiné est le MÊME MESSAGE que le refus d’enrôlement
enrôlement refusé pour la VM v-1

(node:2604149) ExperimentalWarning: SQLite is an experimental feature and might change at any time
(Use `node --trace-warnings ...` to show where the warning was created)
stderr | src/agents/canal.test.ts > le frein du canal /agent > (c) 🔴 le refus freiné est le MÊME MESSAGE que le refus d’enrôlement
enrôlement refusé pour la VM v-1

stderr | src/http/routes-auth.test.ts > le frein des routes d’authentification > (a bis) le frein du compte mord même avec le BON mot de passe
frein route=/auth/connexion adresse=127.0.0.1 cles="compte:ada@exemple.test adr:127.0.0.1" retry_apres_s=900 entrees=2 evictions=0

stderr | src/agents/canal.test.ts > le frein du canal /agent > (c) 🔴 le refus freiné est le MÊME MESSAGE que le refus d’enrôlement
enrôlement refusé pour la VM v-1

stderr | src/agents/canal.test.ts > le frein du canal /agent > (c) 🔴 le refus freiné est le MÊME MESSAGE que le refus d’enrôlement
enrôlement refusé pour la VM v-1
frein route=/agent adresse=127.0.0.1 cles="agent:v-1 adr:127.0.0.1" retry_apres_s=900 entrees=2 evictions=0

stderr | src/agents/canal.test.ts > le frein du canal /agent > (c) 🔴 le refus freiné est le MÊME MESSAGE que le refus d’enrôlement
frein route=/agent adresse=127.0.0.1 cles="agent:v-1 adr:127.0.0.1" retry_apres_s=900 entrees=2 evictions=0

stderr | src/agents/canal.test.ts > le frein du canal /agent > (c) 🔴 le refus freiné est le MÊME MESSAGE que le refus d’enrôlement
frein route=/agent adresse=127.0.0.1 cles="agent:v-1 adr:127.0.0.1" retry_apres_s=900 entrees=2 evictions=0

stderr | src/http/routes-installation.test.ts > routes /installation, moteur=postgres > 🔴 une installation ÉTRANGÈRE répond EXACTEMENT comme une INCONNUE
refus d'acces a la VM v-1 pour l'utilisateur 63c266dd-e68a-4912-9b59-2f28d4bc07c2 : cas=etrangere — la reponse HTTP, elle, est INDISTINGUABLE d'une ressource inconnue.

stdout | src/http/routes-auth.test.ts > le frein des routes d’authentification > (a ter) la casse du courriel ne donne PAS un budget neuf
magasin d icones : /tmp/user/0/g2-icones-99VCGJ/icones
magasin de tranches : /tmp/user/0/g3-tranches-iWk26b/televersements

stderr | src/http/routes-auth.test.ts > le frein des routes d’authentification > (a ter) la casse du courriel ne donne PAS un budget neuf
frein route=/auth/connexion adresse=127.0.0.1 cles="compte:ada@exemple.test adr:127.0.0.1" retry_apres_s=900 entrees=2 evictions=0

stderr | src/http/routes-installation.test.ts > routes /installation, moteur=postgres > 🔴 UN AGENT DE LA VM `B` N’OBTIENT PAS L’INSTALLEUR DESTINÉ À `A` — MUTATION n°1
refus d'acces a le contenu du televersement 338b4dce-ef04-48f4-aaec-b83570d7c63c pour l'agent PREFIXE-B : cas=etrangere — la reponse HTTP, elle, est INDISTINGUABLE d'une ressource inconnue.

stderr | src/http/routes-installation.test.ts > routes /installation, moteur=postgres > 🔴 UN AGENT DE LA VM `B` N’OBTIENT PAS L’INSTALLEUR DESTINÉ À `A` — MUTATION n°1
refus d'acces a le contenu du televersement jamais-vu pour l'agent PREFIXE-B : cas=inconnue — la reponse HTTP, elle, est INDISTINGUABLE d'une ressource inconnue.

 ✓ src/securite/secrets.test.ts (4 tests) 1557ms
   ✓ aucun secret dans un fichier versionné > 🔴 ne trouve aucune affectation littérale hors des exceptions déclarées 776ms
   ✓ aucun secret dans un fichier versionné > 🔴 chaque exception correspond à une trouvaille RÉELLE 762ms
stdout | src/http/routes-auth.test.ts > le frein des routes d’authentification > (b) la n+1ᵉ depuis la MÊME adresse, comptes tous DISTINCTS, est refusée
magasin d icones : /tmp/user/0/g2-icones-3u3J56/icones
magasin de tranches : /tmp/user/0/g3-tranches-zhq7gW/televersements

stderr | src/agents/canal.test.ts > le frein du canal /agent > (e) 🔴 le refus freiné ne lit RIEN en base — donc ne dérive aucun `scrypt`
enrôlement refusé pour la VM v-1

stderr | src/agents/canal.test.ts > le frein du canal /agent > (e) 🔴 le refus freiné ne lit RIEN en base — donc ne dérive aucun `scrypt`
enrôlement refusé pour la VM v-1

stderr | src/agents/canal.test.ts > le frein du canal /agent > (e) 🔴 le refus freiné ne lit RIEN en base — donc ne dérive aucun `scrypt`
enrôlement refusé pour la VM v-1

 ✓ src/apps/magasin-tranches.test.ts (22 tests) 189ms
stderr | src/agents/canal.test.ts > le frein du canal /agent > (e) 🔴 le refus freiné ne lit RIEN en base — donc ne dérive aucun `scrypt`
enrôlement refusé pour la VM v-1

stderr | src/http/routes-televersement.test.ts > routes de téléversement, moteur=postgres > 🔴 le téléversement d’AUTRUI rend le MÊME corps que l’inconnu
refus d'accès au téléversement 99c471f0-42f8-4af3-b79a-0562ee2151b8 pour l'utilisateur 9db82b0b-f9da-4eca-a776-a365a1911042 : cas=etranger — la réponse HTTP, elle, est le même 404 « televersement-inconnu » dans les deux cas (décision du propriétaire du dépôt : pas d'oracle d'énumération).

stderr | src/http/routes-televersement.test.ts > routes de téléversement, moteur=postgres > 🔴 le téléversement d’AUTRUI rend le MÊME corps que l’inconnu
refus d'accès au téléversement 00000000-0000-4000-8000-000000000000 pour l'utilisateur 9db82b0b-f9da-4eca-a776-a365a1911042 : cas=inconnu — la réponse HTTP, elle, est le même 404 « televersement-inconnu » dans les deux cas (décision du propriétaire du dépôt : pas d'oracle d'énumération).

stderr | src/agents/canal.test.ts > le frein du canal /agent > (e) 🔴 le refus freiné ne lit RIEN en base — donc ne dérive aucun `scrypt`
enrôlement refusé pour la VM v-1
frein route=/agent adresse=127.0.0.1 cles="agent:v-1 adr:127.0.0.1" retry_apres_s=900 entrees=2 evictions=0

stderr | src/agents/canal.test.ts > le frein du canal /agent > (e) 🔴 le refus freiné ne lit RIEN en base — donc ne dérive aucun `scrypt`
frein route=/agent adresse=127.0.0.1 cles="agent:v-1 adr:127.0.0.1" retry_apres_s=900 entrees=2 evictions=0

(node:2604302) ExperimentalWarning: SQLite is an experimental feature and might change at any time
(Use `node --trace-warnings ...` to show where the warning was created)
stderr | src/agents/canal.test.ts > le frein du canal /agent > (f) un enrôlement RÉUSSI remet le compteur de la VM à zéro
enrôlement refusé pour la VM v-1

stderr | src/agents/canal.test.ts > le frein du canal /agent > (f) un enrôlement RÉUSSI remet le compteur de la VM à zéro
enrôlement refusé pour la VM v-1

stderr | src/agents/canal.test.ts > le frein du canal /agent > (f) un enrôlement RÉUSSI remet le compteur de la VM à zéro
enrôlement refusé pour la VM v-1

stderr | src/agents/canal.test.ts > le frein du canal /agent > (f) un enrôlement RÉUSSI remet le compteur de la VM à zéro
enrôlement refusé pour la VM v-1

stderr | src/agents/canal.test.ts > le frein du canal /agent > (f) un enrôlement RÉUSSI remet le compteur de la VM à zéro
enrôlement refusé pour la VM v-1

stderr | src/agents/canal.test.ts > le frein du canal /agent > (f) un enrôlement RÉUSSI remet le compteur de la VM à zéro
enrôlement refusé pour la VM v-1

stderr | src/agents/canal.test.ts > le frein du canal /agent > (f) un enrôlement RÉUSSI remet le compteur de la VM à zéro
enrôlement refusé pour la VM v-1

stderr | src/agents/canal.test.ts > le frein du canal /agent > (f) un enrôlement RÉUSSI remet le compteur de la VM à zéro
enrôlement refusé pour la VM v-1

 ✓ src/agents/canal.test.ts (14 tests) 19065ms
   ✓ la boucle du canal /agent > `enroler` avec le BON secret rend `enrole`, avec préfixe et jeton 1251ms
   ✓ la boucle du canal /agent > 🔴 le jeton rendu est VÉRIFIABLE PAR LA GARDE, et de type `agent` 1599ms
   ✓ la boucle du canal /agent > 🔴 `enroler` au MAUVAIS secret rend `refus` et FERME le socket, sans écrire le secret au journal 1808ms
   ✓ la boucle du canal /agent > 🔴 un message de version PLATEFORME_VERSION + 1 est refusé, motif `version` 1372ms
   ✓ la boucle du canal /agent > 🔴 `battement` AVANT `enroler` est refusé, motif `sequence`, et ne délivre AUCUN jeton 1709ms
   ✓ la boucle du canal /agent > 🔴 `battement` après `enroler` AVANCE `vu_a` en base 1705ms
   ✓ la boucle du canal /agent > 🔴 `battement` rend un jeton FRAIS, valide à un instant où le précédent est EXPIRÉ 1531ms
   ✓ le canal, CÂBLÉ dans le service entier > 🔴 le chemin `/agent` du service sert réellement le canal 635ms
   ✓ le frein du canal /agent > (a) la n+1ᵉ tentative sur la MÊME VM est refusée par le frein 1170ms
   ✓ le frein du canal /agent > (b) la n+1ᵉ depuis la MÊME adresse, VMs toutes DISTINCTES, est freinée 1098ms
   ✓ le frein du canal /agent > (c) 🔴 le refus freiné est le MÊME MESSAGE que le refus d’enrôlement 1274ms
   ✓ le frein du canal /agent > (d) le JOURNAL, lui, distingue les deux 1165ms
   ✓ le frein du canal /agent > (e) 🔴 le refus freiné ne lit RIEN en base — donc ne dérive aucun `scrypt` 1197ms
   ✓ le frein du canal /agent > (f) un enrôlement RÉUSSI remet le compteur de la VM à zéro 1545ms
(node:2604414) ExperimentalWarning: SQLite is an experimental feature and might change at any time
(Use `node --trace-warnings ...` to show where the warning was created)
stderr | src/http/routes-televersement.test.ts > routes de téléversement, moteur=postgres > 🔴 RECALCULE l’empreinte : des tranches de la bonne taille au mauvais contenu sont refusées
scellement refusé pour le téléversement 6144126b-da50-436d-abe3-b6598ede7579 : empreinte annoncée 84d89877f0d4041efb6bf91a16f0248f2fd573e6af05c19f96bedb9f882f7882, empreinte relue fa5154cd42c265c5b0566afd6a185368d6cb42e0078f06c451ac2c8a5081cc4b — les octets stockés ne sont pas ceux que le déposant a annoncés.

stderr | src/http/routes-applications.test.ts > routes /applications, moteur=postgres > 🔴 lancer une application d'une VM ÉTRANGÈRE répond comme une VM INCONNUE
refus d'accès à la VM v-1 pour l'utilisateur ce577366-8cf1-4829-b649-4043b2361f4e : cas=etrangere — la réponse HTTP, elle, est le même 404 « vm-inconnue » dans les deux cas (décision du propriétaire du dépôt : pas d'oracle d'énumération).

stderr | src/http/routes-applications.test.ts > routes /applications, moteur=postgres > 🔴 lancer une application d'une VM ÉTRANGÈRE répond comme une VM INCONNUE
refus d'accès à la VM jamais-vue pour l'utilisateur ce577366-8cf1-4829-b649-4043b2361f4e : cas=inconnue — la réponse HTTP, elle, est le même 404 « vm-inconnue » dans les deux cas (décision du propriétaire du dépôt : pas d'oracle d'énumération).

stderr | src/http/routes-vm.test.ts > routes /vm, moteur=postgres > 🔴 `POST /vm/<id>/instantane` → 501 et un corps TYPÉ — le critère ①
opération refusée : instantane n'est pas supportée par le backend inventaire-statique, qui ne pilote aucun hyperviseur — il inventorie ce qu'un administrateur a enrôlé, et n'écrit que vm.utilisateur_id.

stderr | src/http/routes-televersement.test.ts > routes de téléversement, moteur=postgres > un scellement d’AUTRUI rend le même 404 que l’inconnu
refus d'accès au téléversement 11c976c3-016b-42a0-b101-bfc6fa3221b1 pour l'utilisateur 964dcced-faa6-4b9b-9b0e-6fa01046e2c1 : cas=etranger — la réponse HTTP, elle, est le même 404 « televersement-inconnu » dans les deux cas (décision du propriétaire du dépôt : pas d'oracle d'énumération).

 ✓ src/http/routes-applications.test.ts (19 tests) 22331ms
   ✓ routes /applications, moteur=postgres > rend `false` sur un chemin étranger : le 404 du serveur suit 858ms
   ✓ routes /applications, moteur=postgres > 🔴 le motif de `/application/:id/lancer` est ANCRÉ DES DEUX BOUTS 1094ms
   ✓ routes /applications, moteur=postgres > SANS en-tête `Authorization`, rend 401 1243ms
   ✓ routes /applications, moteur=postgres > 🔴 avec un jeton d'AGENT, refuse — agent et humain sont signés par le MÊME secret 1139ms
   ✓ routes /applications, moteur=postgres > avec un jeton EXPIRÉ, refuse — et le test fait AVANCER l’horloge 1226ms
   ✓ routes /applications, moteur=postgres > sert la requête préalable `OPTIONS`, sans laquelle rien n’est atteignable 1382ms
   ✓ routes /applications, moteur=postgres > rend les applications de la VM demandée, et rien d’autre 1528ms
   ✓ routes /applications, moteur=postgres > 🔴 une VM ÉTRANGÈRE répond EXACTEMENT comme une VM INCONNUE 1632ms
   ✓ routes /applications, moteur=postgres > 🔴 le corps du refus NE PORTE AUCUNE TRACE du cas réel 1164ms
   ✓ routes /applications, moteur=postgres > 🔴 la LIGNE DE JOURNAL, elle, distingue les deux cas 583ms
   ✓ routes /applications, moteur=postgres > 🔴 une VM NON ATTRIBUÉE est servie, ET la ligne de journal est ÉMISE 536ms
   ✓ routes /applications, moteur=postgres > rend 404 sur une application INCONNUE 598ms
   ✓ routes /applications, moteur=postgres > 🔴 rend 503 quand l’agent est ABSENT, jamais 200 781ms
   ✓ routes /applications, moteur=postgres > 🔴 rend 504 quand l'agent NE RÉPOND PAS, jamais 202 sans attendre 5718ms
   ✓ routes /applications, moteur=postgres > 🔴 un lancement réussi rend L'ISSUE, jamais un booléen 632ms
   ✓ routes /applications, moteur=postgres > un lancement en ÉCHEC côté agent rend 200 et l'issue `echec`, jamais une erreur HTTP 544ms
   ✓ routes /applications, moteur=postgres > 🔴 lancer une application d'une VM ÉTRANGÈRE répond comme une VM INCONNUE 606ms
   ✓ routes /applications, moteur=postgres > refuse la MÉTHODE sur un chemin qui existe, plutôt qu’un 404 545ms
   ✓ routes /applications, moteur=postgres > exige le paramètre `vm`, et le dit 514ms
stderr | src/http/routes-auth.test.ts > le frein des routes d’authentification > (b) la n+1ᵉ depuis la MÊME adresse, comptes tous DISTINCTS, est refusée
frein route=/auth/connexion adresse=127.0.0.1 cles="compte:n49@exemple.test adr:127.0.0.1" retry_apres_s=895 entrees=51 evictions=0

stderr | src/http/routes-vm.test.ts > routes /vm, moteur=postgres > `POST /vm/<id>/demarrer` → 501
opération refusée : demarrer n'est pas supportée par le backend inventaire-statique, qui ne pilote aucun hyperviseur — il inventorie ce qu'un administrateur a enrôlé, et n'écrit que vm.utilisateur_id.

stderr | src/http/routes-televersement.test.ts > routes de téléversement, moteur=postgres > un dépôt sur le téléversement d’autrui n’écrit RIEN
refus d'accès au téléversement 6a460f8a-11c3-4901-b342-65f448db1933 pour l'utilisateur 01f8502e-8f00-4d6c-b090-a9140b040d78 : cas=etranger — la réponse HTTP, elle, est le même 404 « televersement-inconnu » dans les deux cas (décision du propriétaire du dépôt : pas d'oracle d'énumération).

 ✓ src/http/routes-televersement.test.ts (17 tests) 9302ms
   ✓ routes de téléversement, moteur=postgres > 🔴 ne mange QUE ses quatre chemins — le corps du 404 est comparé 776ms
   ✓ routes de téléversement, moteur=postgres > sert la requête préalable et pose les en-têtes de sécurité 650ms
   ✓ routes de téléversement, moteur=postgres > rend 405 sur la mauvaise méthode, jamais 404 553ms
   ✓ routes de téléversement, moteur=postgres > exige un jeton, et refuse celui d’un agent 540ms
   ✓ routes de téléversement, moteur=postgres > crée, et rend le pas et une liste de tranches VIDE 662ms
   ✓ routes de téléversement, moteur=postgres > refuse une déclaration mal formée, champ par champ 471ms
   ✓ routes de téléversement, moteur=postgres > borne le corps de la déclaration, et le quota de téléversements 493ms
   ✓ routes de téléversement, moteur=postgres > 🔴 le téléversement d’AUTRUI rend le MÊME corps que l’inconnu 517ms
   ✓ routes de téléversement, moteur=postgres > journalise LEQUEL des deux cas, et les deux lignes diffèrent 444ms
   ✓ routes de téléversement, moteur=postgres > refuse un identifiant qui n’est pas un UUID, avant tout accès au disque 462ms
   ✓ routes de téléversement, moteur=postgres > refuse de sceller tant qu’il manque une tranche 519ms
   ✓ routes de téléversement, moteur=postgres > 🔴 le bon NOMBRE de tranches ne suffit pas : une mauvaise TAILLE est incohérente 673ms
   ✓ routes de téléversement, moteur=postgres > 🔴 RECALCULE l’empreinte : des tranches de la bonne taille au mauvais contenu sont refusées 489ms
   ✓ routes de téléversement, moteur=postgres > scelle quand tout concorde, refuse tout dépôt ensuite, et sceller deux fois réussit 602ms
   ✓ routes de téléversement, moteur=postgres > scelle un fichier VIDE sans exiger la moindre tranche 561ms
   ✓ routes de téléversement, moteur=postgres > un scellement d’AUTRUI rend le même 404 que l’inconnu 503ms
   ✓ routes de téléversement, moteur=postgres > un dépôt sur le téléversement d’autrui n’écrit RIEN 381ms
stdout | src/http/routes-auth.test.ts > le frein des routes d’authentification > (c) 🔴 le refus freiné NE TOUCHE PAS la base — donc aucun scrypt
magasin d icones : /tmp/user/0/g2-icones-DNy8Ce/icones
magasin de tranches : /tmp/user/0/g3-tranches-8NreP1/televersements

stderr | src/http/routes-vm.test.ts > routes /vm, moteur=postgres > `POST /vm/<id>/arreter` → 501
opération refusée : arreter n'est pas supportée par le backend inventaire-statique, qui ne pilote aucun hyperviseur — il inventorie ce qu'un administrateur a enrôlé, et n'écrit que vm.utilisateur_id.

(node:2604616) ExperimentalWarning: SQLite is an experimental feature and might change at any time
(Use `node --trace-warnings ...` to show where the warning was created)
stderr | src/http/routes-auth.test.ts > le frein des routes d’authentification > (c) 🔴 le refus freiné NE TOUCHE PAS la base — donc aucun scrypt
frein route=/auth/connexion adresse=127.0.0.1 cles="compte:ada@exemple.test adr:127.0.0.1" retry_apres_s=900 entrees=2 evictions=0

stderr | src/http/routes-installation.test.ts > routes /installation, moteur=postgres > 🔴 un contenu NON SCELLÉ est refusé 409 — et l'agent ÉTRANGER, lui, lit 404
refus d'acces a le contenu du televersement 9ab27c2a-eeff-4d97-8f3f-5ed442aa897b pour l'agent PREFIXE-B : cas=etrangere — la reponse HTTP, elle, est INDISTINGUABLE d'une ressource inconnue.

 ✓ src/signaling/resilience.test.ts (3 tests) 1308ms
stdout | src/http/routes-auth.test.ts > le frein des routes d’authentification > (d) un SUCCÈS remet le compteur du COMPTE à zéro
magasin d icones : /tmp/user/0/g2-icones-hd4PRT/icones
magasin de tranches : /tmp/user/0/g3-tranches-sx6axX/televersements

stderr | src/signaling/server.test.ts > serveur de signaling > relaie une offre du client vers l'agent
aucun serveur TURN configuré (TURN_URL/TURN_SECRET) : session sans relais

stderr | src/signaling/server.test.ts > serveur de signaling > relaie une offre du client vers l'agent
aucun serveur TURN configuré (TURN_URL/TURN_SECRET) : session sans relais

stderr | src/signaling/server.test.ts > serveur de signaling > relaie une réponse de l'agent vers le client
aucun serveur TURN configuré (TURN_URL/TURN_SECRET) : session sans relais

stderr | src/signaling/server.test.ts > serveur de signaling > relaie une réponse de l'agent vers le client
aucun serveur TURN configuré (TURN_URL/TURN_SECRET) : session sans relais

stderr | src/http/routes-installation.test.ts > routes /installation, moteur=postgres > 🔴 `en_cours` reste servi — c'est la REPRISE —, `terminee` ne l'est plus
refus d'acces a le contenu du televersement 63df5e0f-a414-4306-8875-be31f6ff2f2e pour l'agent PREFIXE-A : cas=etrangere — la reponse HTTP, elle, est INDISTINGUABLE d'une ressource inconnue.

stderr | src/signaling/server.test.ts > serveur de signaling > isole les sessions entre elles
aucun serveur TURN configuré (TURN_URL/TURN_SECRET) : session sans relais

stderr | src/signaling/server.test.ts > serveur de signaling > isole les sessions entre elles
aucun serveur TURN configuré (TURN_URL/TURN_SECRET) : session sans relais

 ✓ src/http/routes-installation.test.ts (21 tests) 25829ms
   ✓ routes /installation, moteur=postgres > rend `false` sur un chemin étranger : le 404 du serveur suit 833ms
   ✓ routes /installation, moteur=postgres > 🔴 les DEUX motifs sont ANCRÉS DES DEUX BOUTS, et le CORPS discrimine 1002ms
   ✓ routes /installation, moteur=postgres > sert la requête préalable `OPTIONS`, sans laquelle rien n’est atteignable 1390ms
   ✓ routes /installation, moteur=postgres > refuse la MÉTHODE sur un chemin qui existe, plutôt qu’un 404 1263ms
   ✓ routes /installation, moteur=postgres > SANS en-tête `Authorization`, les trois routes rendent 401 1262ms
   ✓ routes /installation, moteur=postgres > 🔴 `POST /installation` refuse un jeton d'AGENT — MUTATION n°2, premier sens 1461ms
   ✓ routes /installation, moteur=postgres > 🔴 `GET …/contenu` refuse un jeton PORTEUR — MUTATION n°2, second sens 1431ms
   ✓ routes /installation, moteur=postgres > refuse un corps mal formé, et le dit 1430ms
   ✓ routes /installation, moteur=postgres > 🔴 une VM ÉTRANGÈRE répond EXACTEMENT comme une VM INCONNUE 1302ms
   ✓ routes /installation, moteur=postgres > 🔴 un TÉLÉVERSEMENT étranger répond EXACTEMENT comme un inconnu, et le corps ne dit rien du cas réel 670ms
   ✓ routes /installation, moteur=postgres > 🔴 un téléversement NON SCELLÉ est refusé EN AMONT, et AUCUNE ligne n’est écrite — MUTATION n°3 499ms
   ✓ routes /installation, moteur=postgres > refuse une extension que l'agent n'exécutera pas, plutôt qu'un aller-retour de 800 Mo 746ms
   ✓ routes /installation, moteur=postgres > 🔴 une VM INJOIGNABLE rend 503, jamais 201 sur une ligne que personne ne recevra 863ms
   ✓ routes /installation, moteur=postgres > un ordre accepté rend 201 et son identifiant, et la ligne naît `en_attente` 640ms
   ✓ routes /installation, moteur=postgres > `GET /installation/:id` rend l'état, l'issue, le motif et la queue de journal 815ms
   ✓ routes /installation, moteur=postgres > 🔴 une installation ÉTRANGÈRE répond EXACTEMENT comme une INCONNUE 502ms
   ✓ routes /installation, moteur=postgres > 🔴 UN AGENT DE LA VM `B` N’OBTIENT PAS L’INSTALLEUR DESTINÉ À `A` — MUTATION n°1 3673ms
   ✓ routes /installation, moteur=postgres > sert les octets EN FLUX, à l'identique, avec sa longueur et sans nom de fichier 3658ms
   ✓ routes /installation, moteur=postgres > 🔴 un contenu NON SCELLÉ est refusé 409 — et l'agent ÉTRANGER, lui, lit 404 747ms
   ✓ routes /installation, moteur=postgres > 🔴 `en_cours` reste servi — c'est la REPRISE —, `terminee` ne l'est plus 806ms
   ✓ routes /installation, moteur=postgres > un préfixe SANS enrôlement est refusé comme tout le reste, et la trace le nomme 829ms
stdout | src/http/routes-auth.test.ts > le frein des routes d’authentification > (e) 🔴 un succès ne remet PAS le compteur de l'ADRESSE à zéro
magasin d icones : /tmp/user/0/g2-icones-VQHJ3Z/icones
magasin de tranches : /tmp/user/0/g3-tranches-54DvCp/televersements

(node:2605164) ExperimentalWarning: SQLite is an experimental feature and might change at any time
(Use `node --trace-warnings ...` to show where the warning was created)
stderr | src/signaling/server.test.ts > serveur de signaling > signale la disparition du pair
aucun serveur TURN configuré (TURN_URL/TURN_SECRET) : session sans relais

 ✓ src/depot/application.test.ts (12 tests) 6943ms
   ✓ dépôt application, moteur=postgres > lireParVm ne rend QUE les applications de cette VM 656ms
   ✓ dépôt application, moteur=postgres > lireParVm EXCLUT les disparues et les masquées 539ms
   ✓ dépôt application, moteur=postgres > lireParId rend `undefined` sur un identifiant inconnu, JAMAIS une exception 524ms
   ✓ dépôt application, moteur=postgres > génère l'identifiant DANS LE DÉPÔT, et pose apparue_a 531ms
   ✓ dépôt application, moteur=postgres > met à jour les champs et avance vue_a, sans toucher ni l'id ni apparue_a 529ms
   ✓ dépôt application, moteur=postgres > pose disparue_a SANS SUPPRIMER LA LIGNE 568ms
   ✓ dépôt application, moteur=postgres > ressuscite : disparue_a repasse à NULL, et l'identifiant NE CHANGE PAS 616ms
   ✓ dépôt application, moteur=postgres > lireConnues rend AUSSI les disparues, avec leur instant de disparition 668ms
   ✓ dépôt application, moteur=postgres > n'écrit RIEN quand une seule écriture de la fusion échoue 930ms
   ✓ dépôt application, moteur=postgres > ne porte AUCUNE valeur littérale dans ses requêtes 770ms
   ✓ dépôt application, moteur=postgres > 🔴 les deux champs d’icône font l’ALLER-RETOUR par la base 602ms
stderr | src/signaling/server.test.ts > serveur de signaling > signale la disparition du pair
aucun serveur TURN configuré (TURN_URL/TURN_SECRET) : session sans relais

stderr | src/signaling/server.test.ts > serveur de signaling > rejette un second agent sur la même session
aucun serveur TURN configuré (TURN_URL/TURN_SECRET) : session sans relais

stderr | src/signaling/server.test.ts > serveur de signaling > rejette un message racine `null` en premier message sans planter, et permet de retenter
aucun serveur TURN configuré (TURN_URL/TURN_SECRET) : session sans relais

stderr | src/signaling/server.test.ts > serveur de signaling > rejette un message racine `null` en premier message sans planter, et permet de retenter
aucun serveur TURN configuré (TURN_URL/TURN_SECRET) : session sans relais

stderr | src/signaling/server.test.ts > serveur de signaling > rejette un message racine `null` en premier message sans planter, et permet de retenter
aucun serveur TURN configuré (TURN_URL/TURN_SECRET) : session sans relais

stderr | src/signaling/server.test.ts > serveur de signaling > rejette un message racine `null` en premier message sans planter, et permet de retenter
aucun serveur TURN configuré (TURN_URL/TURN_SECRET) : session sans relais

stderr | src/signaling/server.test.ts > serveur de signaling > rejette un message racine `null` en message suivant sans planter, et la session continue de fonctionner
aucun serveur TURN configuré (TURN_URL/TURN_SECRET) : session sans relais

stderr | src/signaling/server.test.ts > serveur de signaling > rejette un message racine `null` en message suivant sans planter, et la session continue de fonctionner
aucun serveur TURN configuré (TURN_URL/TURN_SECRET) : session sans relais

stderr | src/signaling/server.test.ts > serveur de signaling > rejette un message racine `null` en message suivant sans planter, et la session continue de fonctionner
aucun serveur TURN configuré (TURN_URL/TURN_SECRET) : session sans relais

stderr | src/signaling/server.test.ts > serveur de signaling > rejette un message racine `null` en message suivant sans planter, et la session continue de fonctionner
aucun serveur TURN configuré (TURN_URL/TURN_SECRET) : session sans relais

stderr | src/signaling/server.test.ts > serveur de signaling > relaie les messages de la session de contrôle entre superviseur et shell
aucun serveur TURN configuré (TURN_URL/TURN_SECRET) : session sans relais

stderr | src/signaling/server.test.ts > serveur de signaling > relaie les messages de la session de contrôle entre superviseur et shell
aucun serveur TURN configuré (TURN_URL/TURN_SECRET) : session sans relais

stderr | src/signaling/server.test.ts > serveur de signaling > délivre à l'agent l'offre arrivée avant lui
aucun serveur TURN configuré (TURN_URL/TURN_SECRET) : session sans relais

stderr | src/signaling/server.test.ts > serveur de signaling > délivre à l'agent l'offre arrivée avant lui
aucun serveur TURN configuré (TURN_URL/TURN_SECRET) : session sans relais

stderr | src/signaling/server.test.ts > serveur de signaling > ne délivre que la dernière offre, pas toutes celles reçues
aucun serveur TURN configuré (TURN_URL/TURN_SECRET) : session sans relais

stderr | src/signaling/server.test.ts > serveur de signaling > ne délivre que la dernière offre, pas toutes celles reçues
aucun serveur TURN configuré (TURN_URL/TURN_SECRET) : session sans relais

stderr | src/signaling/server.test.ts > serveur de signaling > oublie l'offre mémorisée quand la session se vide
aucun serveur TURN configuré (TURN_URL/TURN_SECRET) : session sans relais

stderr | src/signaling/server.test.ts > serveur de signaling > oublie l'offre mémorisée quand la session se vide
aucun serveur TURN configuré (TURN_URL/TURN_SECRET) : session sans relais

 ✓ src/http/routes-vm.test.ts (15 tests) 9392ms
   ✓ routes /vm, moteur=postgres > `GET /vm` SANS en-tête → 401 jeton-absent 634ms
   ✓ routes /vm, moteur=postgres > 🔴 `GET /vm` avec un jeton d’AGENT → 403 jeton-agent 492ms
   ✓ routes /vm, moteur=postgres > 🔴 `GET /vm` ne rend QUE les VMs du demandeur 780ms
   ✓ routes /vm, moteur=postgres > `GET /vm` rend `etat`, `prefixe` et `sessions_ouvertes` 625ms
   ✓ routes /vm, moteur=postgres > 🔴 `GET /vm` ne rend PAS `adresse` 566ms
   ✓ routes /vm, moteur=postgres > 🔴 `POST /vm/<id>/instantane` → 501 et un corps TYPÉ — le critère ① 530ms
   ✓ routes /vm, moteur=postgres > `POST /vm/<id>/demarrer` → 501 497ms
   ✓ routes /vm, moteur=postgres > `POST /vm/<id>/arreter` → 501 593ms
   ✓ routes /vm, moteur=postgres > 🔴 `POST /vm/<id>/attribuer` → 404 GÉNÉRIQUE, jamais 501 ni 200 448ms
   ✓ routes /vm, moteur=postgres > 🔴 un verbe INVENTÉ → 404 générique, jamais un 501 qui mentirait 589ms
   ✓ routes /vm, moteur=postgres > 🔴 la VM d’AUTRUI → 404 `vm-inconnue` 818ms
   ✓ routes /vm, moteur=postgres > 🔴 …et son corps est IDENTIQUE, caractère pour caractère, à celui d’une VM inexistante 1009ms
   ✓ routes /vm, moteur=postgres > les en-têtes CORS sont posés quand `origineClient` est configurée 663ms
   ✓ routes /vm, moteur=postgres > 🔴 la requête préalable `OPTIONS` est servie — sinon la route est INATTEIGNABLE 515ms
   ✓ routes /vm, moteur=postgres > une méthode autre que GET sur `/vm` → 405, jamais 404 631ms
(node:2605469) ExperimentalWarning: SQLite is an experimental feature and might change at any time
(Use `node --trace-warnings ...` to show where the warning was created)
(node:2605846) ExperimentalWarning: SQLite is an experimental feature and might change at any time
(Use `node --trace-warnings ...` to show where the warning was created)
 ✓ src/agents/canal-apps.test.ts (11 tests) 13448ms
   ✓ le canal /agent, côté applications > 🔴 un `catalogue` AVANT tout enrôlement est refusé, motif `sequence` 869ms
   ✓ le canal /agent, côté applications > 🔴 un `lancee` avant tout enrôlement est refusé, motif `sequence` 675ms
   ✓ le canal /agent, côté applications > un `catalogue` valide est FUSIONNÉ et ÉCRIT 788ms
   ✓ le canal /agent, côté applications > 🔴 l'écriture du catalogue n'est PAS ATTENDUE, et son échec n'abat pas la connexion 819ms
   ✓ le canal /agent, côté applications > l'enrôlement INSCRIT la VM au registre, et la fermeture l'en RETIRE 738ms
   ✓ le canal /agent, côté applications > un `lancee` RÉSOUT la demande en vol, avec son issue 920ms
   ✓ l'inventaire des icônes manquantes > réclame les empreintes que le magasin n’a PAS 730ms
   ✓ l'inventaire des icônes manquantes > 🔴 NE POUSSE RIEN quand le magasin a déjà tout — critère ⑤ 2763ms
   ✓ l'inventaire des icônes manquantes > ne réclame QUE ce qui manque, et ignore les applications SANS icône 994ms
   ✓ l'inventaire des icônes manquantes > 🔴 REDEMANDE une icône dont le FICHIER a disparu — critère ⑦ 1252ms
   ✓ l'inventaire des icônes manquantes > sans magasin, aucun inventaire — et le catalogue s’écrit quand même 2895ms
 ✓ src/signaling/server.test.ts (13 tests) 4520ms
   ✓ serveur de signaling > isole les sessions entre elles 2050ms
   ✓ serveur de signaling > oublie l'offre mémorisée quand la session se vide 2072ms
(node:2606353) ExperimentalWarning: SQLite is an experimental feature and might change at any time
(Use `node --trace-warnings ...` to show where the warning was created)
stderr | src/signaling/garde-fil.test.ts > la garde, au niveau du socket > CRITÈRE ① : un client sans jeton est refusé, et ne voit AUCUN ice-config
poignée de main refusée : poignée de main sans jeton sur la session s-1

 ✓ src/http/routes-session.test.ts (10 tests) 7742ms
   ✓ route POST /session, moteur=postgres > sans jeton → 401 558ms
   ✓ route POST /session, moteur=postgres > 🔴 avec un jeton d’AGENT → 403 734ms
   ✓ route POST /session, moteur=postgres > 🔴 succès → 200 { vm, nom, prefixe, etat } 938ms
   ✓ route POST /session, moteur=postgres > 🔴 le corps ne porte NI `ice`, NI `adresse`, NI nom de session composé 832ms
   ✓ route POST /session, moteur=postgres > 🔴 ③a — un utilisateur SANS VM → 409 { motif: aucune-vm } 616ms
   ✓ route POST /session, moteur=postgres > 🔴 ③b — la réponse arrive SOUS LA BORNE mesurée 897ms
   ✓ route POST /session, moteur=postgres > 🔴 ④a — une VM dont `vu_a` est trop vieux → 503, corps portant `etat: injoignable` 426ms
   ✓ route POST /session, moteur=postgres > 🔴 ④b — le MÊME corps porte `redemarrage: { possible:false, … }` 547ms
   ✓ route POST /session, moteur=postgres > 🔴 ④c — la TRANSITION est vue : 200 à vu_a + SEUIL, 503 une ms plus tard 1484ms
   ✓ route POST /session, moteur=postgres > 🔴 la requête préalable `OPTIONS` est servie 699ms
stderr | src/signaling/garde-fil.test.ts > la garde, au niveau du socket > le socket est FERMÉ après le refus, et le message est arrivé AVANT
poignée de main refusée : poignée de main sans jeton sur la session s-1

stderr | src/signaling/garde-fil.test.ts > la garde, au niveau du socket > CRITÈRE ② : un jeton dont la durée est écoulée est refusé jeton-expire
poignée de main refusée : jeton refusé (expire) sur la session s-3

 ✓ src/identite/garde.test.ts (14 tests) 45ms
(node:2606952) ExperimentalWarning: SQLite is an experimental feature and might change at any time
(Use `node --trace-warnings ...` to show where the warning was created)
stderr | src/signaling/garde-fil.test.ts > la garde, au niveau du socket > 🔴 un pair `agent` SANS jeton est REFUSÉ — la fenêtre de E2 est FERMÉE
poignée de main refusée : poignée de main sans jeton sur la session bureau

stderr | src/signaling/garde-fil.test.ts > la garde, au niveau du socket > 🔴 …et il ne reçoit AUCUN `ice-config` — LA FUITE d’E12 est fermée
poignée de main refusée : poignée de main sans jeton sur la session bureau

stdout | src/signaling/trace.test.ts > le service entier > écrit une ligne à l’appariement, et la clôt à la déconnexion des deux pairs
magasin d icones : /tmp/user/0/g2-icones-JPnwmU/icones
magasin de tranches : /tmp/user/0/g3-tranches-74ckdR/televersements

stderr | src/signaling/trace.test.ts > le service entier > écrit une ligne à l’appariement, et la clôt à la déconnexion des deux pairs
aucun serveur TURN configuré (TURN_URL/TURN_SECRET) : session sans relais

stderr | src/signaling/trace.test.ts > le service entier > écrit une ligne à l’appariement, et la clôt à la déconnexion des deux pairs
aucun serveur TURN configuré (TURN_URL/TURN_SECRET) : session sans relais

stderr | src/signaling/trace.test.ts > le service entier > écrit une ligne à l’appariement, et la clôt à la déconnexion des deux pairs
session RhH1x2QmTz9kLpVbNc7dAw:trace-1 : préfixe RhH1x2QmTz9kLpVbNc7dAw inconnu de agent_enrole, vm_id non inscrit

 ✓ src/signaling/garde-fil.test.ts (7 tests) 3281ms
   ✓ la garde, au niveau du socket > CRITÈRE ① : un client sans jeton est refusé, et ne voit AUCUN ice-config 554ms
   ✓ la garde, au niveau du socket > CRITÈRE ② : un jeton dont la durée est écoulée est refusé jeton-expire 517ms
   ✓ la garde, au niveau du socket > CRITÈRE ③ : u2 se voit refuser la session de u1, et le JOURNAL la nomme 527ms
   ✓ la garde, au niveau du socket > après le départ des deux pairs, u2 PEUT prendre la session 621ms
   ✓ la garde, au niveau du socket > 🔴 …et il ne reçoit AUCUN `ice-config` — LA FUITE d’E12 est fermée 512ms
stderr | src/http/routes-icone.test.ts > routes d'icône, moteur=postgres > PUT /icone/:sha256 — l’agent dépose > refuse un corps au-delà du plafond, en 413 TYPÉ
icone refusee, corps au-dela de 1048576 octets : d34ca1319dd00d103ae8cff499899d5942b22e9c22137baf801c8a63ac21218b

stderr | src/http/routes-auth.test.ts > le frein des routes d’authentification > (e) 🔴 un succès ne remet PAS le compteur de l'ADRESSE à zéro
frein route=/auth/connexion adresse=127.0.0.1 cles="compte:avant-dernier@exemple.test adr:127.0.0.1" retry_apres_s=893 entrees=51 evictions=0

stdout | src/signaling/trace.test.ts > le service entier > n’écrit rien quand un seul pair s’est déclaré
magasin d icones : /tmp/user/0/g2-icones-JPnwmU/icones
magasin de tranches : /tmp/user/0/g3-tranches-74ckdR/televersements

stderr | src/signaling/trace.test.ts > le service entier > n’écrit rien quand un seul pair s’est déclaré
aucun serveur TURN configuré (TURN_URL/TURN_SECRET) : session sans relais

(node:2607225) ExperimentalWarning: SQLite is an experimental feature and might change at any time
(Use `node --trace-warnings ...` to show where the warning was created)
stdout | src/http/routes-auth.test.ts > le frein des routes d’authentification > (f) le 429 porte `Retry-After` ET les en-têtes CORS
magasin d icones : /tmp/user/0/g2-icones-bOJUul/icones
magasin de tranches : /tmp/user/0/g3-tranches-BzuzRJ/televersements

stderr | src/http/routes-auth.test.ts > le frein des routes d’authentification > (f) le 429 porte `Retry-After` ET les en-têtes CORS
frein route=/auth/connexion adresse=127.0.0.1 cles="compte:ada@exemple.test adr:127.0.0.1" retry_apres_s=900 entrees=2 evictions=0

stdout | src/signaling/trace.test.ts > le service entier > inscrit en base l’utilisateur du client authentifié qui apparie
magasin d icones : /tmp/user/0/g2-icones-JPnwmU/icones
magasin de tranches : /tmp/user/0/g3-tranches-74ckdR/televersements

stderr | src/signaling/trace.test.ts > le service entier > inscrit en base l’utilisateur du client authentifié qui apparie
aucun serveur TURN configuré (TURN_URL/TURN_SECRET) : session sans relais

stderr | src/signaling/trace.test.ts > le service entier > inscrit en base l’utilisateur du client authentifié qui apparie
aucun serveur TURN configuré (TURN_URL/TURN_SECRET) : session sans relais

stderr | src/signaling/trace.test.ts > le service entier > inscrit en base l’utilisateur du client authentifié qui apparie
session RhH1x2QmTz9kLpVbNc7dAw:bureau : préfixe RhH1x2QmTz9kLpVbNc7dAw inconnu de agent_enrole, vm_id non inscrit

 ✓ src/signaling/trace.test.ts (10 tests) 8591ms
   ✓ observateur de session > ouvre à l’appariement et clôt au départ, sur des instants EXACTS 809ms
   ✓ observateur de session > un second appariement ne rouvre pas une seconde ligne 681ms
   ✓ observateur de session > un départ sans appariement préalable n’écrit rien 912ms
   ✓ la colonne session.vm_id > une session préfixée par une VM ENRÔLÉE inscrit son vm_id 1070ms
   ✓ la colonne session.vm_id > une session SANS préfixe laisse vm_id à `null` 993ms
   ✓ la colonne session.vm_id > 🔴 l’instant est lu SYNCHRONEMENT à l’appariement, PAS après la lecture de base 1067ms
   ✓ la colonne session.vm_id > 🔴 une session à préfixe INCONNU laisse vm_id à `null`, et le JOURNALISE 596ms
   ✓ le service entier > écrit une ligne à l’appariement, et la clôt à la déconnexion des deux pairs 647ms
   ✓ le service entier > n’écrit rien quand un seul pair s’est déclaré 1127ms
   ✓ le service entier > inscrit en base l’utilisateur du client authentifié qui apparie 687ms
(node:2607488) ExperimentalWarning: SQLite is an experimental feature and might change at any time
(Use `node --trace-warnings ...` to show where the warning was created)
stdout | src/http/routes-auth.test.ts > le frein des routes d’authentification > (g) la trace NOMME l'adresse retenue
magasin d icones : /tmp/user/0/g2-icones-cBFPUt/icones
magasin de tranches : /tmp/user/0/g3-tranches-l00FDQ/televersements

 ✓ src/depot/installation.test.ts (11 tests) 8590ms
   ✓ dépôt televersement, moteur=postgres > crée, relit, et scelle 937ms
   ✓ dépôt televersement, moteur=postgres > 🔴 rend des NOMBRES, pas des chaînes, sur des magnitudes réelles 670ms
   ✓ dépôt televersement, moteur=postgres > compte les EN COURS, et un scellé n’en est plus un 804ms
   ✓ dépôt televersement, moteur=postgres > le balayage d’âge rend ce qui est plus vieux que la borne 716ms
   ✓ dépôt televersement, moteur=postgres > 🔴 REFUSE un téléversement dont l’utilisateur n’existe pas 898ms
   ✓ dépôt installation, moteur=postgres > naît en attente, avance, puis se termine 726ms
   ✓ dépôt installation, moteur=postgres > 🔴 une progression TARDIVE n’efface pas une issue déjà posée 591ms
   ✓ dépôt installation, moteur=postgres > un code de sortie NON RECUEILLI reste null, jamais une sentinelle 836ms
   ✓ dépôt installation, moteur=postgres > 🔴 REFUSE une installation pour une VM inexistante 609ms
   ✓ dépôt installation, moteur=postgres > 🔴 REFUSE une installation pour un téléversement inexistant 821ms
   ✓ dépôt installation, moteur=postgres > 🔴 REFUSE de supprimer un téléversement qu’une installation référence 979ms
stdout | src/http/routes-auth.test.ts > le frein des routes d’authentification > (h) `/auth/rafraichir` est freiné par l'ADRESSE seule
magasin d icones : /tmp/user/0/g2-icones-0dDPrM/icones
magasin de tranches : /tmp/user/0/g3-tranches-9nLenf/televersements

(node:2607734) ExperimentalWarning: SQLite is an experimental feature and might change at any time
(Use `node --trace-warnings ...` to show where the warning was created)
stderr | src/http/routes-auth.test.ts > le frein des routes d’authentification > (h) `/auth/rafraichir` est freiné par l'ADRESSE seule
frein route=/auth/rafraichir adresse=127.0.0.1 cles=adr:127.0.0.1 retry_apres_s=900 entrees=1 evictions=0

stdout | src/http/routes-auth.test.ts > le frein des routes d’authentification > (h bis) 🔴 un échec sur `/auth/rafraichir` ne consomme AUCUN budget de compte
magasin d icones : /tmp/user/0/g2-icones-xnahsb/icones
magasin de tranches : /tmp/user/0/g3-tranches-nDEPsk/televersements

 ✓ src/http/routes-auth.test.ts (19 tests) 38859ms
   ✓ routes d’authentification > connexion valide : l’accès est un jeton que le service accepte, et le rafraîchissement vaut 1264ms
   ✓ routes d’authentification > mot de passe faux et courriel inconnu rendent le MÊME message 1812ms
   ✓ routes d’authentification > REJEU : rafraîchir deux fois le même jeton rend 401, et la famille tombe 1930ms
   ✓ routes d’authentification > borne le corps à 4 KiB : 5 KiB rend 413 1706ms
   ✓ routes d’authentification > refuse une méthode autre que POST par 405, et un corps non-JSON par 400 1368ms
   ✓ routes d’authentification > OPTIONS rend 204, avec les en-têtes CORS SEULEMENT si une origine est autorisée 2786ms
   ✓ routes d’authentification > laisse le 404 de P1 intact sur un chemin qui n’est pas d’authentification 680ms
   ✓ routes d’authentification > CRITÈRE ④ : aucune trace ni aucune réponse ne porte le CHAMP du mot de passe 873ms
   ✓ le frein des routes d’authentification > (a) la n+1ᵉ tentative sur le MÊME compte est refusée par le frein 1162ms
   ✓ le frein des routes d’authentification > (a bis) le frein du compte mord même avec le BON mot de passe 1399ms
   ✓ le frein des routes d’authentification > (a ter) la casse du courriel ne donne PAS un budget neuf 1161ms
   ✓ le frein des routes d’authentification > (b) la n+1ᵉ depuis la MÊME adresse, comptes tous DISTINCTS, est refusée 5740ms
   ✓ le frein des routes d’authentification > (c) 🔴 le refus freiné NE TOUCHE PAS la base — donc aucun scrypt 1240ms
   ✓ le frein des routes d’authentification > (d) un SUCCÈS remet le compteur du COMPTE à zéro 2025ms
   ✓ le frein des routes d’authentification > (e) 🔴 un succès ne remet PAS le compteur de l'ADRESSE à zéro 8429ms
   ✓ le frein des routes d’authentification > (f) le 429 porte `Retry-After` ET les en-têtes CORS 1187ms
   ✓ le frein des routes d’authentification > (g) la trace NOMME l'adresse retenue 1309ms
   ✓ le frein des routes d’authentification > (h) `/auth/rafraichir` est freiné par l'ADRESSE seule 1512ms
   ✓ le frein des routes d’authentification > (h bis) 🔴 un échec sur `/auth/rafraichir` ne consomme AUCUN budget de compte 1262ms
(node:2608072) ExperimentalWarning: SQLite is an experimental feature and might change at any time
(Use `node --trace-warnings ...` to show where the warning was created)
 ✓ src/agents/canal-installation.test.ts (6 tests) 9681ms
   ✓ la réémission des installations à l’enrôlement > 🔴 POUSSE l’ordre en attente, sans que le pair ait rien demandé 1565ms
   ✓ la réémission des installations à l’enrôlement > 🔴 NE RÉÉMET PLUS une installation déjà commencée 3062ms
   ✓ les deux montantes de l’installation > 🔴 une `progression` avant tout enrôlement est refusée, motif `sequence` 888ms
   ✓ les deux montantes de l’installation > 🔴 un `termine` avant tout enrôlement est refusé, motif `sequence` 1160ms
   ✓ les deux montantes de l’installation > un `termine` valide écrit l’issue, le motif et le code de sortie 1247ms
   ✓ les deux montantes de l’installation > 🔴 l'écriture de l'issue n'est PAS ATTENDUE, et son échec n'abat pas la connexion 1755ms
 ✓ src/http/routes-icone.test.ts (16 tests) 12453ms
   ✓ routes d'icône, moteur=postgres > 🔴 ne mange QUE ses deux chemins — le corps du 404 est comparé 833ms
   ✓ routes d'icône, moteur=postgres > sert `/application/:id/icone` SANS `?e=` par un 400 typé 806ms
   ✓ routes d'icône, moteur=postgres > PUT /icone/:sha256 — l’agent dépose > accepte un jeton d’AGENT et rend 204 734ms
   ✓ routes d'icône, moteur=postgres > PUT /icone/:sha256 — l’agent dépose > 🔴 REFUSE un jeton d’UTILISATEUR en 403, jamais 401 824ms
   ✓ routes d'icône, moteur=postgres > PUT /icone/:sha256 — l’agent dépose > refuse sans jeton, et avec un jeton illisible 817ms
   ✓ routes d'icône, moteur=postgres > PUT /icone/:sha256 — l’agent dépose > 🔴 RECALCULE l’empreinte et REFUSE si elle ment 790ms
   ✓ routes d'icône, moteur=postgres > PUT /icone/:sha256 — l’agent dépose > 🔴 REFUSE une empreinte qui pourrait sortir du magasin 507ms
   ✓ routes d'icône, moteur=postgres > PUT /icone/:sha256 — l’agent dépose > refuse un corps au-delà du plafond, en 413 TYPÉ 480ms
   ✓ routes d'icône, moteur=postgres > PUT /icone/:sha256 — l’agent dépose > refuse une autre méthode que PUT en 405 657ms
   ✓ routes d'icône, moteur=postgres > GET /application/:id/icone?e= — l’utilisateur lit > sert le PNG, avec un `Cache-Control` immuable 630ms
   ✓ routes d'icône, moteur=postgres > GET /application/:id/icone?e= — l’utilisateur lit > 🔴 un `?e=` PÉRIMÉ rend 404, et c’est ce qui rend `immutable` HONNÊTE 740ms
   ✓ routes d'icône, moteur=postgres > GET /application/:id/icone?e= — l’utilisateur lit > 🔴 l’icône d’une VM D’AUTRUI répond comme une VM INCONNUE 935ms
   ✓ routes d'icône, moteur=postgres > GET /application/:id/icone?e= — l’utilisateur lit > 🔴 REFUSE un jeton d’AGENT sur le GET — le symétrique du PUT 689ms
   ✓ routes d'icône, moteur=postgres > GET /application/:id/icone?e= — l’utilisateur lit > une application SANS icône rend 404, pas une image vide 848ms
   ✓ routes d'icône, moteur=postgres > GET /application/:id/icone?e= — l’utilisateur lit > la base connaît l’empreinte, le DISQUE ne l’a pas : 404, et cela se répare seul 1260ms
   ✓ routes d'icône, moteur=postgres > GET /application/:id/icone?e= — l’utilisateur lit > sert la réponse préalable OPTIONS 899ms
 ✓ src/http/porteur-agent.test.ts (7 tests) 18ms
 ✓ src/agents/registre.test.ts (9 tests) 28ms
stdout | src/http/entetes-routeurs.test.ts > les en-têtes de sécurité, un routeur à la fois > (1) `routes-auth` les pose — y compris sur une réponse d’ERREUR
magasin d icones : /tmp/user/0/g2-icones-H3KsSd/icones
magasin de tranches : /tmp/user/0/g3-tranches-JcxRVi/televersements

 ✓ src/config.test.ts (15 tests) 20ms
 ✓ src/identite/jeton.test.ts (11 tests) 27ms
(node:2608532) ExperimentalWarning: SQLite is an experimental feature and might change at any time
(Use `node --trace-warnings ...` to show where the warning was created)
 ✓ src/depot/vm.test.ts (9 tests) 8036ms
   ✓ dépôt vm, moteur=postgres > 🔴 `lister` rend la VM AVEC son préfixe et son `vu_a`, joints depuis agent_enrole 705ms
   ✓ dépôt vm, moteur=postgres > 🔴 `vu_a` est un NOMBRE, pas une chaîne, après une époque réelle 636ms
   ✓ dépôt vm, moteur=postgres > `lireParId` et `lireParNom` rendent la même ligne, `undefined` sur inconnu 993ms
   ✓ dépôt vm, moteur=postgres > 🔴 `attribuerSiLibre` sur une VM LIBRE rend 1 785ms
   ✓ dépôt vm, moteur=postgres > 🔴 `attribuerSiLibre` sur une VM DÉJÀ PRISE rend 0, sans lever 755ms
   ✓ dépôt vm, moteur=postgres > 🔴 …et la VM DÉJÀ PRISE n’a PAS changé de propriétaire 1179ms
   ✓ dépôt vm, moteur=postgres > 🔴 `attribuerSiLibre` pour un utilisateur qui a DÉJÀ une VM LÈVE 1117ms
   ✓ dépôt vm, moteur=postgres > `attribuerSiLibre` sur une VM INCONNUE rend 0 sans lever 1017ms
   ✓ dépôt vm, moteur=postgres > 🔴 `detacher` rend la VM au vivier, et une seconde attribution redevient possible 840ms
(node:2608570) ExperimentalWarning: SQLite is an experimental feature and might change at any time
(Use `node --trace-warnings ...` to show where the warning was created)
stdout | src/http/entetes-routeurs.test.ts > les en-têtes de sécurité, un routeur à la fois > (2) `routes-vm` les pose
magasin d icones : /tmp/user/0/g2-icones-H3KsSd/icones
magasin de tranches : /tmp/user/0/g3-tranches-JcxRVi/televersements

(node:2608669) ExperimentalWarning: SQLite is an experimental feature and might change at any time
(Use `node --trace-warnings ...` to show where the warning was created)
stdout | src/http/entetes-routeurs.test.ts > les en-têtes de sécurité, un routeur à la fois > (3) `routes-session` les pose
magasin d icones : /tmp/user/0/g2-icones-H3KsSd/icones
magasin de tranches : /tmp/user/0/g3-tranches-JcxRVi/televersements

 ✓ src/depot/session.test.ts (14 tests) 11119ms
   ✓ dépôt session, moteur=postgres > ouvre une ligne avec ouverte_a posé et fermee_a nul 643ms
   ✓ dépôt session, moteur=postgres > clôt la ligne : fermee_a posé, motif enregistré 542ms
   ✓ dépôt session, moteur=postgres > ne clôt pas deux fois : la seconde clôture ne change pas fermee_a 566ms
   ✓ dépôt session, moteur=postgres > balaie au démarrage les lignes restées ouvertes, et rend leur compte 706ms
   ✓ dépôt session, moteur=postgres > deux sessions du même nom successives sont deux lignes distinctes 635ms
   ✓ dépôt session, moteur=postgres > écrit utilisateur_id NULL quand aucun n’est fourni — P1 est intact 835ms
   ✓ dépôt session, moteur=postgres > écrit vm_id NULL quand aucun n’est fourni — le mode d’essai local 827ms
   ✓ dépôt session, moteur=postgres > écrit vm_id quand la trace a résolu le préfixe — le legs n°3 de P2 865ms
   ✓ dépôt session, moteur=postgres > écrit les DEUX quand la garde et la trace ont chacune établi la leur 960ms
   ✓ dépôt session, moteur=postgres > écrit utilisateur_id quand la garde en a établi un 867ms
   ✓ compterOuvertesDe, moteur=postgres > 🔴 le compte passe de 0 À 1 — la TRANSITION est vue 1180ms
   ✓ compterOuvertesDe, moteur=postgres > 🔴 une session CLOSE n’est pas comptée 810ms
   ✓ compterOuvertesDe, moteur=postgres > 🔴 la session d’un AUTRE utilisateur n’est pas comptée 861ms
   ✓ compterOuvertesDe, moteur=postgres > 🔴 une session à `utilisateur_id` NUL n’est comptée pour PERSONNE 806ms
 ✓ src/admin/attribuer-vm.test.ts (9 tests) 6066ms
   ✓ appliquer de admin:attribuer, moteur=postgres > 🔴 succès → code 0, et la ligne RELUE porte le propriétaire 977ms
   ✓ appliquer de admin:attribuer, moteur=postgres > 🔴 `--detacher` rend la VM au vivier, et une NOUVELLE attribution redevient possible 1249ms
   ✓ appliquer de admin:attribuer, moteur=postgres > courriel INCONNU → code 2, et le message NOMME la cause 1059ms
   ✓ appliquer de admin:attribuer, moteur=postgres > VM INCONNUE → code 2, message nommant la VM 918ms
   ✓ appliquer de admin:attribuer, moteur=postgres > 🔴 VM DÉJÀ PRISE → code 2, message nommant le PROPRIÉTAIRE 983ms
   ✓ appliquer de admin:attribuer, moteur=postgres > 🔴 utilisateur qui a DÉJÀ une VM → code 2 et un message, JAMAIS une trace de pile 870ms
 ✓ src/admin/enroler-agent.test.ts (13 tests) 7609ms
   ✓ enrolerLaVm, moteur=postgres > 🔴 tire le secret AU SORT : deux appels de MÊMES ARGUMENTS diffèrent 1166ms
   ✓ enrolerLaVm, moteur=postgres > 🔴 écrit l’EMPREINTE en base, JAMAIS le secret en clair 1096ms
   ✓ roterLeSecret, moteur=postgres > 🔴 (a) l'ANCIEN secret est refusé et le NEUF accepté, de bout en bout 1722ms
   ✓ roterLeSecret, moteur=postgres > 🔴 (b) le PRÉFIXE DE SESSION est inchangé — relu des deux côtés 1590ms
   ✓ roterLeSecret, moteur=postgres > 🔴 (b bis) le secret neuf est TIRÉ AU SORT : deux rotations diffèrent 1279ms
   ✓ roterLeSecret, moteur=postgres > 🔴 (c) une VM INCONNUE rend un refus MOTIVÉ, jamais une exception 740ms
stdout | src/http/routes-sante.test.ts > GET /sante > (a) base saine ⇒ 200 et `{"etat":"ok"}`
magasin d icones : /tmp/user/0/g2-icones-dXABQw/icones
magasin de tranches : /tmp/user/0/g3-tranches-1WZ0tD/televersements

stdout | src/http/routes-sante.test.ts > GET /sante > (b) base en échec ⇒ 503 et `{"etat":"degrade"}`
magasin d icones : /tmp/user/0/g2-icones-dXABQw/icones
magasin de tranches : /tmp/user/0/g3-tranches-1WZ0tD/televersements

 ✓ src/apps/catalogue.test.ts (8 tests) 25ms
 ✓ src/securite/frein.test.ts (11 tests) 29ms
 ✓ src/http/cors.test.ts (8 tests) 55ms
stdout | src/http/entetes-routeurs.test.ts > les en-têtes de sécurité, un routeur à la fois > (4) `routes-applications` les pose — le CINQUIÈME routeur, ajouté par G1
magasin d icones : /tmp/user/0/g2-icones-H3KsSd/icones
magasin de tranches : /tmp/user/0/g3-tranches-JcxRVi/televersements

stdout | src/http/routes-sante.test.ts > GET /sante > (c) 🔴 la réponse ne porte RIEN D'AUTRE
magasin d icones : /tmp/user/0/g2-icones-dXABQw/icones
magasin de tranches : /tmp/user/0/g3-tranches-1WZ0tD/televersements

 ✓ src/base/sous-ensemble.test.ts (17 tests) 33ms
 ✓ src/apps/icones.test.ts (10 tests) 49ms
(node:2609165) ExperimentalWarning: SQLite is an experimental feature and might change at any time
(Use `node --trace-warnings ...` to show where the warning was created)
stdout | src/http/entetes-routeurs.test.ts > les en-têtes de sécurité, un routeur à la fois > (5) `routes-sante` les pose
magasin d icones : /tmp/user/0/g2-icones-H3KsSd/icones
magasin de tranches : /tmp/user/0/g3-tranches-JcxRVi/televersements

 ✓ src/http/porteur.test.ts (6 tests) 18ms
(node:2609245) ExperimentalWarning: SQLite is an experimental feature and might change at any time
(Use `node --trace-warnings ...` to show where the warning was created)
stdout | src/http/entetes-routeurs.test.ts > les en-têtes de sécurité, un routeur à la fois > (6) 🔴 la réponse 200 de `/auth/connexion` porte `Cache-Control: no-store`
magasin d icones : /tmp/user/0/g2-icones-H3KsSd/icones
magasin de tranches : /tmp/user/0/g3-tranches-JcxRVi/televersements

(node:2609354) ExperimentalWarning: SQLite is an experimental feature and might change at any time
(Use `node --trace-warnings ...` to show where the warning was created)
stdout | src/index.test.ts > démarrage du service > ouvre le port et sert le relais quand la base est prête
magasin d icones : /tmp/user/0/g2-icones-eOBW4w/icones
magasin de tranches : /tmp/user/0/g3-tranches-qMhKVU/televersements

 ✓ src/index.test.ts (3 tests) 553ms
   ✓ démarrage du service > clôt au démarrage les sessions restées ouvertes, et dit combien 477ms
stdout | src/http/routes-sante.test.ts > GET /sante > (f) une méthode autre que GET rend 405
magasin d icones : /tmp/user/0/g2-icones-dXABQw/icones
magasin de tranches : /tmp/user/0/g3-tranches-1WZ0tD/televersements

stdout | src/http/entetes-routeurs.test.ts > les en-têtes de sécurité, un routeur à la fois > (6bis) `routes-icone` les pose — LE SIXIÈME ROUTEUR
magasin d icones : /tmp/user/0/g2-icones-H3KsSd/icones
magasin de tranches : /tmp/user/0/g3-tranches-JcxRVi/televersements

 ✓ src/http/routes-televersement-tranches.test.ts (3 tests) 2129ms
   ✓ routes de téléversement — déposer, moteur=postgres > dépose, relit l’état, et REDÉPOSER écrase (idempotence) 761ms
   ✓ routes de téléversement — déposer, moteur=postgres > 🔴 refuse une tranche au-delà du pas, et ne laisse AUCUN fichier 578ms
   ✓ routes de téléversement — déposer, moteur=postgres > refuse un rang qui n’est pas un entier, ou qui sort du plan 788ms
 ✓ src/http/adresse-source.test.ts (11 tests) 15ms
stdout | src/http/routes-sante.test.ts > GET /sante > (g) `/sante` n'est PAS authentifiée — aucun jeton n'est exigé
magasin d icones : /tmp/user/0/g2-icones-dXABQw/icones
magasin de tranches : /tmp/user/0/g3-tranches-1WZ0tD/televersements

 ✓ src/depot/jeton.test.ts (7 tests) 5139ms
   ✓ dépôt jeton_rafraichissement, moteur=postgres > émet un clair NEUF à chaque appel, et la base ne porte JAMAIS le clair 776ms
   ✓ dépôt jeton_rafraichissement, moteur=postgres > écrit expire_a à l’époque EXACTE attendue, sur ce moteur 676ms
   ✓ dépôt jeton_rafraichissement, moteur=postgres > tourne : le neuf vaut, l’ancien ne vaut plus, et la famille est la même 841ms
   ✓ dépôt jeton_rafraichissement, moteur=postgres > REJEU : tourner deux fois le même clair révoque TOUTE la famille 705ms
   ✓ dépôt jeton_rafraichissement, moteur=postgres > une famille révoquée refuse AUSSI le jeton neuf, et le motif le DIT 538ms
   ✓ dépôt jeton_rafraichissement, moteur=postgres > refuse un clair inconnu, et un jeton expiré — sur une horloge qui VARIE 756ms
   ✓ dépôt jeton_rafraichissement, moteur=postgres > annule la TRANSACTION si l’insertion neuve échoue : l’ancien reste valide 843ms
stdout | src/http/entetes-routeurs.test.ts > les en-têtes de sécurité, un routeur à la fois > (6ter) `routes-televersement` les pose — LE SEPTIÈME ROUTEUR
magasin d icones : /tmp/user/0/g2-icones-H3KsSd/icones
magasin de tranches : /tmp/user/0/g3-tranches-JcxRVi/televersements

stdout | src/http/routes-sante.test.ts > GET /sante > (h) un chemin voisin n'est PAS servi par la santé
magasin d icones : /tmp/user/0/g2-icones-dXABQw/icones
magasin de tranches : /tmp/user/0/g3-tranches-1WZ0tD/televersements

(node:2609756) ExperimentalWarning: SQLite is an experimental feature and might change at any time
(Use `node --trace-warnings ...` to show where the warning was created)
 ✓ src/orchestration/selection.test.ts (5 tests) 14ms
stdout | src/http/entetes-routeurs.test.ts > les en-têtes de sécurité, un routeur à la fois > (6quater) `routes-installation` les pose — LE HUITIÈME ROUTEUR
magasin d icones : /tmp/user/0/g2-icones-H3KsSd/icones
magasin de tranches : /tmp/user/0/g3-tranches-JcxRVi/televersements

 ✓ src/http/routes-sante.test.ts (10 tests) 6085ms
   ✓ GET /sante > (a) base saine ⇒ 200 et `{"etat":"ok"}` 933ms
   ✓ GET /sante > (c) 🔴 la réponse ne porte RIEN D'AUTRE 753ms
   ✓ GET /sante > (d) 🔴 N appels dans la période ne font QU’UNE requête 903ms
   ✓ GET /sante > (e) après la période, une NOUVELLE requête a lieu 528ms
   ✓ GET /sante > (d bis) 🔴 N appels CONCURRENTS ne font QU’UNE requête non plus 475ms
   ✓ GET /sante > (f) une méthode autre que GET rend 405 564ms
   ✓ GET /sante > (g) `/sante` n'est PAS authentifiée — aucun jeton n'est exigé 916ms
   ✓ GET /sante > (h) un chemin voisin n'est PAS servi par la santé 562ms
   ✓ GET /sante > (i) `servirSante` rend `false` sur un chemin qui n’est pas le sien 396ms
stdout | src/http/entetes-routeurs.test.ts > les en-têtes de sécurité, un routeur à la fois > (7) le 404 générique et le 500 les portent aussi
magasin d icones : /tmp/user/0/g2-icones-H3KsSd/icones
magasin de tranches : /tmp/user/0/g3-tranches-JcxRVi/televersements

 ✓ src/orchestration/interface.test.ts (4 tests) 11ms
 ✓ src/depot/agent.test.ts (8 tests) 7339ms
   ✓ dépôt agent_enrole, moteur=postgres > enrôle, puis relit par VM 1049ms
   ✓ dépôt agent_enrole, moteur=postgres > relit la MÊME ligne par son PRÉFIXE 1184ms
   ✓ dépôt agent_enrole, moteur=postgres > rend undefined sur un inconnu, SANS LEVER, des deux côtés 776ms
   ✓ dépôt agent_enrole, moteur=postgres > REFUSE un second enrôlement sur le MÊME préfixe 887ms
   ✓ dépôt agent_enrole, moteur=postgres > marque vu_a à une MAGNITUDE D’ÉPOQUE, et la relit EN `number` 616ms
   ✓ remplacerEmpreinte, moteur=postgres > remplace l'empreinte de la VM nommée, et rend le nombre de lignes touchées 1165ms
   ✓ remplacerEmpreinte, moteur=postgres > 🔴 NE TOUCHE PAS le préfixe de session — relu des DEUX côtés de l'appel 792ms
   ✓ remplacerEmpreinte, moteur=postgres > 🔴 ne touche AUCUNE autre VM, et ne lève pas sur une VM inconnue 866ms
 ✓ src/agents/enrolement.test.ts (5 tests) 4079ms
   ✓ enrôlement d'un agent, moteur=postgres > accepte le bon couple, et rend le préfixe de la VM 808ms
   ✓ enrôlement d'un agent, moteur=postgres > 🔴 refuse une VM INCONNUE et un SECRET FAUX du MÊME refus, mot pour mot 1000ms
   ✓ enrôlement d'un agent, moteur=postgres > journalise le refus AVEC le nom de VM demandé 974ms
   ✓ enrôlement d'un agent, moteur=postgres > 🔴 rend un refus, JAMAIS une exception, sur une empreinte TRONQUÉE 851ms
   ✓ enrôlement d'un agent, moteur=postgres > LAISSE PASSER l’exception d’un algorithme inconnu, sans la transformer en refus 432ms
stdout | src/http/entetes-routeurs.test.ts > les en-têtes de sécurité, un routeur à la fois > (8) la réponse préalable OPTIONS les porte aussi
magasin d icones : /tmp/user/0/g2-icones-H3KsSd/icones
magasin de tranches : /tmp/user/0/g3-tranches-JcxRVi/televersements

 ✓ src/http/entetes-routeurs.test.ts (11 tests) 9979ms
   ✓ les en-têtes de sécurité, un routeur à la fois > (1) `routes-auth` les pose — y compris sur une réponse d’ERREUR 1638ms
   ✓ les en-têtes de sécurité, un routeur à la fois > (2) `routes-vm` les pose 1019ms
   ✓ les en-têtes de sécurité, un routeur à la fois > (3) `routes-session` les pose 972ms
   ✓ les en-têtes de sécurité, un routeur à la fois > (4) `routes-applications` les pose — le CINQUIÈME routeur, ajouté par G1 979ms
   ✓ les en-têtes de sécurité, un routeur à la fois > (5) `routes-sante` les pose 956ms
   ✓ les en-têtes de sécurité, un routeur à la fois > (6) 🔴 la réponse 200 de `/auth/connexion` porte `Cache-Control: no-store` 799ms
   ✓ les en-têtes de sécurité, un routeur à la fois > (6bis) `routes-icone` les pose — LE SIXIÈME ROUTEUR 778ms
   ✓ les en-têtes de sécurité, un routeur à la fois > (6ter) `routes-televersement` les pose — LE SEPTIÈME ROUTEUR 1094ms
   ✓ les en-têtes de sécurité, un routeur à la fois > (6quater) `routes-installation` les pose — LE HUITIÈME ROUTEUR 666ms
   ✓ les en-têtes de sécurité, un routeur à la fois > (7) le 404 générique et le 500 les portent aussi 544ms
   ✓ les en-têtes de sécurité, un routeur à la fois > (8) la réponse préalable OPTIONS les porte aussi 529ms
 ✓ src/agents/prefixe.test.ts (7 tests) 154ms
 ✓ src/identite/mot-de-passe.test.ts (7 tests) 2095ms
   ✓ verifier > refuse un mot de passe faux 343ms
   ✓ verifier > rend false SANS LEVER sur une empreinte tronquée 669ms
   ✓ verifier > LÈVE sur un algorithme inconnu, plutôt que de rendre false 365ms
 ✓ src/signaling/ice.test.ts (6 tests) 21ms
 ✓ src/signaling/appariement.test.ts (5 tests) 21ms
 ✓ src/orchestration/refus.test.ts (4 tests) 14ms
 ✓ src/agents/fraicheur.test.ts (4 tests) 59ms
 ✓ src/base/pilote.test.ts (6 tests) 82ms
 ✓ src/depot/utilisateur.test.ts (5 tests) 3325ms
   ✓ dépôt utilisateur, moteur=postgres > crée un compte et le relit par courriel, à l’époque EXACTE écrite 691ms
   ✓ dépôt utilisateur, moteur=postgres > REFUSE un second compte au même courriel 710ms
   ✓ dépôt utilisateur, moteur=postgres > rend undefined sur un courriel inconnu, JAMAIS une exception 458ms
   ✓ dépôt utilisateur, moteur=postgres > remplace l’empreinte, et RIEN d’autre 639ms
   ✓ dépôt utilisateur, moteur=postgres > donne un identifiant distinct à chaque compte 825ms
 ✓ src/signaling/propriete.test.ts (5 tests) 14ms
(node:2611068) ExperimentalWarning: SQLite is an experimental feature and might change at any time
(Use `node --trace-warnings ...` to show where the warning was created)
 ✓ src/obs/journal.test.ts (8 tests) 39ms
 ✓ src/admin/creer-utilisateur.test.ts (5 tests) 41ms
 ✓ src/http/entetes.test.ts (3 tests) 8ms

 Test Files  58 passed (58)
      Tests  566 passed (566)
   Start at  13:56:55
   Duration  54.94s (transform 4.53s, setup 0ms, collect 15.65s, tests 320.03s, environment 44ms, prepare 14.78s)


==> plateforme : npm run typecheck

> @guacamole/plateforme@0.1.0 typecheck
> tsc --noEmit


══ 2 étape(s) sur 10 en ÉCHEC ══
  - cargo test --workspace
  - client : npm test
